,0,1,2,3,4,5,6,7,8,9,10,11,12,13,14,15,16,17,18,19,20,21,22,23,24,25,26,35,36,37,38,40,41,42,43,44,45,46,47,48,49,50,51,52,53,54,55,56,57,58,59,60,61,62,63,64,65,66,67,68,69,70,71,72,73,74,75,76,77,78,79,80,81,82,83,84,85,86,87,88,89,90,91,92,93,94,95,96,97,98,99,100,101,102,103,104,105,106,107,108,109,110,111,112,113,114,115,116,117,118,119,120,121,122,123,124,125,126,127,128,129,130,131,132,133,134,135,136,137,138,139,140,141,142,143,144,145,146,147,148,149,150,151,152,153,154,155,156,157,158,159,160,161,162,163,164,165,166,167,168,169,170,171,172,173,174,175,176,177,178,179,180,181,182,183,184,185,186,187,188,189,190,191,192,193,194,195,196,197,198,199,200,201,202,203,204,205,206,207,208,209,210,211,212,213,214,215,216,217,218,219,220,221,222,223,224,225,226,227,228,229,230,231,232,233,234,235,236,237,238,239,240,241,242,243,244,245,246,247,250,251,252,253,255,256,257
AMZN_20180706_20180803,0.092945536482382,0.05157835654166283,,0.1830274232005965,0.012238145075000201,0.17552103606743175,0.044233391401734774,0.22646144428759932,0.09220403766389948,0.10218361890127445,0.10915624359383364,0.05913707842410137,,,,,,,,,,,,,,,,,,,,,,,,,,,,,,,,,,,,,,,,,,,,,,,,,,,,,,,,,,,,,,,,,,,,,,,,,,,,,,,,,,,,,,,,,,,,,,,,,,,,,,,,,,,,,,,,,,,,,,,,,,,,,,,,,,,,,,,,,,,,,,,,,,,,,,,,,,,,,,,,,,,,,,,,,,,,,,,,,,,,,,,,,,,,,,,,,,,,,,,,,,,,,,,,,,,,,,,,,,,,,,,,,,,,,,,,,,
AMZN_20191206_20200103,0.007594196033116146,0.009595960476848705,0.1365576723035779,0.0054105485378026655,0.0667545572207173,0.03152444922841425,,0.0645129792504478,0.12750198891292122,0.0020606420647551627,-0.005590330376897284,0.08836489620609056,,,,,,,,,,,,,,,,,,,,,,,,,,,,,,,,,,,,,,,,,,,,,,,,,,,,,,,,,,,,,,,,,,,,,,,,,,,,,,,,,,,,,,,,,,,,,,,,,,,,,,,,,,,,,,,,,,,,,,,,,,,,,,,,,,,,,,,,,,,,,,,,,,,,,,,,,,,,,,,,,,,,,,,,,,,,,,,,,,,,,,,,,,,,,,,,,,,,,,,,,,,,,,,,,,,,,,,,,,,,,,,,,,,,,,,,,,
AMZN_20200306_20200403,0.9406790016045233,0.8323589372510976,0.8789788295590966,0.8779224768101273,0.8974287267901053,0.931445608596767,0.8861061934593542,0.7692271442703331,0.8720378199155968,0.8553415758216092,0.9271620796779042,0.9415430246724219,0.9497067811880208,0.9330463858209987,,0.933566027478153,0.9766028531530916,,,,,,,,,,,,,,,,,,,,,,,,,,,,,,,,,,,,,,,,,,,,,,,,,,,,,,,,,,,,,,,,,,,,,,,,,,,,,,,,,,,,,,,,,,,,,,,,,,,,,,,,,,,,,,,,,,,,,,,,,,,,,,,,,,,,,,,,,,,,,,,,,,,,,,,,,,,,,,,,,,,,,,,,,,,,,,,,,,,,,,,,,,,,,,,,,,,,,,,,,,,,,,,,,,,,,,,,,,,,,,,,,,,,,
AMZN_20200409_20200501,0.07496878698456612,0.016342072470079023,0.012956827011504463,0.048897505453361766,0.1484156631366055,0.11550118753712948,0.14893957692051182,0.041579000367107814,0.09146075497893288,0.1818565345463414,0.11224553618606455,0.22127054575072808,0.16614945608488008,0.11697469372727032,0.262930147009271,0.18619299193458172,0.33369081337813933,0.23301661374120894,0.28370375190270825,0.3544317476152181,0.8970577161502302,,,,,,,,,,,,,,,,,,,,,,,,,,,,,,,,,,,,,,,,,,,,,,,,,,,,,,,,,,,,,,,,,,,,,,,,,,,,,,,,,,,,,,,,,,,,,,,,,,,,,,,,,,,,,,,,,,,,,,,,,,,,,,,,,,,,,,,,,,,,,,,,,,,,,,,,,,,,,,,,,,,,,,,,,,,,,,,,,,,,,,,,,,,,,,,,,,,,,,,,,,,,,,,,,,,,,,,,,,,,,,,,,
AMZN_20200612_20200702,-7.246935092914097e-05,0.06895562547738686,0.48966070480585067,0.07446456918907159,0.01970555933695262,0.01944668993479573,0.018778641344945057,0.023776296425353848,0.024104162030862866,0.03276103921770122,0.007874219493653026,0.006352770489744894,0.042369789345744965,0.031611287332938526,,0.2796905214455295,0.0212078777482352,,,,,,,,,,,,,,,,,,,,,,,,,,,,,,,,,,,,,,,,,,,,,,,,,,,,,,,,,,,,,,,,,,,,,,,,,,,,,,,,,,,,,,,,,,,,,,,,,,,,,,,,,,,,,,,,,,,,,,,,,,,,,,,,,,,,,,,,,,,,,,,,,,,,,,,,,,,,,,,,,,,,,,,,,,,,,,,,,,,,,,,,,,,,,,,,,,,,,,,,,,,,,,,,,,,,,,,,,,,,,,,,,,,,,
AMZN_20200904_20201002,1.0,1.0,1.0,1.0,1.0,1.0,1.0,1.0,1.0,1.0,1.0,1.0,1.0,1.0,1.0,1.0,1.0,,,,,,,,,,,,,,,,,,,,,,,,,,,,,,,,,,,,,,,,,,,,,,,,,,,,,,,,,,,,,,,,,,,,,,,,,,,,,,,,,,,,,,,,,,,,,,,,,,,,,,,,,,,,,,,,,,,,,,,,,,,,,,,,,,,,,,,,,,,,,,,,,,,,,,,,,,,,,,,,,,,,,,,,,,,,,,,,,,,,,,,,,,,,,,,,,,,,,,,,,,,,,,,,,,,,,,,,,,,,,,,,,,,,,
AMZN_20210604_20210702,0.09948909518060428,0.050130770401999376,0.0015987006755651253,0.00323567361478776,,15.890919636661373,-0.03373477653433645,0.020596464908802622,0.024155034608586437,0.005792868472733413,0.0025704447717473594,0.02365310660138835,-0.038690158240924616,0.05587189203298106,0.1438230367672338,-0.10615957604401081,0.05342832512536289,,,,,,,,,,,,,,,,,,,,,,,,,,,,,,,,,,,,,,,,,,,,,,,,,,,,,,,,,,,,,,,,,,,,,,,,,,,,,,,,,,,,,,,,,,,,,,,,,,,,,,,,,,,,,,,,,,,,,,,,,,,,,,,,,,,,,,,,,,,,,,,,,,,,,,,,,,,,,,,,,,,,,,,,,,,,,,,,,,,,,,,,,,,,,,,,,,,,,,,,,,,,,,,,,,,,,,,,,,,,,,,,,,,,,
AMZN_20210806_20210903,3.7917941437774996e-05,0.11837794317604484,-0.6297748551952843,0.03397140285364936,0.07662472243084405,0.19923246094274993,0.06951054683565198,0.25608314766578893,0.1775487856836379,0.4323465949941259,0.3552949198186322,0.20436116536433946,,,,,,,,,,,,,,,,,,,,,,,,,,,,,,,,,,,,,,,,,,,,,,,,,,,,,,,,,,,,,,,,,,,,,,,,,,,,,,,,,,,,,,,,,,,,,,,,,,,,,,,,,,,,,,,,,,,,,,,,,,,,,,,,,,,,,,,,,,,,,,,,,,,,,,,,,,,,,,,,,,,,,,,,,,,,,,,,,,,,,,,,,,,,,,,,,,,,,,,,,,,,,,,,,,,,,,,,,,,,,,,,,,,,,,,,,,
AMZN_20211126_20211203,1.0,,1.0,1.0,1.0,1.0,1.0,1.0,1.0,1.0,1.0,1.0,1.0,1.0,1.0,1.0,1.0,1.0,1.0,1.0,1.0,1.0,1.0,1.0,1.0,1.0,1.0,,,,,,,,,,,,,,,,,,,,,,,,,,,,,,,,,,,,,,,,,,,,,,,,,,,,,,,,,,,,,,,,,,,,,,,,,,,,,,,,,,,,,,,,,,,,,,,,,,,,,,,,,,,,,,,,,,,,,,,,,,,,,,,,,,,,,,,,,,,,,,,,,,,,,,,,,,,,,,,,,,,,,,,,,,,,,,,,,,,,,,,,,,,,,,,,,,,,,,,,,,,,,,,,,,,,,,,,,,,
AMZN_20220506_20220603,0.12965389893721166,0.1683830148411868,0.63877129718639,0.12567399724247733,0.23951436386987032,0.023168694727851696,-1.2939453716126543,2.021174059772789,0.5854836151307722,0.5452918762518971,1.2085897398844514,1.384332821469225,,,,,,,,,,,,,,,,,,,,,,,,,,,,,,,,,,,,,,,,,,,,,,,,,,,,,,,,,,,,,,,,,,,,,,,,,,,,,,,,,,,,,,,,,,,,,,,,,,,,,,,,,,,,,,,,,,,,,,,,,,,,,,,,,,,,,,,,,,,,,,,,,,,,,,,,,,,,,,,,,,,,,,,,,,,,,,,,,,,,,,,,,,,,,,,,,,,,,,,,,,,,,,,,,,,,,,,,,,,,,,,,,,,,,,,,,,
AMZN_20221104_20221202,0.8007368322378323,0.7882873660677644,0.7623625352285737,0.7733662922197116,0.7834546496667839,0.7857486126958863,0.7753836725708679,0.7976178122268157,0.8079800319703594,0.7954602894024125,0.8114444866822567,0.7870852846001111,0.8118720110447972,0.8333845138809725,0.8253731050138934,0.8457219530124952,0.8110519180069367,,,,,,,,,,,,,,,,,,,,,,,,,,,,,,,,,,,,,,,,,,,,,,,,,,,,,,,,,,,,,,,,,,,,,,,,,,,,,,,,,,,,,,,,,,,,,,,,,,,,,,,,,,,,,,,,,,,,,,,,,,,,,,,,,,,,,,,,,,,,,,,,,,,,,,,,,,,,,,,,,,,,,,,,,,,,,,,,,,,,,,,,,,,,,,,,,,,,,,,,,,,,,,,,,,,,,,,,,,,,,,,,,,,,,
AMZN_20230106_20230203,,,,,,0.47408104934607026,0.3474356185800611,0.3542864305321984,0.3723672322515771,,0.3122965173038477,0.37781132157611197,,,,,,,,,,,,,,,,,,,,,,,,,,,,,,,,,,,,,,,,,,,,,,,,,,,,,,,,,,,,,,,,,,,,,,,,,,,,,,,,,,,,,,,,,,,,,,,,,,,,,,,,,,,,,,,,,,,,,,,,,,,,,,,,,,,,,,,,,,,,,,,,,,,,,,,,,,,,,,,,,,,,,,,,,,,,,,,,,,,,,,,,,,,,,,,,,,,,,,,,,,,,,,,,,,,,,,,,,,,,,,,,,,,,,,,,,,
AMZN_20230127_20230210,,,,,,,,,,,,,,,,,,,,,1.0,1.0,,,,,,,,,,,,,,,,,,,,,,,,,,,,,,,,,,,,,,,,,,,,,,,,,,,,,,,,,,,,,,,,,,,,,,,,,,,,,,,,,,,,,,,,,,,,,,,,,,,,,,,,,,,,,,,,,,,,,,,,,,,,,,,,,,,,,,,,,,,,,,,,,,,,,,,,,,,,,,,,,,,,,,,,,,,,,,,,,,,,,,,,,,,,,,,,,,,,,,,,,,,,,,,,,,,,,,,,,,,,,,,,
AMZN_20230217_20230317,,,,,,,,,,,,,,,,,,,,,,,,,,,,0.9205037235157916,0.9109514797253044,0.9182348681800752,0.9215686072911273,0.9366056708060398,0.9109349061441376,0.9019095440251083,0.8910277550225162,0.902898515711283,0.8931473117905182,0.9005463884281151,0.8843031180014285,0.8960483032311115,0.9062615208065118,0.8899785222399043,0.8981613323192537,0.9092499331985624,0.8915224620472911,0.8900734937366366,0.8806687780024167,0.8801063936631011,0.8814287689579183,0.8846840478279738,0.8903783281089093,0.8860942032197633,,0.8824785985181376,0.8872996070132212,0.8846708360253034,0.9237784040289045,0.8975149268522481,0.8883641385396751,0.8887358096395814,0.9307728062124425,0.8941263343458005,0.8831417475421798,0.8967533256468558,0.8804029191507723,0.8939736867323953,0.8875262133319091,0.8965435225587715,0.8778116291669245,0.8851115161394935,0.9023318386997772,0.8975349436369224,0.9088349669481768,0.8960168848623158,0.903986236663875,0.9291864575100021,0.9366101459389155,0.9309313705323089,0.8897849451600176,0.8960168848623158,0.9037189147371977,0.8944581705451103,0.9191552348216151,0.9143471551515147,0.903477705356179,0.8852601614190402,0.9131119323256376,0.8886041083217685,0.9025557515711649,0.919388370382188,0.8765498035032835,0.9054058052567105,0.9105766950063338,0.8927124772824734,0.8733161975953797,0.8879773189308364,0.8877550106940197,0.9025038846832568,0.9069155905228138,0.9092383455890762,0.8870817514825953,0.9251206081858966,0.899407119520475,0.9379599084995556,0.9108536458079323,0.94724239945723,0.9022345742710289,0.9254969459428238,0.9237028471189747,0.9119230365916375,,0.9234326466427297,0.917499082404199,0.9154903195901994,0.9250301724903911,0.9143577437705396,0.9214185570390818,0.9273478368418326,0.9233684837271687,0.8725979421910851,0.9281096590954345,0.9285068533526644,0.9487104061667293,0.9148595692589904,0.9125309099686383,0.9163322086208782,0.8916543323500112,0.9278982312306429,0.9420265204251037,0.9369986567526427,0.9136505597118324,0.9432054850164976,0.9447435681004872,0.9169538263723779,0.8932469801057029,0.8870428642145276,0.9280623870259737,0.9163066714180346,0.9256357332424655,0.8933259795198984,0.9328440201518587,0.9231896835731257,0.9155475835921244,0.9205140459072944,0.9185529785107991,0.888763304166622,0.908126038896232,0.9398496738493649,0.9362229888902037,0.9369725358251892,,,,,,,,,,,,,,,,,,,,,,,,,,,,,,,,,,,,,,,,,,,,,,,,,,,,,,,,,,,,,,,,,,,,,,,,,,,,,,,,,,,,,,,,,,,,,,,,
AMZN_20230317_20230421,,,,,,,,,,,,,,,,,,,,,,,,,,,,,,,,,,,,,,,,,,,,,,,0.6869636115830453,0.7132308639400752,0.7449230004776255,0.6722485516983748,,0.7330854125203797,0.7351896290761727,0.707606688845915,0.7148920687442981,0.6995120073867392,0.6886613410353474,0.7233808445472059,0.6742521447725369,0.7407646608713481,0.7030987935597778,0.7595422041293259,0.7446817964257608,0.7383054061764616,0.7595422041293259,0.6565644739306881,0.7368199413060404,0.6485307569150601,0.6399972972558781,0.6736977080461962,0.7232753929437555,0.7256326108775829,,0.7360564581553722,0.6640086487521812,0.6724972106269445,0.6666864366710219,0.6683409632764019,0.6493444275180613,0.6032577650164569,0.6519842081649382,0.6308963018100192,0.7116654209429175,0.6804850986396522,0.7122352255438977,0.665399531950966,0.6748157771948567,0.6716065057049171,0.7272708914964764,0.5861191088761182,0.5660124264675881,0.5941952809803202,0.6805124910748862,0.6127990341757563,0.7065518508785849,0.6666259655556462,0.6706652294043713,0.6279096195885159,0.6950362314696972,0.7111833058472773,0.6792741864762485,0.6555324527548488,0.6210677834166077,0.6406711055020511,0.6730863120261809,0.6255383331621197,0.6996048012983722,0.6516178452438458,0.6577148353862896,0.6457376517093999,0.7081676543408543,0.5953498646110461,0.7457392839116752,0.6501236794321409,0.6683648095565754,0.660253215443064,0.6344088724247073,0.7000815090836986,0.6545390505287133,0.7119908933552781,0.7236921597804381,0.6873940704973026,0.6836432726632246,0.7641002441972348,0.7363335310735428,0.7595624392604508,0.74891857875366,0.7659731438027477,0.7430970207437989,0.7112519091123114,,0.7352497682753187,0.7369390871693727,0.7520274041603944,0.7563273023947606,0.7459427251238241,0.7587330477218489,0.7662084239597381,0.7658040578635551,0.7606566860893665,0.760138683558214,0.7472433154575754,0.7675447966818647,,,,,,,,,,,,,,,,,,,,,,,,,,,,,,,,,,,,,,,,,,,,,,,,,,,,,,,,,,,,,,,,,,,,,,,,,,,,,,,,,,,,,,,,,,,,,,,,,,,,,,,
AMZN_20230616_20230721,,,,,,,,,,,,,,,,,,,,,,,,,,,,,,,,,,,,,,,,,,,,,,,,,,,,,,,,,,,,,,,,,,,,,,,,,,,,,,,,,,,,,,,,,,,,,,,,,,,,,,,,,,,,,,,,0.8924082911353182,0.891318745889974,0.9043806364526694,0.9014985145909409,,0.8934354133419711,0.9059411048049474,0.9021101633720449,0.9014985145909409,0.8963452173266375,0.8874607311543627,0.8920219488878947,0.8810109721335522,0.8925443854400414,0.8964162284369693,0.9017434558622821,0.8810109721335522,0.8893972470848664,0.8790873424932522,0.8731097394728304,0.8718958719038723,0.8728165847226558,0.8579408543616643,0.8603981409846231,0.888676943187394,0.8895164425991297,,0.884531076100396,0.8918966001158417,0.8780860601799734,0.8777901952450959,0.8701579258606119,0.8740670427288314,0.8660430207792517,0.8573134021287974,0.85496187045685,0.8648143234170075,0.8758288189825908,0.886826630296182,0.8693047254867067,0.8928944280849134,0.8606259332907601,0.8742281091745561,0.8687402082427628,0.8511210531831594,0.8199803366325666,0.7968766641024053,0.8696674186416964,0.8514313953314052,0.8540796144717142,0.8229748258344441,0.862345807503596,0.864537599235595,0.8537542902782409,0.8570555562818686,0.8665206787760676,0.8526475870581456,0.8679487348310261,0.8687193923526109,0.8613244239439266,0.8665448798454711,0.8637550034636987,0.8483846712587768,0.8456911359251251,0.8247125050820673,0.8082175253030962,0.8648594599322487,0.8654297531595172,0.867685476783545,0.8786078769798548,0.798444983468163,0.8343948627037208,0.8571146638147381,0.8534843086377292,0.8513461544783167,0.8599520915019411,0.865214813707035,0.8648713099234372,0.871319563217268,0.8769714826528703,0.8707328587619945,0.8622885933831439,0.870219764271347,0.8602272428524954,,0.8671208228876918,0.870961087949755,0.8691844629170602,0.8543537235435071,0.8697891125787496,0.8539226511922067,0.8730635260485546,0.8750812418531103,0.8693737458467332,0.8608612732903995,0.8760067566392614,0.8865595079447651,0.8820126076934847,0.8817103553387835,0.8875933888834883,0.8833117870469849,0.8833481398433384,0.8799529334647054,0.8838823475077552,0.8777284978139265,0.8774191964487997,0.8710740649794514,0.8785167986458171,0.8730534951079231,0.8751266415394019,0.8605661920492546,0.8633793853323349,0.8596794745534826,0.8583731258427376,0.8638467420372832,0.8596794745534826,0.8636776760955654,0.8613084584028605,0.8624039676878152,0.8631722227904154,0.8631515009684138,0.8830646054264777,0.8631477944371859,0.8618832506993055,0.877438200640615,0.8736957815565922,0.8618832506993055,0.874219405528599,,,,,,,
AMZN_20230915_20231020,,,,,,,,,,,,,,,,,,,,,,,,,,,,,,,,,,,,,,,,,,,,,,,,,,,,,,,,,,,,,,,,,,,,,,,,,,,,,,,,,,,,,,,,,,,,,,,,,,,,,,,,,,,,,,,,,,,,,,,,,,,,,,,,,,,,,,,,,,,,,,,,,,,,,,,,,,,,,,,,,,,,,,,,,,,,,,,,,1.0,1.0,1.0,1.0,,1.0,1.0,1.0,1.0,1.0,1.0,1.0,1.0,1.0,1.0,1.0,1.0,1.0,1.0,1.0,1.0,1.0,1.0,1.0,1.0,1.0,,1.0,1.0,1.0,1.0,1.0,1.0,1.0,1.0,1.0,1.0,1.0,1.0,1.0,1.0,1.0,,,,,,,,,,,,,,,,,,,,,,,,,,,,
GOOGL_20180706_20180803,0.11721747304379165,0.0488446220671349,,0.21297365465923535,0.08831734824323964,0.10387514573861088,0.1254199385851124,0.1751611279368225,0.1299256669120949,0.11379776264180305,0.063803119272998,0.09011519596153544,,,,,,,,,,,,,,,,,,,,,,,,,,,,,,,,,,,,,,,,,,,,,,,,,,,,,,,,,,,,,,,,,,,,,,,,,,,,,,,,,,,,,,,,,,,,,,,,,,,,,,,,,,,,,,,,,,,,,,,,,,,,,,,,,,,,,,,,,,,,,,,,,,,,,,,,,,,,,,,,,,,,,,,,,,,,,,,,,,,,,,,,,,,,,,,,,,,,,,,,,,,,,,,,,,,,,,,,,,,,,,,,,,,,,,,,,,
GOOGL_20191206_20200103,0.4032982863449633,0.6467313772428597,0.4904277572590736,0.5746022091240824,0.5658792828662814,0.8081848713986007,,0.797469211990521,0.5280349062632881,0.6698577126922839,0.5535290094822648,0.6444292093184029,,,,,,,,,,,,,,,,,,,,,,,,,,,,,,,,,,,,,,,,,,,,,,,,,,,,,,,,,,,,,,,,,,,,,,,,,,,,,,,,,,,,,,,,,,,,,,,,,,,,,,,,,,,,,,,,,,,,,,,,,,,,,,,,,,,,,,,,,,,,,,,,,,,,,,,,,,,,,,,,,,,,,,,,,,,,,,,,,,,,,,,,,,,,,,,,,,,,,,,,,,,,,,,,,,,,,,,,,,,,,,,,,,,,,,,,,,
GOOGL_20200306_20200403,1.0,1.0,1.0,1.0,1.0,1.0,1.0,1.0,1.0,1.0,1.0,1.0,1.0,1.0,,1.0,1.0,,,,,,,,,,,,,,,,,,,,,,,,,,,,,,,,,,,,,,,,,,,,,,,,,,,,,,,,,,,,,,,,,,,,,,,,,,,,,,,,,,,,,,,,,,,,,,,,,,,,,,,,,,,,,,,,,,,,,,,,,,,,,,,,,,,,,,,,,,,,,,,,,,,,,,,,,,,,,,,,,,,,,,,,,,,,,,,,,,,,,,,,,,,,,,,,,,,,,,,,,,,,,,,,,,,,,,,,,,,,,,,,,,,,,
GOOGL_20200409_20200501,0.0295639817463849,0.034308668533524225,0.06509829989567253,0.1470664122490904,0.3865945534135352,0.6006418904791564,0.29307782951039413,0.5508182872955233,0.18687027848237284,0.5950603179943201,0.402939882894249,0.35617102494891595,0.2768516953204864,0.41854310195704836,0.5867352007512581,0.5618830612418811,0.5957021884199546,0.5336413533136778,0.3681364760405471,0.4146907420473945,0.9456038188876374,,,,,,,,,,,,,,,,,,,,,,,,,,,,,,,,,,,,,,,,,,,,,,,,,,,,,,,,,,,,,,,,,,,,,,,,,,,,,,,,,,,,,,,,,,,,,,,,,,,,,,,,,,,,,,,,,,,,,,,,,,,,,,,,,,,,,,,,,,,,,,,,,,,,,,,,,,,,,,,,,,,,,,,,,,,,,,,,,,,,,,,,,,,,,,,,,,,,,,,,,,,,,,,,,,,,,,,,,,,,,,,,,
GOOGL_20200612_20200702,0.3781931758556594,0.3336438025078975,0.21503854601890743,0.26843946335349184,0.4520703004760781,0.2541252389444726,0.36747360194605605,0.3581011905669626,0.39430457073773306,0.30613388082437587,0.3733718315936144,0.540219767384371,0.3459955673858545,0.396019147976529,,0.6064512535368696,0.22528961933974434,,,,,,,,,,,,,,,,,,,,,,,,,,,,,,,,,,,,,,,,,,,,,,,,,,,,,,,,,,,,,,,,,,,,,,,,,,,,,,,,,,,,,,,,,,,,,,,,,,,,,,,,,,,,,,,,,,,,,,,,,,,,,,,,,,,,,,,,,,,,,,,,,,,,,,,,,,,,,,,,,,,,,,,,,,,,,,,,,,,,,,,,,,,,,,,,,,,,,,,,,,,,,,,,,,,,,,,,,,,,,,,,,,,,,
GOOGL_20200904_20201002,1.0,1.0,1.0,1.0,1.0,1.0,,1.0,1.0,1.0,1.0,1.0,1.0,1.0,1.0,1.0,1.0,,,,,,,,,,,,,,,,,,,,,,,,,,,,,,,,,,,,,,,,,,,,,,,,,,,,,,,,,,,,,,,,,,,,,,,,,,,,,,,,,,,,,,,,,,,,,,,,,,,,,,,,,,,,,,,,,,,,,,,,,,,,,,,,,,,,,,,,,,,,,,,,,,,,,,,,,,,,,,,,,,,,,,,,,,,,,,,,,,,,,,,,,,,,,,,,,,,,,,,,,,,,,,,,,,,,,,,,,,,,,,,,,,,,,
GOOGL_20210604_20210702,0.008337861708052317,0.4813848441887168,0.0994071952742534,0.3307635950284765,,0.32581854749770256,0.48138484418871674,0.2862456025152293,0.08915217516176659,0.5478283111321537,0.6282523742249232,0.23695529398805015,0.37785694389416336,0.6154401173372769,0.3102655692673919,0.6273058295757468,0.5157443075708619,,,,,,,,,,,,,,,,,,,,,,,,,,,,,,,,,,,,,,,,,,,,,,,,,,,,,,,,,,,,,,,,,,,,,,,,,,,,,,,,,,,,,,,,,,,,,,,,,,,,,,,,,,,,,,,,,,,,,,,,,,,,,,,,,,,,,,,,,,,,,,,,,,,,,,,,,,,,,,,,,,,,,,,,,,,,,,,,,,,,,,,,,,,,,,,,,,,,,,,,,,,,,,,,,,,,,,,,,,,,,,,,,,,,,
GOOGL_20210806_20210903,0.23024994364276083,0.23226723327337365,0.303624551114511,0.28204188783129125,0.31845429967765415,0.21035395174284593,0.0010080099189902173,0.016410566538102918,0.22704274850044037,0.20654110655178706,0.11887075665145096,0.2650776104544407,,,,,,,,,,,,,,,,,,,,,,,,,,,,,,,,,,,,,,,,,,,,,,,,,,,,,,,,,,,,,,,,,,,,,,,,,,,,,,,,,,,,,,,,,,,,,,,,,,,,,,,,,,,,,,,,,,,,,,,,,,,,,,,,,,,,,,,,,,,,,,,,,,,,,,,,,,,,,,,,,,,,,,,,,,,,,,,,,,,,,,,,,,,,,,,,,,,,,,,,,,,,,,,,,,,,,,,,,,,,,,,,,,,,,,,,,,
GOOGL_20211126_20211203,1.0,,1.0,1.0,1.0,1.0,1.0,1.0,1.0,1.0,1.0,1.0,1.0,1.0,1.0,1.0,1.0,1.0,1.0,1.0,1.0,1.0,1.0,1.0,1.0,1.0,1.0,,,,,,,,,,,,,,,,,,,,,,,,,,,,,,,,,,,,,,,,,,,,,,,,,,,,,,,,,,,,,,,,,,,,,,,,,,,,,,,,,,,,,,,,,,,,,,,,,,,,,,,,,,,,,,,,,,,,,,,,,,,,,,,,,,,,,,,,,,,,,,,,,,,,,,,,,,,,,,,,,,,,,,,,,,,,,,,,,,,,,,,,,,,,,,,,,,,,,,,,,,,,,,,,,,,,,,,,,,,
GOOGL_20220506_20220603,1.0,1.0,1.0,1.0,1.0,1.0,1.0,1.0,1.0,1.0,1.0,1.0,,,,,,,,,,,,,,,,,,,,,,,,,,,,,,,,,,,,,,,,,,,,,,,,,,,,,,,,,,,,,,,,,,,,,,,,,,,,,,,,,,,,,,,,,,,,,,,,,,,,,,,,,,,,,,,,,,,,,,,,,,,,,,,,,,,,,,,,,,,,,,,,,,,,,,,,,,,,,,,,,,,,,,,,,,,,,,,,,,,,,,,,,,,,,,,,,,,,,,,,,,,,,,,,,,,,,,,,,,,,,,,,,,,,,,,,,,
GOOGL_20221104_20221202,0.4417572064144839,0.4147952898526791,0.3674625428322393,0.34923387906702164,0.31272644688418794,0.26472121019847267,0.33772360496319925,0.2509192404790816,0.30052528074559887,0.2538861978013496,0.23036109861340445,0.26697740387860686,0.42275739268960777,0.2563033034587718,0.2557098648903628,0.5128992196566753,0.32709394078931314,,,,,,,,,,,,,,,,,,,,,,,,,,,,,,,,,,,,,,,,,,,,,,,,,,,,,,,,,,,,,,,,,,,,,,,,,,,,,,,,,,,,,,,,,,,,,,,,,,,,,,,,,,,,,,,,,,,,,,,,,,,,,,,,,,,,,,,,,,,,,,,,,,,,,,,,,,,,,,,,,,,,,,,,,,,,,,,,,,,,,,,,,,,,,,,,,,,,,,,,,,,,,,,,,,,,,,,,,,,,,,,,,,,,,
GOOGL_20230106_20230203,,,,,,0.39987965657113117,0.33574168760038714,0.3555762919403164,0.297703577669472,,0.34463553939319796,0.35058050343168334,,,,,,,,,,,,,,,,,,,,,,,,,,,,,,,,,,,,,,,,,,,,,,,,,,,,,,,,,,,,,,,,,,,,,,,,,,,,,,,,,,,,,,,,,,,,,,,,,,,,,,,,,,,,,,,,,,,,,,,,,,,,,,,,,,,,,,,,,,,,,,,,,,,,,,,,,,,,,,,,,,,,,,,,,,,,,,,,,,,,,,,,,,,,,,,,,,,,,,,,,,,,,,,,,,,,,,,,,,,,,,,,,,,,,,,,,,
GOOGL_20230127_20230210,,,,,,,,,,,,,,,,,,,,,1.0,1.0,,,,,,,,,,,,,,,,,,,,,,,,,,,,,,,,,,,,,,,,,,,,,,,,,,,,,,,,,,,,,,,,,,,,,,,,,,,,,,,,,,,,,,,,,,,,,,,,,,,,,,,,,,,,,,,,,,,,,,,,,,,,,,,,,,,,,,,,,,,,,,,,,,,,,,,,,,,,,,,,,,,,,,,,,,,,,,,,,,,,,,,,,,,,,,,,,,,,,,,,,,,,,,,,,,,,,,,,,,,,,,,,
GOOGL_20230217_20230317,,,,,,,,,,,,,,,,,,,,,,,,,,,,0.6858154032590014,0.6764847670625146,0.6621790348404932,0.6515489856117977,0.6890193090341032,0.685565548111875,0.7531635581293024,0.5994243377214544,0.6397752246012054,0.665241689051843,0.6182945187983194,0.5796376229908425,0.5894444112594397,0.6522193916695067,0.6076712071541776,0.5871862906180341,0.5668742122658088,0.5694573114382402,0.5644105135980446,0.6508889000839975,0.5792176703951677,0.7436090178723946,0.5346175431957277,0.5924486612701884,0.5809096457501269,,0.5276669481888531,0.5894290296307453,0.6426909786140994,0.5762257773161795,0.5024526515941554,0.6054928651897192,0.5182948138960557,0.7476420914147144,0.7432577787387105,0.6569473228869614,0.7492091589527768,0.652865787105034,0.6253871604151154,0.6752731173449467,0.6524790013963471,0.6661889929258236,0.6239966193282462,0.5640182720143805,0.5962012762875036,0.6307546870452516,0.5307984307002542,0.7355489756816675,0.6403339934144864,0.6343954809822154,0.5988237196381504,0.6742905021175227,0.6500427162092417,0.6399819993825382,0.5963539974432058,0.6327819881088995,0.6495430810875069,0.6794543934920944,0.6444382319294336,0.5562946259116123,0.6886417768629254,0.5538843446717326,0.5302430953533281,0.6183781139939453,0.541475044315089,0.6331015584330014,0.5427089782919187,0.5811558997479589,0.5790412183259346,0.546799956816551,0.5662559780031303,0.5690026662985099,0.5886875938641307,0.6482731493412314,0.7084103533138232,0.7480412972446436,0.7176781751645656,0.7456238601206434,0.5821310471610978,0.6170758218969317,0.7545631338564581,0.628985252424295,0.5978373213447989,,0.6259098362405938,0.6501767999551231,0.6625425871543944,0.7559158454820792,0.6504892891284665,0.5917797712756458,0.7699359933172419,0.771583780575662,0.6470689511594021,0.6401934031653732,0.64866857574311,0.7752218317467486,0.6390028326176256,0.7086236197458805,0.6690888214006675,0.6824120007038262,0.5576391426535596,0.6623935878363603,0.7450031883916709,0.5664782695045752,0.6574418390077923,0.6514944852321827,0.6217638860560623,,,,,,,,,,,,,,,,,,,,,,,,,,,,,,,,,,,,,,,,,,,,,,,,,,,,,,,,,,,,,,,,,,,,,,,,,,,,,,,,,,,,,,,,,,,,,,,,,,,,,,,,,,,,,,,,
GOOGL_20230317_20230421,,,,,,,,,,,,,,,,,,,,,,,,,,,,,,,,,,,,,,,,,,,,,,,0.8736659558224545,0.8760259255522201,0.8808391297858837,0.8829719571971425,,0.8790574444348327,0.8819948985640064,0.8630053394062782,0.8780669229360832,0.8734417929789704,0.8768925548428937,0.8527790975842073,0.8614039246908293,0.8664892291865757,0.8127871695734059,0.8772628537277775,0.87228742235317,0.8717872491147551,0.8661328758669428,0.853860841628684,0.8661626970801004,0.8662881341156072,0.8593507190577035,0.8706503053815664,0.8723577869734392,0.8711488997779356,,0.8651433630564008,0.8699527416701517,0.87071843659544,0.8591533589616472,0.8378191607844723,0.8601120232484465,0.8597889702328795,0.8538292780599882,0.8651690448255545,0.8383384995532551,0.8676968148444923,0.8734191228015932,0.8796366240949531,0.8566639031418095,0.8816859496843196,0.8770202650355853,0.8672748789063195,0.8675385334380286,0.8080420948040848,0.8600915007934277,0.830488159566521,0.854281583894382,0.8392685175247293,0.8600456766069987,0.8591045075471127,0.8549549814948166,0.8180354195660705,0.847301319367718,0.864728364047967,0.7973288712404677,0.7654059095670389,0.8470482238905505,0.8550387636612433,0.852564636411568,0.860224070484148,0.860498666192293,0.8606800607558722,0.8539138937131626,0.8657136311999688,0.8551631602568165,0.8462407235966614,0.8665903793203608,0.8606471585560832,0.8481569550133731,0.8542907265607604,0.8528759459604349,0.8381235551619333,0.860276891063806,0.8592397468682307,0.762348977768269,0.866734876032603,0.8568318121114055,0.8672511682088927,0.87104732848896,0.8603567848431604,,,,,,,,,,,,,,,,,,,,,,,,,,,,,,,,,,,,,,,,,,,,,,,,,,,,,,,,,,,,,,,,,,,,,,,,,,,,,,,,,,,,,,,,,,,,,,,,,,,,,,,,,,,,,,,,,,,,,,
JNJ_20180706_20180803,0.7184205935454279,0.7190107799931523,,0.7159248933477337,0.7014204699720389,0.7038498537301631,0.7044014829406804,0.7058564430816834,0.7139094218361163,0.6927615073655984,0.6956480042937307,0.6930774127458268,,,,,,,,,,,,,,,,,,,,,,,,,,,,,,,,,,,,,,,,,,,,,,,,,,,,,,,,,,,,,,,,,,,,,,,,,,,,,,,,,,,,,,,,,,,,,,,,,,,,,,,,,,,,,,,,,,,,,,,,,,,,,,,,,,,,,,,,,,,,,,,,,,,,,,,,,,,,,,,,,,,,,,,,,,,,,,,,,,,,,,,,,,,,,,,,,,,,,,,,,,,,,,,,,,,,,,,,,,,,,,,,,,,,,,,,,,
JNJ_20191206_20200103,0.8148876082265081,0.8188207811051925,0.8238998715056817,0.8047135846941631,0.804113955215143,0.8033973218052298,,0.813272466353087,0.8072950588125836,0.8033344738192124,0.7927305048171912,0.7863631895442675,,,,,,,,,,,,,,,,,,,,,,,,,,,,,,,,,,,,,,,,,,,,,,,,,,,,,,,,,,,,,,,,,,,,,,,,,,,,,,,,,,,,,,,,,,,,,,,,,,,,,,,,,,,,,,,,,,,,,,,,,,,,,,,,,,,,,,,,,,,,,,,,,,,,,,,,,,,,,,,,,,,,,,,,,,,,,,,,,,,,,,,,,,,,,,,,,,,,,,,,,,,,,,,,,,,,,,,,,,,,,,,,,,,,,,,,,,
JNJ_20200306_20200403,1.0,1.0,1.0,1.0,1.0,1.0,1.0,1.0,1.0,1.0,1.0,1.0,1.0,1.0,,1.0,1.0,,,,,,,,,,,,,,,,,,,,,,,,,,,,,,,,,,,,,,,,,,,,,,,,,,,,,,,,,,,,,,,,,,,,,,,,,,,,,,,,,,,,,,,,,,,,,,,,,,,,,,,,,,,,,,,,,,,,,,,,,,,,,,,,,,,,,,,,,,,,,,,,,,,,,,,,,,,,,,,,,,,,,,,,,,,,,,,,,,,,,,,,,,,,,,,,,,,,,,,,,,,,,,,,,,,,,,,,,,,,,,,,,,,,,
JNJ_20200409_20200501,0.6250061307871939,0.673746992232718,0.7243734056285713,0.6684059368787117,0.6791986057086612,0.6386656329280723,0.75894113400541,0.7447536098412784,0.652795841224606,0.7332066271192013,0.7966552039116354,0.7417348913528173,0.7302846064192096,0.7601471845857516,0.76579296910565,0.7727465891973914,0.7947319836593912,0.7948645406569793,0.7827876456292784,0.791709141331086,0.6467247052957914,,,,,,,,,,,,,,,,,,,,,,,,,,,,,,,,,,,,,,,,,,,,,,,,,,,,,,,,,,,,,,,,,,,,,,,,,,,,,,,,,,,,,,,,,,,,,,,,,,,,,,,,,,,,,,,,,,,,,,,,,,,,,,,,,,,,,,,,,,,,,,,,,,,,,,,,,,,,,,,,,,,,,,,,,,,,,,,,,,,,,,,,,,,,,,,,,,,,,,,,,,,,,,,,,,,,,,,,,,,,,,,,,
JNJ_20200612_20200702,1.0,1.0,1.0,1.0,1.0,1.0,1.0,1.0,1.0,1.0,1.0,1.0,1.0,1.0,,1.0,1.0,,,,,,,,,,,,,,,,,,,,,,,,,,,,,,,,,,,,,,,,,,,,,,,,,,,,,,,,,,,,,,,,,,,,,,,,,,,,,,,,,,,,,,,,,,,,,,,,,,,,,,,,,,,,,,,,,,,,,,,,,,,,,,,,,,,,,,,,,,,,,,,,,,,,,,,,,,,,,,,,,,,,,,,,,,,,,,,,,,,,,,,,,,,,,,,,,,,,,,,,,,,,,,,,,,,,,,,,,,,,,,,,,,,,,
JNJ_20200904_20201002,1.0,1.0,1.0,1.0,1.0,1.0,1.0,1.0,1.0,1.0,1.0,1.0,1.0,1.0,1.0,1.0,1.0,,,,,,,,,,,,,,,,,,,,,,,,,,,,,,,,,,,,,,,,,,,,,,,,,,,,,,,,,,,,,,,,,,,,,,,,,,,,,,,,,,,,,,,,,,,,,,,,,,,,,,,,,,,,,,,,,,,,,,,,,,,,,,,,,,,,,,,,,,,,,,,,,,,,,,,,,,,,,,,,,,,,,,,,,,,,,,,,,,,,,,,,,,,,,,,,,,,,,,,,,,,,,,,,,,,,,,,,,,,,,,,,,,,,,
JNJ_20210604_20210702,0.889575111412019,0.8866318018983799,0.8829445975138279,0.8825729354975491,,0.8766585219643916,0.8727751369922705,0.8746862851821651,0.8733603081076198,0.8722675905599855,0.8733603081076198,0.8761303420460064,0.8746862851821652,0.8714332690673078,0.8697370919751601,0.8695997969607937,0.8533672696326192,,,,,,,,,,,,,,,,,,,,,,,,,,,,,,,,,,,,,,,,,,,,,,,,,,,,,,,,,,,,,,,,,,,,,,,,,,,,,,,,,,,,,,,,,,,,,,,,,,,,,,,,,,,,,,,,,,,,,,,,,,,,,,,,,,,,,,,,,,,,,,,,,,,,,,,,,,,,,,,,,,,,,,,,,,,,,,,,,,,,,,,,,,,,,,,,,,,,,,,,,,,,,,,,,,,,,,,,,,,,,,,,,,,,,
JNJ_20210806_20210903,0.8625892667333098,0.8625892667333098,0.8756771342537283,0.8746415171763633,0.8756766138947938,0.8544886195346006,0.8538433267970367,0.8535649648401558,0.8582018254888398,0.8535649648401559,0.8659187767193152,0.8621857051601352,,,,,,,,,,,,,,,,,,,,,,,,,,,,,,,,,,,,,,,,,,,,,,,,,,,,,,,,,,,,,,,,,,,,,,,,,,,,,,,,,,,,,,,,,,,,,,,,,,,,,,,,,,,,,,,,,,,,,,,,,,,,,,,,,,,,,,,,,,,,,,,,,,,,,,,,,,,,,,,,,,,,,,,,,,,,,,,,,,,,,,,,,,,,,,,,,,,,,,,,,,,,,,,,,,,,,,,,,,,,,,,,,,,,,,,,,,
JNJ_20211126_20211203,0.9865375016306309,,0.9922421778680502,0.9926537123110938,0.9924002965636013,0.9926816978357182,0.9926737667283002,0.9926018653049394,0.9926737667283002,0.9924640902288796,0.9928654928912406,0.9928482963399228,0.9928482963399228,0.9926671454927491,0.9925781414815595,0.9926671454927491,0.992368743413823,0.9920740753671491,0.9923569685625601,0.9918571919755643,0.9911851889222955,0.9911851889222955,0.9903991269211477,0.9907968134201716,0.9903991269211477,0.9896471825393675,0.989584847301804,,,,,,,,,,,,,,,,,,,,,,,,,,,,,,,,,,,,,,,,,,,,,,,,,,,,,,,,,,,,,,,,,,,,,,,,,,,,,,,,,,,,,,,,,,,,,,,,,,,,,,,,,,,,,,,,,,,,,,,,,,,,,,,,,,,,,,,,,,,,,,,,,,,,,,,,,,,,,,,,,,,,,,,,,,,,,,,,,,,,,,,,,,,,,,,,,,,,,,,,,,,,,,,,,,,,,,,,,,,
JNJ_20220506_20220603,0.9577895119986416,0.96113064250534,0.9601323641149323,0.9625688721801353,0.9623813339054884,0.9624508585808826,0.9659524971980521,0.9621969173406016,0.9622267738521111,0.9658326169881006,0.9619965241577701,0.9567422183785764,,,,,,,,,,,,,,,,,,,,,,,,,,,,,,,,,,,,,,,,,,,,,,,,,,,,,,,,,,,,,,,,,,,,,,,,,,,,,,,,,,,,,,,,,,,,,,,,,,,,,,,,,,,,,,,,,,,,,,,,,,,,,,,,,,,,,,,,,,,,,,,,,,,,,,,,,,,,,,,,,,,,,,,,,,,,,,,,,,,,,,,,,,,,,,,,,,,,,,,,,,,,,,,,,,,,,,,,,,,,,,,,,,,,,,,,,,
JNJ_20221104_20221202,0.7556804665189347,0.7556804665189347,0.7563215033303012,0.7563215033303012,0.7556804665189347,0.7561232512819814,0.7498264899729884,0.775061787760644,0.7485859868948607,0.7667286175161921,0.7509184788218733,0.7748395922783285,0.7575207373282942,0.7504494879467162,0.7674960428549021,0.7671031781207981,0.7556454212556943,,,,,,,,,,,,,,,,,,,,,,,,,,,,,,,,,,,,,,,,,,,,,,,,,,,,,,,,,,,,,,,,,,,,,,,,,,,,,,,,,,,,,,,,,,,,,,,,,,,,,,,,,,,,,,,,,,,,,,,,,,,,,,,,,,,,,,,,,,,,,,,,,,,,,,,,,,,,,,,,,,,,,,,,,,,,,,,,,,,,,,,,,,,,,,,,,,,,,,,,,,,,,,,,,,,,,,,,,,,,,,,,,,,,,
JNJ_20230106_20230203,,,,,,1.0,1.0,1.0,1.0,,1.0,1.0,,,,,,,,,,,,,,,,,,,,,,,,,,,,,,,,,,,,,,,,,,,,,,,,,,,,,,,,,,,,,,,,,,,,,,,,,,,,,,,,,,,,,,,,,,,,,,,,,,,,,,,,,,,,,,,,,,,,,,,,,,,,,,,,,,,,,,,,,,,,,,,,,,,,,,,,,,,,,,,,,,,,,,,,,,,,,,,,,,,,,,,,,,,,,,,,,,,,,,,,,,,,,,,,,,,,,,,,,,,,,,,,,,,,,,,,,,
JNJ_20230127_20230210,,,,,,,,,,,,,,,,,,,,,1.0,1.0,,,,,,,,,,,,,,,,,,,,,,,,,,,,,,,,,,,,,,,,,,,,,,,,,,,,,,,,,,,,,,,,,,,,,,,,,,,,,,,,,,,,,,,,,,,,,,,,,,,,,,,,,,,,,,,,,,,,,,,,,,,,,,,,,,,,,,,,,,,,,,,,,,,,,,,,,,,,,,,,,,,,,,,,,,,,,,,,,,,,,,,,,,,,,,,,,,,,,,,,,,,,,,,,,,,,,,,,,,,,,,,,
JNJ_20230217_20230317,,,,,,,,,,,,,,,,,,,,,,,,,,,,1.0,1.0,1.0,1.0,1.0,1.0,1.0,1.0,1.0,1.0,1.0,,,,,,,,,,,,,,,,,,,,,,,,,,,,,,,,,,,,,,,,,,,,,,,,,,,,,,,,,,,,,,,,,,,,,,,,,,,,,,,,,,,,,,,,,,,,,,,,,,,,,,,,,,,,,,,,,,,,,,,,,,,,,,,,,,,,,,,,,,,,,,,,,,,,,,,,,,,,,,,,,,,,,,,,,,,,,,,,,,,,,,,,,,,,,,,,,,,,,,,,,,,,,,,,
JNJ_20230317_20230421,,,,,,,,,,,,,,,,,,,,,,,,,,,,,,,,,,,,,,,,,,,,,,,0.741056127255411,0.7410561272554111,0.7404321438901855,0.7205403750090488,,0.7413140204953784,0.7410561272554111,0.7497493120585296,0.7410561272554111,0.7413140204953784,0.7410561272554111,0.7445905392912148,,,,,,,,,,,,,,,,,,,,,,,,,,,,,,,,,,,,,,,,,,,,,,,,,,,,,,,,,,,,,,,,,,,,,,,,,,,,,,,,,,,,,,,,,,,,,,,,,,,,,,,,,,,,,,,,,,,,,,,,,,,,,,,,,,,,,,,,,,,,,,,,,,,,,,,,,,,,,,,,,,,,,,,,,,,,,,,,,,,,,,,,,,,,
JNJ_20230616_20230721,,,,,,,,,,,,,,,,,,,,,,,,,,,,,,,,,,,,,,,,,,,,,,,,,,,,,,,,,,,,,,,,,,,,,,,,,,,,,,,,,,,,,,,,,,,,,,,,,,,,,,,,,,,,,,,,0.8346595749542514,0.8448808417801562,0.8448808417801562,0.8448808417801562,,0.8378473314391062,0.8509164099649951,0.8483723194807314,0.833329543628026,0.848370965415755,0.8335564654252154,0.8448808417801562,0.8483723194807314,0.8509164099649951,0.8378473314391062,0.8509164099649951,0.8483723194807314,0.8378473314391062,0.8378473314391062,0.8483723194807314,0.8448808417801562,0.8483723194807314,0.8509164099649951,0.8509164099649951,0.850916409964995,0.8449031072041132,,0.8282865920419582,0.8283055514865972,0.8129386293739862,0.8111762727217943,0.8077304269432904,,,,,,,,,,,,,,,,,,,,,,,,,,,,,,,,,,,,,,,,,,,,,,,,,,,,,,,,,,,,,,,,,,,,,,,,,,,,,,,,,,,,,,,,,,,,,,,,,,,,,,,
JPM_20180706_20180803,0.3410753161743388,0.3141086399366781,,0.47299384987573384,0.46239533689249457,0.47786124873624913,0.393350819513713,0.47731699003472117,0.45393336826165037,0.4673673845539334,0.4148235373044853,0.34126590226380166,,,,,,,,,,,,,,,,,,,,,,,,,,,,,,,,,,,,,,,,,,,,,,,,,,,,,,,,,,,,,,,,,,,,,,,,,,,,,,,,,,,,,,,,,,,,,,,,,,,,,,,,,,,,,,,,,,,,,,,,,,,,,,,,,,,,,,,,,,,,,,,,,,,,,,,,,,,,,,,,,,,,,,,,,,,,,,,,,,,,,,,,,,,,,,,,,,,,,,,,,,,,,,,,,,,,,,,,,,,,,,,,,,,,,,,,,,
JPM_20191206_20200103,0.7636016759980135,0.7575033910494939,0.8156392496578583,0.7835048724037118,0.8103843843489075,0.8201637228064088,,0.8211828415648116,0.8091045531072496,0.8192337245904329,0.8196099011982196,0.7881703413630538,,,,,,,,,,,,,,,,,,,,,,,,,,,,,,,,,,,,,,,,,,,,,,,,,,,,,,,,,,,,,,,,,,,,,,,,,,,,,,,,,,,,,,,,,,,,,,,,,,,,,,,,,,,,,,,,,,,,,,,,,,,,,,,,,,,,,,,,,,,,,,,,,,,,,,,,,,,,,,,,,,,,,,,,,,,,,,,,,,,,,,,,,,,,,,,,,,,,,,,,,,,,,,,,,,,,,,,,,,,,,,,,,,,,,,,,,,
JPM_20200306_20200403,1.0,1.0,1.0,1.0,1.0,1.0,1.0,1.0,1.0,1.0,1.0,1.0,1.0,1.0,,1.0,1.0,,,,,,,,,,,,,,,,,,,,,,,,,,,,,,,,,,,,,,,,,,,,,,,,,,,,,,,,,,,,,,,,,,,,,,,,,,,,,,,,,,,,,,,,,,,,,,,,,,,,,,,,,,,,,,,,,,,,,,,,,,,,,,,,,,,,,,,,,,,,,,,,,,,,,,,,,,,,,,,,,,,,,,,,,,,,,,,,,,,,,,,,,,,,,,,,,,,,,,,,,,,,,,,,,,,,,,,,,,,,,,,,,,,,,
JPM_20200409_20200501,1.0,1.0,1.0,1.0,1.0,1.0,1.0,1.0,1.0,1.0,1.0,1.0,1.0,1.0,1.0,1.0,1.0,1.0,1.0,1.0,1.0,,,,,,,,,,,,,,,,,,,,,,,,,,,,,,,,,,,,,,,,,,,,,,,,,,,,,,,,,,,,,,,,,,,,,,,,,,,,,,,,,,,,,,,,,,,,,,,,,,,,,,,,,,,,,,,,,,,,,,,,,,,,,,,,,,,,,,,,,,,,,,,,,,,,,,,,,,,,,,,,,,,,,,,,,,,,,,,,,,,,,,,,,,,,,,,,,,,,,,,,,,,,,,,,,,,,,,,,,,,,,,,,,
JPM_20200612_20200702,1.0,1.0,1.0,1.0,1.0,1.0,1.0,1.0,1.0,1.0,1.0,1.0,1.0,1.0,,1.0,1.0,,,,,,,,,,,,,,,,,,,,,,,,,,,,,,,,,,,,,,,,,,,,,,,,,,,,,,,,,,,,,,,,,,,,,,,,,,,,,,,,,,,,,,,,,,,,,,,,,,,,,,,,,,,,,,,,,,,,,,,,,,,,,,,,,,,,,,,,,,,,,,,,,,,,,,,,,,,,,,,,,,,,,,,,,,,,,,,,,,,,,,,,,,,,,,,,,,,,,,,,,,,,,,,,,,,,,,,,,,,,,,,,,,,,,
JPM_20200904_20201002,1.0,1.0,1.0,1.0,1.0,1.0,1.0,1.0,1.0,1.0,1.0,1.0,1.0,1.0,1.0,1.0,1.0,,,,,,,,,,,,,,,,,,,,,,,,,,,,,,,,,,,,,,,,,,,,,,,,,,,,,,,,,,,,,,,,,,,,,,,,,,,,,,,,,,,,,,,,,,,,,,,,,,,,,,,,,,,,,,,,,,,,,,,,,,,,,,,,,,,,,,,,,,,,,,,,,,,,,,,,,,,,,,,,,,,,,,,,,,,,,,,,,,,,,,,,,,,,,,,,,,,,,,,,,,,,,,,,,,,,,,,,,,,,,,,,,,,,,
JPM_20210604_20210702,1.0,1.0,1.0,1.0,,1.0,1.0,1.0,1.0,1.0,1.0,1.0,1.0,1.0,1.0,1.0,1.0,,,,,,,,,,,,,,,,,,,,,,,,,,,,,,,,,,,,,,,,,,,,,,,,,,,,,,,,,,,,,,,,,,,,,,,,,,,,,,,,,,,,,,,,,,,,,,,,,,,,,,,,,,,,,,,,,,,,,,,,,,,,,,,,,,,,,,,,,,,,,,,,,,,,,,,,,,,,,,,,,,,,,,,,,,,,,,,,,,,,,,,,,,,,,,,,,,,,,,,,,,,,,,,,,,,,,,,,,,,,,,,,,,,,,
JPM_20210806_20210903,0.9270343517795037,0.9191458748754467,0.9200869461244489,0.9171859279000071,0.9182614083496261,0.9106131182874716,0.9077621295302324,0.909917827462311,0.9142757304363721,0.8898677438941824,0.8788381172841975,0.8789353404350152,,,,,,,,,,,,,,,,,,,,,,,,,,,,,,,,,,,,,,,,,,,,,,,,,,,,,,,,,,,,,,,,,,,,,,,,,,,,,,,,,,,,,,,,,,,,,,,,,,,,,,,,,,,,,,,,,,,,,,,,,,,,,,,,,,,,,,,,,,,,,,,,,,,,,,,,,,,,,,,,,,,,,,,,,,,,,,,,,,,,,,,,,,,,,,,,,,,,,,,,,,,,,,,,,,,,,,,,,,,,,,,,,,,,,,,,,,
JPM_20211126_20211203,1.0,,1.0,1.0,1.0,1.0,1.0,1.0,1.0,1.0,1.0,1.0,1.0,1.0,1.0,1.0,1.0,1.0,1.0,1.0,1.0,1.0,1.0,1.0,1.0,1.0,1.0,,,,,,,,,,,,,,,,,,,,,,,,,,,,,,,,,,,,,,,,,,,,,,,,,,,,,,,,,,,,,,,,,,,,,,,,,,,,,,,,,,,,,,,,,,,,,,,,,,,,,,,,,,,,,,,,,,,,,,,,,,,,,,,,,,,,,,,,,,,,,,,,,,,,,,,,,,,,,,,,,,,,,,,,,,,,,,,,,,,,,,,,,,,,,,,,,,,,,,,,,,,,,,,,,,,,,,,,,,,
JPM_20220506_20220603,0.6190797503747295,0.758835978056431,0.6219905577558933,0.6196338138159315,0.6424484007634886,0.6594428712853848,0.6147959449181678,0.7400292999994957,0.6088312782756441,0.683595648431411,0.7533617064588332,0.6507779807107826,,,,,,,,,,,,,,,,,,,,,,,,,,,,,,,,,,,,,,,,,,,,,,,,,,,,,,,,,,,,,,,,,,,,,,,,,,,,,,,,,,,,,,,,,,,,,,,,,,,,,,,,,,,,,,,,,,,,,,,,,,,,,,,,,,,,,,,,,,,,,,,,,,,,,,,,,,,,,,,,,,,,,,,,,,,,,,,,,,,,,,,,,,,,,,,,,,,,,,,,,,,,,,,,,,,,,,,,,,,,,,,,,,,,,,,,,,
JPM_20221104_20221202,0.7323907998560312,0.7633662852156747,0.7608619597530633,0.7823084386242478,0.7570834548434674,0.7897485507217781,0.7801678543656018,0.8473738512767579,0.812568979469246,0.8222924169909356,0.8011282941324989,0.8271627004433886,0.8573685302802153,0.8433826419956535,0.8325713684849915,0.8584430002997335,0.8448188945991684,,,,,,,,,,,,,,,,,,,,,,,,,,,,,,,,,,,,,,,,,,,,,,,,,,,,,,,,,,,,,,,,,,,,,,,,,,,,,,,,,,,,,,,,,,,,,,,,,,,,,,,,,,,,,,,,,,,,,,,,,,,,,,,,,,,,,,,,,,,,,,,,,,,,,,,,,,,,,,,,,,,,,,,,,,,,,,,,,,,,,,,,,,,,,,,,,,,,,,,,,,,,,,,,,,,,,,,,,,,,,,,,,,,,,
JPM_20230106_20230203,,,,,,0.8366957133543074,0.9013596897987435,0.8999998889824923,0.8713577354618294,,0.9009767100410676,0.8304367082755109,,,,,,,,,,,,,,,,,,,,,,,,,,,,,,,,,,,,,,,,,,,,,,,,,,,,,,,,,,,,,,,,,,,,,,,,,,,,,,,,,,,,,,,,,,,,,,,,,,,,,,,,,,,,,,,,,,,,,,,,,,,,,,,,,,,,,,,,,,,,,,,,,,,,,,,,,,,,,,,,,,,,,,,,,,,,,,,,,,,,,,,,,,,,,,,,,,,,,,,,,,,,,,,,,,,,,,,,,,,,,,,,,,,,,,,,,,
JPM_20230127_20230210,,,,,,,,,,,,,,,,,,,,,0.969447735123132,0.9586142207717283,,,,,,,,,,,,,,,,,,,,,,,,,,,,,,,,,,,,,,,,,,,,,,,,,,,,,,,,,,,,,,,,,,,,,,,,,,,,,,,,,,,,,,,,,,,,,,,,,,,,,,,,,,,,,,,,,,,,,,,,,,,,,,,,,,,,,,,,,,,,,,,,,,,,,,,,,,,,,,,,,,,,,,,,,,,,,,,,,,,,,,,,,,,,,,,,,,,,,,,,,,,,,,,,,,,,,,,,,,,,,,,,
JPM_20230217_20230317,,,,,,,,,,,,,,,,,,,,,,,,,,,,1.0,1.0,1.0,1.0,1.0,1.0,1.0,1.0,1.0,1.0,1.0,1.0,1.0,1.0,1.0,1.0,1.0,1.0,1.0,1.0,1.0,1.0,1.0,1.0,1.0,,1.0,1.0,1.0,1.0,1.0,1.0,1.0,1.0,,,,,,,,,,,,,,,,,,,,,,,,,,,,,,,,,,,,,,,,,,,,,,,,,,,,,,,,,,,,,,,,,,,,,,,,,,,,,,,,,,,,,,,,,,,,,,,,,,,,,,,,,,,,,,,,,,,,,,,,,,,,,,,,,,,,,,,,,,,,,,,,,,,,,,,,,,,,,,,,,,,,,,,,,,,,,,,,,,,,,,,,,
JPM_20230317_20230421,,,,,,,,,,,,,,,,,,,,,,,,,,,,,,,,,,,,,,,,,,,,,,,0.5577019384365847,0.5577561199624236,0.5604654715767674,0.5736743050349308,,0.5824388021081328,0.5872189322457418,0.5504354003730315,0.573693068773388,0.5443965088436168,0.5435531478876907,0.4287211285575348,0.5575166359745406,0.5481400860287763,0.5430186874110803,0.5602201452471149,0.5431398254911113,0.5441565633152329,0.5665552046139922,0.5578381571833331,0.563700868942182,0.5594493932822996,0.5709646282379811,0.5626161845600559,0.5461666815802719,0.5461541820046469,,0.5593654523547249,0.5483991878186614,0.5449654994336667,0.54534247115389,0.5440618376516961,,,,,,,,,,,,,,,,,,,,,,,,,,,,,,,,,,,,,,,,,,,,,,,,,,,,,,,,,,,,,,,,,,,,,,,,,,,,,,,,,,,,,,,,,,,,,,,,,,,,,,,,,,,,,,,,,,,,,,,,,,,,,,,,,,,,,,,,,,,,,,,,,,,,,,,,,,,,,,,,,,,,,,,,
JPM_20230616_20230721,,,,,,,,,,,,,,,,,,,,,,,,,,,,,,,,,,,,,,,,,,,,,,,,,,,,,,,,,,,,,,,,,,,,,,,,,,,,,,,,,,,,,,,,,,,,,,,,,,,,,,,,,,,,,,,,0.6972112980486225,0.700470956649396,0.6985746872016069,0.7171596198203372,,0.6692389589893238,0.6983937503400132,0.7013206013773148,0.6930759521817619,0.7004617186768347,0.7098462207761491,0.7089334083887847,0.69293973167487,0.7010939678533886,0.7096917962240308,0.7329418959251519,0.7075146273137661,0.7016941611984028,0.7097427564070669,0.7016941611984029,0.7096917962240308,0.7004481584770307,0.7081277172282708,0.7008610834948622,0.6984384442774022,0.7074779582321971,,0.7184263749127239,0.6915577502145186,0.7013044178822087,0.700136185804938,0.700136185804938,0.7013206013773148,0.7113145252074956,0.6923704583724958,0.682540272997803,0.704094046470537,0.6995730229394257,0.7195834269455024,0.6901481116979574,0.7047788290838872,0.7027979093150155,0.706806582554319,0.697511696710626,0.7143964653338137,0.696557425694664,0.7100614004733589,0.7311210606618276,0.6980651198396245,0.721107712539592,0.6947727227671824,0.7581506436197375,0.7553139726358984,0.7239313555135607,0.7280303198259247,0.7364969881560273,0.7552783444116271,0.7546399622346825,0.7569622585175714,0.7593275149018553,0.756071556494503,0.7600651610996539,0.7554199250330613,0.7524522658643816,0.7551473150162881,0.7564148724206549,0.7647000010655545,0.757441747804192,0.7537405946539251,0.7481230209245336,0.7580199484395765,0.7570453422052182,0.7654131115476372,0.7550872780055926,0.7600651610996539,0.7600651610996542,0.7596254873776433,0.7580371207512104,0.7273037190673173,0.721079701889743,0.7600651610996539,0.7600651610996539,0.7597884077414789,0.7602539698796165,,0.7597884077414788,0.7273037190673173,0.7563761906618317,0.7602539698796165,0.7601783727057632,0.7603080281188962,0.7597884077414789,0.7370513665085788,0.760588049059547,0.7600651610996539,0.7578028110385855,0.7219829529353066,0.7318827194703021,0.7598769645761557,0.7217874416479232,0.720221901797365,0.7224056118632245,0.7496110246472081,0.7562037345707069,0.7568536883467996,0.7570308328093625,0.7562581191206211,0.7553485431869394,0.7562739723463416,0.7393921057156689,0.7585822145612087,0.7079659217235674,0.7154482090903311,0.7583934777194847,0.7582751162409106,0.7210743060227685,0.7584616858949802,0.7480189289528537,0.7392248185228726,0.7553285681818694,0.7526180655255015,0.731139687913352,0.7485791707612403,0.7517537871383024,0.7225100249187841,0.7346747738621704,0.7205505770353283,0.7474966026837818,,,,,,,
MSFT_20180706_20180803,0.5956294901807805,0.6013015121504082,,0.6264222450313824,0.5840767382123042,0.6335291919782128,0.6533306424793113,0.6702519112576857,0.6103732012807671,0.6049295934560012,0.5705544239991289,0.6035817504160204,,,,,,,,,,,,,,,,,,,,,,,,,,,,,,,,,,,,,,,,,,,,,,,,,,,,,,,,,,,,,,,,,,,,,,,,,,,,,,,,,,,,,,,,,,,,,,,,,,,,,,,,,,,,,,,,,,,,,,,,,,,,,,,,,,,,,,,,,,,,,,,,,,,,,,,,,,,,,,,,,,,,,,,,,,,,,,,,,,,,,,,,,,,,,,,,,,,,,,,,,,,,,,,,,,,,,,,,,,,,,,,,,,,,,,,,,,
MSFT_20191206_20200103,0.5917517304357361,0.6275714144407791,0.6379701100846579,0.6672999899626225,0.6115304988907075,0.6124304031619648,,0.6110434127283743,0.6513389698766949,0.6184956539004399,0.6564393900106054,0.6383020647963941,,,,,,,,,,,,,,,,,,,,,,,,,,,,,,,,,,,,,,,,,,,,,,,,,,,,,,,,,,,,,,,,,,,,,,,,,,,,,,,,,,,,,,,,,,,,,,,,,,,,,,,,,,,,,,,,,,,,,,,,,,,,,,,,,,,,,,,,,,,,,,,,,,,,,,,,,,,,,,,,,,,,,,,,,,,,,,,,,,,,,,,,,,,,,,,,,,,,,,,,,,,,,,,,,,,,,,,,,,,,,,,,,,,,,,,,,,
MSFT_20200306_20200403,1.0,1.0,1.0,1.0,1.0,1.0,1.0,1.0,1.0,1.0,1.0,1.0,1.0,1.0,,1.0,1.0,,,,,,,,,,,,,,,,,,,,,,,,,,,,,,,,,,,,,,,,,,,,,,,,,,,,,,,,,,,,,,,,,,,,,,,,,,,,,,,,,,,,,,,,,,,,,,,,,,,,,,,,,,,,,,,,,,,,,,,,,,,,,,,,,,,,,,,,,,,,,,,,,,,,,,,,,,,,,,,,,,,,,,,,,,,,,,,,,,,,,,,,,,,,,,,,,,,,,,,,,,,,,,,,,,,,,,,,,,,,,,,,,,,,,
MSFT_20200409_20200501,0.5713175774170967,0.6568798225602172,0.6616488372557511,0.6554527558710079,0.6688624137224182,0.7313203023469077,0.7221124099045727,0.6201316710137104,0.6015553507157884,0.7171268928450463,0.5903346258249959,0.6715857141771211,0.6532360826697093,0.6993319033548935,0.6656512833117874,0.6508551222855515,0.669102521706288,0.6517664770259654,0.6658380660359277,0.5903162928443683,0.6656949624213595,,,,,,,,,,,,,,,,,,,,,,,,,,,,,,,,,,,,,,,,,,,,,,,,,,,,,,,,,,,,,,,,,,,,,,,,,,,,,,,,,,,,,,,,,,,,,,,,,,,,,,,,,,,,,,,,,,,,,,,,,,,,,,,,,,,,,,,,,,,,,,,,,,,,,,,,,,,,,,,,,,,,,,,,,,,,,,,,,,,,,,,,,,,,,,,,,,,,,,,,,,,,,,,,,,,,,,,,,,,,,,,,,
MSFT_20200612_20200702,0.31655937259334604,0.34460842165607436,0.3193318404819717,0.33666942993391286,0.35996103445689714,0.3641537816674146,0.37014737659695435,0.36962287025043283,0.43376977583560195,0.4363880791931207,0.40677259077262173,0.3749603653291693,0.3818636885087783,0.40164017736198976,,0.4193789943313919,0.4328325103906553,,,,,,,,,,,,,,,,,,,,,,,,,,,,,,,,,,,,,,,,,,,,,,,,,,,,,,,,,,,,,,,,,,,,,,,,,,,,,,,,,,,,,,,,,,,,,,,,,,,,,,,,,,,,,,,,,,,,,,,,,,,,,,,,,,,,,,,,,,,,,,,,,,,,,,,,,,,,,,,,,,,,,,,,,,,,,,,,,,,,,,,,,,,,,,,,,,,,,,,,,,,,,,,,,,,,,,,,,,,,,,,,,,,,,
MSFT_20200904_20201002,1.0,1.0,1.0,1.0,1.0,1.0,1.0,1.0,1.0,1.0,1.0,1.0,1.0,1.0,1.0,1.0,1.0,,,,,,,,,,,,,,,,,,,,,,,,,,,,,,,,,,,,,,,,,,,,,,,,,,,,,,,,,,,,,,,,,,,,,,,,,,,,,,,,,,,,,,,,,,,,,,,,,,,,,,,,,,,,,,,,,,,,,,,,,,,,,,,,,,,,,,,,,,,,,,,,,,,,,,,,,,,,,,,,,,,,,,,,,,,,,,,,,,,,,,,,,,,,,,,,,,,,,,,,,,,,,,,,,,,,,,,,,,,,,,,,,,,,,
MSFT_20210604_20210702,0.339422507172105,0.3106592552719617,0.2912840570102828,0.21175093778727433,,0.22048331863551157,0.33958365764751464,0.35987751321238814,0.26112062298345623,0.2655820907616613,0.533920322724299,0.3614290652135587,0.4172333354499835,0.2794511515592014,0.41626655089886444,0.3292578357801001,0.3297479960979509,,,,,,,,,,,,,,,,,,,,,,,,,,,,,,,,,,,,,,,,,,,,,,,,,,,,,,,,,,,,,,,,,,,,,,,,,,,,,,,,,,,,,,,,,,,,,,,,,,,,,,,,,,,,,,,,,,,,,,,,,,,,,,,,,,,,,,,,,,,,,,,,,,,,,,,,,,,,,,,,,,,,,,,,,,,,,,,,,,,,,,,,,,,,,,,,,,,,,,,,,,,,,,,,,,,,,,,,,,,,,,,,,,,,,
MSFT_20210806_20210903,0.7367832193964802,0.6154401773248911,0.7323402596142036,0.6176283354721771,0.6685582715052352,0.6898354485312337,0.6675673093658027,0.6533806939660666,0.5858242790489547,0.5690219830122282,0.5700111932642329,0.5632845507672929,,,,,,,,,,,,,,,,,,,,,,,,,,,,,,,,,,,,,,,,,,,,,,,,,,,,,,,,,,,,,,,,,,,,,,,,,,,,,,,,,,,,,,,,,,,,,,,,,,,,,,,,,,,,,,,,,,,,,,,,,,,,,,,,,,,,,,,,,,,,,,,,,,,,,,,,,,,,,,,,,,,,,,,,,,,,,,,,,,,,,,,,,,,,,,,,,,,,,,,,,,,,,,,,,,,,,,,,,,,,,,,,,,,,,,,,,,
MSFT_20211126_20211203,1.0,,1.0,1.0,1.0,1.0,1.0,1.0,1.0,1.0,1.0,1.0,1.0,1.0,1.0,1.0,1.0,1.0,1.0,1.0,1.0,1.0,1.0,1.0,1.0,1.0,1.0,,,,,,,,,,,,,,,,,,,,,,,,,,,,,,,,,,,,,,,,,,,,,,,,,,,,,,,,,,,,,,,,,,,,,,,,,,,,,,,,,,,,,,,,,,,,,,,,,,,,,,,,,,,,,,,,,,,,,,,,,,,,,,,,,,,,,,,,,,,,,,,,,,,,,,,,,,,,,,,,,,,,,,,,,,,,,,,,,,,,,,,,,,,,,,,,,,,,,,,,,,,,,,,,,,,,,,,,,,,
MSFT_20220506_20220603,1.0,1.0,1.0,1.0,1.0,1.0,1.0,1.0,1.0,1.0,1.0,1.0,,,,,,,,,,,,,,,,,,,,,,,,,,,,,,,,,,,,,,,,,,,,,,,,,,,,,,,,,,,,,,,,,,,,,,,,,,,,,,,,,,,,,,,,,,,,,,,,,,,,,,,,,,,,,,,,,,,,,,,,,,,,,,,,,,,,,,,,,,,,,,,,,,,,,,,,,,,,,,,,,,,,,,,,,,,,,,,,,,,,,,,,,,,,,,,,,,,,,,,,,,,,,,,,,,,,,,,,,,,,,,,,,,,,,,,,,,
MSFT_20221104_20221202,0.18098543707939752,0.30532458770762066,0.16788362070772614,0.04378315697419817,0.17174166792959106,0.10639857600910625,0.12676633339291643,0.08644186955094367,0.0038497916355165487,0.31485775007189504,0.023206982324784946,0.17783406552368136,0.0002458219388800662,0.04223875794698601,0.13618383105360463,0.08978772348095072,0.2884438806812353,,,,,,,,,,,,,,,,,,,,,,,,,,,,,,,,,,,,,,,,,,,,,,,,,,,,,,,,,,,,,,,,,,,,,,,,,,,,,,,,,,,,,,,,,,,,,,,,,,,,,,,,,,,,,,,,,,,,,,,,,,,,,,,,,,,,,,,,,,,,,,,,,,,,,,,,,,,,,,,,,,,,,,,,,,,,,,,,,,,,,,,,,,,,,,,,,,,,,,,,,,,,,,,,,,,,,,,,,,,,,,,,,,,,,
MSFT_20230106_20230203,,,,,,0.08261817630946809,0.2923422336002571,0.018209165093456957,0.16961376594682867,,0.23531179767315064,0.25046935369770623,,,,,,,,,,,,,,,,,,,,,,,,,,,,,,,,,,,,,,,,,,,,,,,,,,,,,,,,,,,,,,,,,,,,,,,,,,,,,,,,,,,,,,,,,,,,,,,,,,,,,,,,,,,,,,,,,,,,,,,,,,,,,,,,,,,,,,,,,,,,,,,,,,,,,,,,,,,,,,,,,,,,,,,,,,,,,,,,,,,,,,,,,,,,,,,,,,,,,,,,,,,,,,,,,,,,,,,,,,,,,,,,,,,,,,,,,,
MSFT_20230127_20230210,,,,,,,,,,,,,,,,,,,,,0.6490102236380073,0.6484413613286459,,,,,,,,,,,,,,,,,,,,,,,,,,,,,,,,,,,,,,,,,,,,,,,,,,,,,,,,,,,,,,,,,,,,,,,,,,,,,,,,,,,,,,,,,,,,,,,,,,,,,,,,,,,,,,,,,,,,,,,,,,,,,,,,,,,,,,,,,,,,,,,,,,,,,,,,,,,,,,,,,,,,,,,,,,,,,,,,,,,,,,,,,,,,,,,,,,,,,,,,,,,,,,,,,,,,,,,,,,,,,,,,
MSFT_20230217_20230317,,,,,,,,,,,,,,,,,,,,,,,,,,,,0.43442526950070615,0.4425326339828418,0.44600852294784366,0.45127050556745296,0.42713182648702036,0.4473932365444532,0.4354245813614662,0.4819228558598849,0.4554467312962643,0.3001610241006776,0.39856667496740195,0.29356022854292274,0.38351700146987283,0.3194351658746735,0.37208136206923487,0.2806436484827972,0.4221126718948236,0.39359124551561403,0.417706285761058,0.3648793423598953,0.3103639819594556,0.5689191264468267,0.36495065156239664,0.34436924643918304,0.4765671744050031,,0.3506603469266528,0.4089134120952272,0.4643238717104728,0.4056726592197399,0.3945452440773063,0.42419292179189877,0.4109638650351665,0.5223702170951736,0.3596966229379559,0.6151390672441682,0.5048516097885674,0.4324650951559306,0.5674779174380274,0.4961628439462033,0.5780723407249323,0.5053641236752187,0.4526144992031521,0.5872394771264138,0.45395768442351025,0.4658328286758488,0.45514708992584446,0.3202817984176607,0.4179069715618635,0.5102914962985812,0.5477511924016336,0.5280900609160242,0.37030525384294466,0.3975706982306858,0.43459904398590027,0.4659608197467313,0.44299323522127293,0.575016088549812,0.46159220109133964,0.48381644175574184,0.34897781961377566,0.3283457472007104,0.2933202763066451,0.3411883100673193,0.5191745180759242,0.5288385151694067,0.5253457068517509,0.5166809206048617,0.3841295701929103,0.3658114380923798,0.3894200202729302,0.4049247027743601,0.6511861887423854,0.4033211520095487,0.3917914395109819,0.27605690569169844,0.39053656595595404,0.1756325158213152,0.6337100286861063,0.21803716117593633,0.2031466654784339,0.3149212536560976,0.2541912133110023,,0.29822803216841737,0.1151862890294425,0.27975988650794587,0.3322903002343967,0.07390049821725128,0.5548007734211076,0.5372651328075303,0.3284068950624916,0.5457435567403438,0.4944798085209359,0.5120369026490328,0.42553696282503467,0.41950925254122573,0.5771107391655255,0.5932536002035718,0.41932588397867604,0.6175765110193769,0.19385111243655936,0.4459982475899808,0.47670241853582057,0.4051710449856498,0.40692839239286466,0.3859394037431128,0.30766159880030264,0.4084836357265006,0.46039110209227874,0.26894305197296925,0.48853611262580116,0.4557246739702936,0.3755242888459001,0.26655077259116644,0.362536765470084,0.5339959381835732,0.6509190459306422,,,,,,,,,,,,,,,,,,,,,,,,,,,,,,,,,,,,,,,,,,,,,,,,,,,,,,,,,,,,,,,,,,,,,,,,,,,,,,,,,,,,,,,,,,,,,,,,,,,,,
MSFT_20230317_20230421,,,,,,,,,,,,,,,,,,,,,,,,,,,,,,,,,,,,,,,,,,,,,,,0.9052353233016769,0.8095602204911895,0.8589836621236019,0.8601623786791044,,0.8318932337824083,0.8584848927901314,0.8481607316059397,0.8161197155960966,0.8043198156714115,0.8592034423989727,0.7858673860485703,0.7827943738318632,0.7678007772504077,0.7751782224051853,0.8441057049332034,0.902707159538645,0.8460118211046855,0.8239480079522826,0.8185189793094347,0.7963059252929574,0.8026936821091586,0.7997578042774195,0.8475264398955338,0.8373538310811088,0.8409568270610579,,0.8157445917238231,0.8728979769837882,0.8122822583858704,0.8198671170584637,0.8071608735379961,0.7982862923616868,0.8158640677995245,0.8419752769817314,0.8371121839183692,0.8248686240482479,0.8717473131687903,0.8497302378550001,0.8707335095773364,0.8732750418900868,0.8637257486269599,0.8587423256000523,0.8894349392330742,0.8666722739313261,0.8279664977913279,0.860318407367914,0.862275395357155,0.7777208959621831,0.8537313651549755,0.8459620341996963,0.8301593925194805,0.8738931286939458,0.8639887118547713,0.8349159230476515,0.840985851298716,0.8606598545282766,0.87978650392107,0.8950304041699906,0.8766456837924603,0.8130179957394494,0.8108052266798288,0.7699585696750877,0.8608694041717041,0.8557152096331225,0.8707584873293508,0.8245464829568292,0.8501282531179675,0.8704026590047387,0.8339988499833288,0.8126233785372766,0.9017281181112228,0.8451683136410487,0.8969743767817867,0.8022124464335163,0.8642820147385794,0.8022403438442854,0.8779863925304691,0.8546226308857203,0.889832927342837,0.8498958233668079,0.7245051988794106,0.8875431881176516,0.8974012397154261,,0.9042423901053065,0.8836740999798306,0.7553691598392459,0.7645503235645548,0.6733131750014186,0.878709161457225,0.7553723772071836,0.8755112573201402,0.7548554779206409,0.8710316850375909,0.871058103862985,0.8587684835705991,,,,,,,,,,,,,,,,,,,,,,,,,,,,,,,,,,,,,,,,,,,,,,,,,,,,,,,,,,,,,,,,,,,,,,,,,,,,,,,,,,,,,,,,,,,,,,,,,,,,,,,
MSFT_20230616_20230721,,,,,,,,,,,,,,,,,,,,,,,,,,,,,,,,,,,,,,,,,,,,,,,,,,,,,,,,,,,,,,,,,,,,,,,,,,,,,,,,,,,,,,,,,,,,,,,,,,,,,,,,,,,,,,,,0.9834146758831055,0.9835700274334556,0.9811631512964585,0.9834766187613226,,0.9797095066998949,0.9793124356438513,0.9778578254429748,0.9832661004866838,0.9794428485952321,0.9798655371062255,0.9785965606968997,0.9784276534298482,0.9786558177462404,0.9801396237205117,0.9819730457808091,0.9805014375276848,0.9793623157801872,0.9820524440480637,0.9806688098622179,0.9797918879988163,0.9801058734543436,0.9810406743963872,0.9834146312011254,0.9806515091486361,0.9800007544000953,,0.9805796000272075,0.9809705108302689,0.9781989215113096,0.979805248643952,0.9827288685731802,,,,,,,,,,,,,,,,,,,,,,,,,,,,,,,,,,,,,,,,,,,,,,,,,,,,,,,,,,,,,,,,,,,,,,,,,,,,,,,,,,,,,,,,,,,,,,,,,,,,,,,
PG_20180706_20180803,0.7961173131712493,0.7872145604740302,,0.7846656648043471,0.7872249198276965,0.7935726239065932,0.7870431962844462,0.7829915357144382,0.7833596779601774,0.783387192892416,0.7906657553579706,0.7837766174157931,,,,,,,,,,,,,,,,,,,,,,,,,,,,,,,,,,,,,,,,,,,,,,,,,,,,,,,,,,,,,,,,,,,,,,,,,,,,,,,,,,,,,,,,,,,,,,,,,,,,,,,,,,,,,,,,,,,,,,,,,,,,,,,,,,,,,,,,,,,,,,,,,,,,,,,,,,,,,,,,,,,,,,,,,,,,,,,,,,,,,,,,,,,,,,,,,,,,,,,,,,,,,,,,,,,,,,,,,,,,,,,,,,,,,,,,,,
PG_20191206_20200103,1.0,1.0,1.0,1.0,1.0,1.0,,1.0,1.0,1.0,1.0,1.0,,,,,,,,,,,,,,,,,,,,,,,,,,,,,,,,,,,,,,,,,,,,,,,,,,,,,,,,,,,,,,,,,,,,,,,,,,,,,,,,,,,,,,,,,,,,,,,,,,,,,,,,,,,,,,,,,,,,,,,,,,,,,,,,,,,,,,,,,,,,,,,,,,,,,,,,,,,,,,,,,,,,,,,,,,,,,,,,,,,,,,,,,,,,,,,,,,,,,,,,,,,,,,,,,,,,,,,,,,,,,,,,,,,,,,,,,,
PG_20200306_20200403,1.0,1.0,1.0,1.0,1.0,1.0,1.0,1.0,1.0,1.0,1.0,1.0,1.0,1.0,,1.0,1.0,,,,,,,,,,,,,,,,,,,,,,,,,,,,,,,,,,,,,,,,,,,,,,,,,,,,,,,,,,,,,,,,,,,,,,,,,,,,,,,,,,,,,,,,,,,,,,,,,,,,,,,,,,,,,,,,,,,,,,,,,,,,,,,,,,,,,,,,,,,,,,,,,,,,,,,,,,,,,,,,,,,,,,,,,,,,,,,,,,,,,,,,,,,,,,,,,,,,,,,,,,,,,,,,,,,,,,,,,,,,,,,,,,,,,
PG_20200409_20200501,0.9028586770593336,0.9016951495186896,0.901521782953741,0.9077879730978161,0.9095701290558822,0.9056949035376921,0.9035428080069663,0.9057323932102933,0.9086864124213225,0.8962227783370379,0.8998276064425494,0.9028727197821178,0.8956882162670552,0.89497671348225,0.8928051511807003,0.8971388500554198,0.8990188973735148,0.9024546457818687,0.8922196609324496,0.9022534868199926,0.8253136041753195,,,,,,,,,,,,,,,,,,,,,,,,,,,,,,,,,,,,,,,,,,,,,,,,,,,,,,,,,,,,,,,,,,,,,,,,,,,,,,,,,,,,,,,,,,,,,,,,,,,,,,,,,,,,,,,,,,,,,,,,,,,,,,,,,,,,,,,,,,,,,,,,,,,,,,,,,,,,,,,,,,,,,,,,,,,,,,,,,,,,,,,,,,,,,,,,,,,,,,,,,,,,,,,,,,,,,,,,,,,,,,,,,
PG_20200612_20200702,0.7939178034344557,0.792548065682147,0.7926182940802121,0.7926195566736125,0.7926195566736125,0.7898534691023504,0.7699531320193495,0.7973861643189324,0.7839068639888261,0.7737805217500172,0.7703288107360309,0.7577437019568294,0.7552044725160634,0.749611451390023,,0.7628246039533847,0.7117885100802219,,,,,,,,,,,,,,,,,,,,,,,,,,,,,,,,,,,,,,,,,,,,,,,,,,,,,,,,,,,,,,,,,,,,,,,,,,,,,,,,,,,,,,,,,,,,,,,,,,,,,,,,,,,,,,,,,,,,,,,,,,,,,,,,,,,,,,,,,,,,,,,,,,,,,,,,,,,,,,,,,,,,,,,,,,,,,,,,,,,,,,,,,,,,,,,,,,,,,,,,,,,,,,,,,,,,,,,,,,,,,,,,,,,,,
PG_20200904_20201002,0.9932361664726835,0.991108603259191,0.9905794011142752,0.989232667783937,0.9911218605831738,0.9911014773104126,0.9914870046366694,0.9932217216223939,0.9932278816828036,0.993211048111688,0.9933056054848469,0.9929830522614848,0.9931140072871565,0.9929789734793719,0.9930308671985039,0.9924883362701543,0.9900754171487817,,,,,,,,,,,,,,,,,,,,,,,,,,,,,,,,,,,,,,,,,,,,,,,,,,,,,,,,,,,,,,,,,,,,,,,,,,,,,,,,,,,,,,,,,,,,,,,,,,,,,,,,,,,,,,,,,,,,,,,,,,,,,,,,,,,,,,,,,,,,,,,,,,,,,,,,,,,,,,,,,,,,,,,,,,,,,,,,,,,,,,,,,,,,,,,,,,,,,,,,,,,,,,,,,,,,,,,,,,,,,,,,,,,,,
PG_20210604_20210702,1.0,1.0,1.0,1.0,,1.0,1.0,1.0,1.0,1.0,1.0,1.0,1.0,1.0,1.0,1.0,1.0,,,,,,,,,,,,,,,,,,,,,,,,,,,,,,,,,,,,,,,,,,,,,,,,,,,,,,,,,,,,,,,,,,,,,,,,,,,,,,,,,,,,,,,,,,,,,,,,,,,,,,,,,,,,,,,,,,,,,,,,,,,,,,,,,,,,,,,,,,,,,,,,,,,,,,,,,,,,,,,,,,,,,,,,,,,,,,,,,,,,,,,,,,,,,,,,,,,,,,,,,,,,,,,,,,,,,,,,,,,,,,,,,,,,,
PG_20210806_20210903,0.8819428053093311,0.8824315814277237,0.8819821226963996,0.8920139597028808,0.8816004721385435,0.8824323572136054,0.8764202529279729,0.8728304372173633,0.8850446230040524,0.8502285766947928,0.8508942951918393,0.8482347961024588,,,,,,,,,,,,,,,,,,,,,,,,,,,,,,,,,,,,,,,,,,,,,,,,,,,,,,,,,,,,,,,,,,,,,,,,,,,,,,,,,,,,,,,,,,,,,,,,,,,,,,,,,,,,,,,,,,,,,,,,,,,,,,,,,,,,,,,,,,,,,,,,,,,,,,,,,,,,,,,,,,,,,,,,,,,,,,,,,,,,,,,,,,,,,,,,,,,,,,,,,,,,,,,,,,,,,,,,,,,,,,,,,,,,,,,,,,
PG_20211126_20211203,0.8424621366904261,,0.8384977648967555,0.9051712847578001,0.8260371413294396,0.8329960501691133,0.9051712847578001,0.8359271643144076,0.8500702148045813,0.9057756661572256,0.8942623638859517,0.8942623638859517,0.9032613938776928,0.9013087053007416,0.9018199656666952,0.9025046306464063,0.9032979057178484,0.9025046306464063,0.8881932664539195,0.8889246794762923,0.8881932664539195,0.8795977641706537,0.8795977641706537,0.8807155202295056,0.8530471684887616,0.8559821691108905,0.8540522597596601,,,,,,,,,,,,,,,,,,,,,,,,,,,,,,,,,,,,,,,,,,,,,,,,,,,,,,,,,,,,,,,,,,,,,,,,,,,,,,,,,,,,,,,,,,,,,,,,,,,,,,,,,,,,,,,,,,,,,,,,,,,,,,,,,,,,,,,,,,,,,,,,,,,,,,,,,,,,,,,,,,,,,,,,,,,,,,,,,,,,,,,,,,,,,,,,,,,,,,,,,,,,,,,,,,,,,,,,,,,
PG_20220506_20220603,1.0,1.0,1.0,1.0,1.0,1.0,1.0,1.0,1.0,1.0,1.0,1.0,,,,,,,,,,,,,,,,,,,,,,,,,,,,,,,,,,,,,,,,,,,,,,,,,,,,,,,,,,,,,,,,,,,,,,,,,,,,,,,,,,,,,,,,,,,,,,,,,,,,,,,,,,,,,,,,,,,,,,,,,,,,,,,,,,,,,,,,,,,,,,,,,,,,,,,,,,,,,,,,,,,,,,,,,,,,,,,,,,,,,,,,,,,,,,,,,,,,,,,,,,,,,,,,,,,,,,,,,,,,,,,,,,,,,,,,,,
PG_20221104_20221202,0.20183608678016043,0.5084086754898118,0.47410976175465813,0.4836687764730557,0.3295252483889828,0.4932266347921452,0.3444008735193162,0.5565265879604344,0.4885119230858191,0.5815689552070941,0.5849478864558312,0.5758791773716041,0.5755643697802924,0.5768967498691917,0.5171831094438115,0.5928485882370421,0.4254003621689326,,,,,,,,,,,,,,,,,,,,,,,,,,,,,,,,,,,,,,,,,,,,,,,,,,,,,,,,,,,,,,,,,,,,,,,,,,,,,,,,,,,,,,,,,,,,,,,,,,,,,,,,,,,,,,,,,,,,,,,,,,,,,,,,,,,,,,,,,,,,,,,,,,,,,,,,,,,,,,,,,,,,,,,,,,,,,,,,,,,,,,,,,,,,,,,,,,,,,,,,,,,,,,,,,,,,,,,,,,,,,,,,,,,,,
PG_20230106_20230203,,,,,,1.0,1.0,1.0,1.0,,1.0,1.0,,,,,,,,,,,,,,,,,,,,,,,,,,,,,,,,,,,,,,,,,,,,,,,,,,,,,,,,,,,,,,,,,,,,,,,,,,,,,,,,,,,,,,,,,,,,,,,,,,,,,,,,,,,,,,,,,,,,,,,,,,,,,,,,,,,,,,,,,,,,,,,,,,,,,,,,,,,,,,,,,,,,,,,,,,,,,,,,,,,,,,,,,,,,,,,,,,,,,,,,,,,,,,,,,,,,,,,,,,,,,,,,,,,,,,,,,,
PG_20230127_20230210,,,,,,,,,,,,,,,,,,,,,1.0,1.0,,,,,,,,,,,,,,,,,,,,,,,,,,,,,,,,,,,,,,,,,,,,,,,,,,,,,,,,,,,,,,,,,,,,,,,,,,,,,,,,,,,,,,,,,,,,,,,,,,,,,,,,,,,,,,,,,,,,,,,,,,,,,,,,,,,,,,,,,,,,,,,,,,,,,,,,,,,,,,,,,,,,,,,,,,,,,,,,,,,,,,,,,,,,,,,,,,,,,,,,,,,,,,,,,,,,,,,,,,,,,,,,
PG_20230217_20230317,,,,,,,,,,,,,,,,,,,,,,,,,,,,0.922483458105521,0.9165064702031189,0.9197820704723492,0.9234229195112149,0.922483458105521,0.922483458105521,0.9221745851955228,0.9197820704723492,0.9197594250439686,0.9197914999654737,0.9206933865143486,0.9221745851955228,0.922483458105521,0.9223883459559247,0.922483458105521,0.9223883459559247,0.9197820704723492,0.9151261326705894,0.9197594250439686,0.922420615531397,0.9195570847700986,0.9192216405572069,0.9151261326705894,0.9151261326705894,0.9151261326705894,,0.9151261326705894,0.9151261326705894,0.9167163605168612,0.9151261326705894,0.9136610911442586,0.9167163709257433,0.9167163605168612,0.912506301128221,0.912506301128221,0.9151261326705894,0.9156207213651714,0.9138794025720285,0.9041648334744107,0.9123573967381751,0.9045000552745684,0.9091633189668556,0.909969015488272,0.9123573892565523,0.9138794025720285,0.9124745912343311,0.9094539645590825,0.9053562558593286,0.8818921434037029,0.9156204694295123,0.9156207213651714,0.9123573967381751,0.9159412557684916,0.9124745912343311,0.9159409950574045,0.9145759061076275,0.9160972929899779,0.9161832301611536,0.9145756832916597,0.9157298031745817,0.9145756832916597,0.909028403716562,0.9088076853163745,0.9088076853163745,0.912724221065196,0.9025211315309615,0.9089887168479274,0.9089892935472448,0.9059750924327137,0.9059749463263246,0.9090193478434981,0.9059749463263246,0.9059750924327137,0.9103978206887672,0.9103978206887672,0.9059750924327137,0.91412897138963,0.9059750924327137,0.9103978206887672,0.9103978206887672,0.9059750765288105,0.9059749463263246,0.901747625358972,,0.9065389298674157,0.9017737037877999,0.9065389298674157,0.9065389298674157,0.9107472178492878,0.9107472178492878,0.9136061078874648,0.9107472178492878,0.9107472178492878,0.9065385089508065,0.9137136185489997,0.913605534431096,,,,,,,,,,,,,,,,,,,,,,,,,,,,,,,,,,,,,,,,,,,,,,,,,,,,,,,,,,,,,,,,,,,,,,,,,,,,,,,,,,,,,,,,,,,,,,,,,,,,,,,,,,,,,,,,,,,,,,,,,,,
PG_20230317_20230421,,,,,,,,,,,,,,,,,,,,,,,,,,,,,,,,,,,,,,,,,,,,,,,0.6376691247577145,0.6368447861265629,0.6489729080589889,0.6357300915526503,,0.6493213363761132,0.6367993888848593,0.6368447861265629,0.6368447861265629,0.6493029728830942,0.6368447861265629,0.6345046823119036,0.6508180655646345,0.6380839769865686,0.6380839769865686,0.6368447861265629,0.6368447861265629,0.6459767518254039,0.6368447861265629,0.6368447861265629,0.6494760544450099,0.6493213363761132,0.6366903622377122,0.6386223123427656,0.6398115021707113,0.6386223123427656,,0.6386223123427656,0.6357300915526503,0.5894019067342071,0.6377012993501693,0.6501445611074876,0.6386223123427656,0.6501445611074876,0.6706165520819216,0.6472712086784201,0.6501445611074875,0.6606483596721665,0.6606483596721666,0.6599033844414045,0.6643708566953788,0.6707868236163735,0.6708111881823359,0.6606483596721665,0.6708111881823358,0.6606483596721666,0.6606483596721665,0.6647945442090469,0.6616471629234029,0.658773921071576,0.6708111881823358,0.6707868236163735,0.6768751002591803,0.6707875072447043,0.6768751002591802,0.6707871530912913,0.6768751002591803,0.6778641930189875,0.6768751002591802,0.6768751002591802,0.679152914213611,0.6810997399268139,0.658511349719819,0.6597308881396914,0.6585113497198188,0.6670909881608383,0.6599593409784444,0.6614077431433426,0.6599563062366793,0.6397457318272008,0.6397457318272008,0.6508393609428212,0.6397457318272008,0.6508393609428212,0.6397457318272008,0.6508393609428212,0.6288252692031199,0.6288252692031199,0.639745731827201,0.6288252692031199,0.627410226965883,0.6288252692031198,0.6608023196715282,0.6169224331773125,,0.6284754783676039,0.6123615406125703,0.6284754783676039,0.6123615406125703,0.6284754783676039,0.6284754783676036,0.6169224331773125,0.6169224331773125,0.6276529308293394,0.6235827935949031,0.5993023077445707,0.5447729454657625,,,,,,,,,,,,,,,,,,,,,,,,,,,,,,,,,,,,,,,,,,,,,,,,,,,,,,,,,,,,,,,,,,,,,,,,,,,,,,,,,,,,,,,,,,,,,,,,,,,,,,,
PG_20230616_20230721,,,,,,,,,,,,,,,,,,,,,,,,,,,,,,,,,,,,,,,,,,,,,,,,,,,,,,,,,,,,,,,,,,,,,,,,,,,,,,,,,,,,,,,,,,,,,,,,,,,,,,,,,,,,,,,,0.8728573617855822,0.8780048780630537,0.8744549878039504,0.8743586453355491,,0.8679945937647459,0.8780048780630537,0.8711506750296181,0.8777152007510169,0.8765977483187166,0.8711099790794763,0.8760565064609577,0.8712305778244062,0.8744500709934866,0.8745425869518187,0.8796659272052598,0.8808552145337943,0.8707375098193945,0.8761822374459154,0.8743575003228761,0.870157782776659,0.8670238959651232,0.8702194450757058,0.8824332754087314,0.8706267232210058,0.8748078177303281,,0.8697656895156418,0.8678343125137638,0.8586580846678644,0.8554679481017536,0.8606322989621586,,,,,,,,,,,,,,,,,,,,,,,,,,,,,,,,,,,,,,,,,,,,,,,,,,,,,,,,,,,,,,,,,,,,,,,,,,,,,,,,,,,,,,,,,,,,,,,,,,,,,,,
TSLA_20180706_20180803,0.22500058716744356,0.1283006823444741,,0.09503676688432797,0.03577008546634275,0.13349229472548094,0.16232420662405192,-0.014698170359704714,0.11946387503701382,0.03911622261662794,0.10292842230096255,0.41322057037140963,,,,,,,,,,,,,,,,,,,,,,,,,,,,,,,,,,,,,,,,,,,,,,,,,,,,,,,,,,,,,,,,,,,,,,,,,,,,,,,,,,,,,,,,,,,,,,,,,,,,,,,,,,,,,,,,,,,,,,,,,,,,,,,,,,,,,,,,,,,,,,,,,,,,,,,,,,,,,,,,,,,,,,,,,,,,,,,,,,,,,,,,,,,,,,,,,,,,,,,,,,,,,,,,,,,,,,,,,,,,,,,,,,,,,,,,,,
TSLA_20191206_20200103,0.027134466692072836,0.007628345227492186,0.006423390744432123,0.05032285540599061,0.03751845161973185,0.021359322631173242,,0.023777557995169882,0.011894971111902783,0.007526159685482878,0.021066812829273578,-0.0005272625088501679,,,,,,,,,,,,,,,,,,,,,,,,,,,,,,,,,,,,,,,,,,,,,,,,,,,,,,,,,,,,,,,,,,,,,,,,,,,,,,,,,,,,,,,,,,,,,,,,,,,,,,,,,,,,,,,,,,,,,,,,,,,,,,,,,,,,,,,,,,,,,,,,,,,,,,,,,,,,,,,,,,,,,,,,,,,,,,,,,,,,,,,,,,,,,,,,,,,,,,,,,,,,,,,,,,,,,,,,,,,,,,,,,,,,,,,,,,
TSLA_20200306_20200403,1.0,1.0,1.0,1.0,1.0,1.0,1.0,1.0,1.0,1.0,1.0,1.0,1.0,1.0,,1.0,1.0,,,,,,,,,,,,,,,,,,,,,,,,,,,,,,,,,,,,,,,,,,,,,,,,,,,,,,,,,,,,,,,,,,,,,,,,,,,,,,,,,,,,,,,,,,,,,,,,,,,,,,,,,,,,,,,,,,,,,,,,,,,,,,,,,,,,,,,,,,,,,,,,,,,,,,,,,,,,,,,,,,,,,,,,,,,,,,,,,,,,,,,,,,,,,,,,,,,,,,,,,,,,,,,,,,,,,,,,,,,,,,,,,,,,,
TSLA_20200409_20200501,0.015207305428000775,0.045224052382084774,0.028838998166365704,0.032037495783274736,0.18013310200480043,0.26793497101266583,0.07219467742147928,0.11244378258692705,0.04244175956041414,0.10883846795553016,0.021912222714918914,0.03865990872097621,-0.00404865802612212,0.1462084886070746,0.24568767249121787,0.22701827705909777,0.4665984330395019,0.8929350044942855,0.9041728191005417,0.979552583782811,0.021421248393572977,,,,,,,,,,,,,,,,,,,,,,,,,,,,,,,,,,,,,,,,,,,,,,,,,,,,,,,,,,,,,,,,,,,,,,,,,,,,,,,,,,,,,,,,,,,,,,,,,,,,,,,,,,,,,,,,,,,,,,,,,,,,,,,,,,,,,,,,,,,,,,,,,,,,,,,,,,,,,,,,,,,,,,,,,,,,,,,,,,,,,,,,,,,,,,,,,,,,,,,,,,,,,,,,,,,,,,,,,,,,,,,,,
TSLA_20200612_20200702,0.017173143005485347,0.0006658930588862617,0.004231154341565114,0.022225710856478998,0.030863610803235283,0.034428561558546615,0.02936821973936401,0.27055723374494034,0.15498909691622337,0.026805305856587944,0.038687882662132356,0.3628301623794316,0.023438459207865598,0.025644484032775212,,0.014362342114582824,0.015525554361625988,,,,,,,,,,,,,,,,,,,,,,,,,,,,,,,,,,,,,,,,,,,,,,,,,,,,,,,,,,,,,,,,,,,,,,,,,,,,,,,,,,,,,,,,,,,,,,,,,,,,,,,,,,,,,,,,,,,,,,,,,,,,,,,,,,,,,,,,,,,,,,,,,,,,,,,,,,,,,,,,,,,,,,,,,,,,,,,,,,,,,,,,,,,,,,,,,,,,,,,,,,,,,,,,,,,,,,,,,,,,,,,,,,,,,
TSLA_20200904_20201002,1.0,1.0,1.0,1.0,1.0,1.0,1.0,1.0,1.0,1.0,1.0,1.0,1.0,1.0,1.0,1.0,1.0,,,,,,,,,,,,,,,,,,,,,,,,,,,,,,,,,,,,,,,,,,,,,,,,,,,,,,,,,,,,,,,,,,,,,,,,,,,,,,,,,,,,,,,,,,,,,,,,,,,,,,,,,,,,,,,,,,,,,,,,,,,,,,,,,,,,,,,,,,,,,,,,,,,,,,,,,,,,,,,,,,,,,,,,,,,,,,,,,,,,,,,,,,,,,,,,,,,,,,,,,,,,,,,,,,,,,,,,,,,,,,,,,,,,,
TSLA_20210604_20210702,0.1483369047601255,0.20131088701450997,-0.0020584396570759037,0.02433801209154988,,0.024346693033566333,0.035514768201557544,0.22231233565877032,0.005926385520121324,0.022143011970999642,0.2512232492119947,0.06604835518726308,0.1391873251895452,-0.0017572857439858572,0.06508026620441365,0.03836458899754181,0.14914766959790948,,,,,,,,,,,,,,,,,,,,,,,,,,,,,,,,,,,,,,,,,,,,,,,,,,,,,,,,,,,,,,,,,,,,,,,,,,,,,,,,,,,,,,,,,,,,,,,,,,,,,,,,,,,,,,,,,,,,,,,,,,,,,,,,,,,,,,,,,,,,,,,,,,,,,,,,,,,,,,,,,,,,,,,,,,,,,,,,,,,,,,,,,,,,,,,,,,,,,,,,,,,,,,,,,,,,,,,,,,,,,,,,,,,,,
TSLA_20210806_20210903,0.554644885003749,0.08998600391904062,0.021291645157120686,0.10632484741262602,0.4039350474035633,0.28147760857102055,0.34044539335521506,0.5335482339426987,0.37041831240535955,0.4965713771298494,0.5480918138906418,0.4749671029171025,,,,,,,,,,,,,,,,,,,,,,,,,,,,,,,,,,,,,,,,,,,,,,,,,,,,,,,,,,,,,,,,,,,,,,,,,,,,,,,,,,,,,,,,,,,,,,,,,,,,,,,,,,,,,,,,,,,,,,,,,,,,,,,,,,,,,,,,,,,,,,,,,,,,,,,,,,,,,,,,,,,,,,,,,,,,,,,,,,,,,,,,,,,,,,,,,,,,,,,,,,,,,,,,,,,,,,,,,,,,,,,,,,,,,,,,,,
TSLA_20211126_20211203,1.0,,1.0,1.0,1.0,1.0,1.0,1.0,1.0,1.0,1.0,1.0,1.0,1.0,1.0,1.0,1.0,1.0,1.0,1.0,1.0,1.0,1.0,1.0,1.0,1.0,1.0,,,,,,,,,,,,,,,,,,,,,,,,,,,,,,,,,,,,,,,,,,,,,,,,,,,,,,,,,,,,,,,,,,,,,,,,,,,,,,,,,,,,,,,,,,,,,,,,,,,,,,,,,,,,,,,,,,,,,,,,,,,,,,,,,,,,,,,,,,,,,,,,,,,,,,,,,,,,,,,,,,,,,,,,,,,,,,,,,,,,,,,,,,,,,,,,,,,,,,,,,,,,,,,,,,,,,,,,,,,
TSLA_20220506_20220603,1.0,1.0,1.0,1.0,1.0,1.0,1.0,1.0,1.0,1.0,1.0,1.0,,,,,,,,,,,,,,,,,,,,,,,,,,,,,,,,,,,,,,,,,,,,,,,,,,,,,,,,,,,,,,,,,,,,,,,,,,,,,,,,,,,,,,,,,,,,,,,,,,,,,,,,,,,,,,,,,,,,,,,,,,,,,,,,,,,,,,,,,,,,,,,,,,,,,,,,,,,,,,,,,,,,,,,,,,,,,,,,,,,,,,,,,,,,,,,,,,,,,,,,,,,,,,,,,,,,,,,,,,,,,,,,,,,,,,,,,,
TSLA_20221104_20221202,1.0,1.0,1.0,1.0,1.0,1.0,1.0,1.0,1.0,1.0,1.0,1.0,1.0,1.0,1.0,1.0,1.0,,,,,,,,,,,,,,,,,,,,,,,,,,,,,,,,,,,,,,,,,,,,,,,,,,,,,,,,,,,,,,,,,,,,,,,,,,,,,,,,,,,,,,,,,,,,,,,,,,,,,,,,,,,,,,,,,,,,,,,,,,,,,,,,,,,,,,,,,,,,,,,,,,,,,,,,,,,,,,,,,,,,,,,,,,,,,,,,,,,,,,,,,,,,,,,,,,,,,,,,,,,,,,,,,,,,,,,,,,,,,,,,,,,,,
TSLA_20230106_20230203,,,,,,0.012453605380506333,0.011843369705939508,0.02771668079666642,0.08832692023817873,,-0.01193086977163099,0.0023690269002873774,,,,,,,,,,,,,,,,,,,,,,,,,,,,,,,,,,,,,,,,,,,,,,,,,,,,,,,,,,,,,,,,,,,,,,,,,,,,,,,,,,,,,,,,,,,,,,,,,,,,,,,,,,,,,,,,,,,,,,,,,,,,,,,,,,,,,,,,,,,,,,,,,,,,,,,,,,,,,,,,,,,,,,,,,,,,,,,,,,,,,,,,,,,,,,,,,,,,,,,,,,,,,,,,,,,,,,,,,,,,,,,,,,,,,,,,,,
TSLA_20230127_20230210,,,,,,,,,,,,,,,,,,,,,0.7397498399363667,0.7338426833644053,,,,,,,,,,,,,,,,,,,,,,,,,,,,,,,,,,,,,,,,,,,,,,,,,,,,,,,,,,,,,,,,,,,,,,,,,,,,,,,,,,,,,,,,,,,,,,,,,,,,,,,,,,,,,,,,,,,,,,,,,,,,,,,,,,,,,,,,,,,,,,,,,,,,,,,,,,,,,,,,,,,,,,,,,,,,,,,,,,,,,,,,,,,,,,,,,,,,,,,,,,,,,,,,,,,,,,,,,,,,,,,,
TSLA_20230217_20230317,,,,,,,,,,,,,,,,,,,,,,,,,,,,1.0,1.0,1.0,1.0,1.0,1.0,1.0,1.0,1.0,1.0,1.0,1.0,1.0,1.0,1.0,1.0,1.0,1.0,1.0,1.0,1.0,1.0,1.0,1.0,1.0,,1.0,1.0,1.0,1.0,1.0,1.0,1.0,1.0,1.0,1.0,1.0,1.0,1.0,1.0,1.0,1.0,1.0,1.0,1.0,1.0,1.0,1.0,1.0,1.0,1.0,1.0,1.0,1.0,1.0,1.0,1.0,1.0,1.0,1.0,1.0,1.0,1.0,1.0,1.0,1.0,1.0,1.0,1.0,1.0,,,,,,,,,,,,,,,,,,,,,,,,,,,,,,,,,,,,,,,,,,,,,,,,,,,,,,,,,,,,,,,,,,,,,,,,,,,,,,,,,,,,,,,,,,,,,,,,,,,,,,,,,,,,,,,,,,,,,,,,,,,,,,,,,,,,,,,,,,,,,,,,,,,,,
TSLA_20230317_20230421,,,,,,,,,,,,,,,,,,,,,,,,,,,,,,,,,,,,,,,,,,,,,,,1.0,1.0,1.0,1.0,,1.0,1.0,1.0,1.0,1.0,1.0,1.0,1.0,1.0,1.0,1.0,1.0,1.0,1.0,1.0,1.0,1.0,1.0,1.0,1.0,1.0,,1.0,1.0,1.0,1.0,1.0,1.0,1.0,1.0,1.0,1.0,1.0,1.0,1.0,1.0,1.0,1.0,1.0,1.0,1.0,1.0,1.0,1.0,1.0,1.0,1.0,1.0,1.0,1.0,1.0,1.0,1.0,1.0,1.0,1.0,1.0,1.0,1.0,1.0,1.0,1.0,1.0,1.0,1.0,1.0,1.0,1.0,1.0,1.0,1.0,1.0,1.0,1.0,1.0,1.0,1.0,1.0,1.0,,1.0,1.0,1.0,1.0,1.0,1.0,1.0,1.0,1.0,1.0,1.0,1.0,1.0,1.0,1.0,1.0,1.0,1.0,1.0,1.0,1.0,1.0,1.0,1.0,1.0,1.0,1.0,1.0,1.0,1.0,1.0,1.0,,,,,,,,,,,,,,,,,,,,,,,,,,,,,,,,,,,,,,,,,,,,,,,,,,,,,,,,,,,,,,,,,,,,,,,,,,,,,,,,,,,
TSLA_20230421_20230519,,,,,,,,,,,,,,,,,,,,,,,,,,,,,,,,,,,,,,,,,,,,,,,,,,,,,,,,,,,,,,,,,,,,,,,,0.7213890713907871,0.7475983869116728,0.756392698501986,0.7579215915024253,,0.6569117494473503,0.7108122527829127,0.5554920060919044,0.5171162106019253,0.5571286421419673,0.5208224536745933,0.5236648061867011,0.5018873191462728,0.501896721940162,0.44891576576168324,,,,,,,,,,,,,,,,,,,,,,,,,,,,,,,,,,,,,,,,,,,,,,,,,,,,,,,,,,,,,,,,,,,,,,,,,,,,,,,,,,,,,,,,,,,,,,,,,,,,,,,,,,,,,,,,,,,,,,,,,,,,,,,,,,,,,,,,,,,,,,,,,,,,,,,,,,,,,,,,
TSLA_20230519_20230616,,,,,,,,,,,,,,,,,,,,,,,,,,,,,,,,,,,,,,,,,,,,,,,,,,,,,,,,,,,,,,,,,,,,,,,,,,,,,,,,,,,,,,,,,,,,0.2571666437138886,0.31039077260827996,0.359284318863616,0.3016247156902436,,0.23204144678525143,0.22947937791621162,0.2795759591495045,0.09811660263922285,0.07265341957602463,0.19185821903677058,0.11631851228566853,0.08635769890418599,0.2225945839313802,0.18792006231447536,,,,,,,,,,,,,,,,,,,,,,,,,,,,,,,,,,,,,,,,,,,,,,,,,,,,,,,,,,,,,,,,,,,,,,,,,,,,,,,,,,,,,,,,,,,,,,,,,,,,,,,,,,,,,,,,,,,,,,,,,,,,,,,,,,,,,,,,,,,,
TSLA_20230616_20230721,,,,,,,,,,,,,,,,,,,,,,,,,,,,,,,,,,,,,,,,,,,,,,,,,,,,,,,,,,,,,,,,,,,,,,,,,,,,,,,,,,,,,,,,,,,,,,,,,,,,,,,,,,,,,,,,1.0,1.0,1.0,1.0,,1.0,1.0,1.0,1.0,1.0,1.0,1.0,1.0,1.0,1.0,1.0,1.0,1.0,1.0,1.0,1.0,1.0,1.0,1.0,1.0,1.0,,1.0,,,,,,,,,,,,,,,,,,,,,,,,,,,,,,,,,,,,,,,,,,,,,,,,,,,,,,,,,,,,,,,,,,,,,,,,,,,,,,,,,,,,,,,,,,,,,,,,,,,,,,,,,,,
TSLA_20231215_20240119,,,,,,,,,,,,,,,,,,,,,,,,,,,,,,,,,,,,,,,,,,,,,,,,,,,,,,,,,,,,,,,,,,,,,,,,,,,,,,,,,,,,,,,,,,,,,,,,,,,,,,,,,,,,,,,,,,,,,,,,,,,,,,,,,,,,,,,,,,,,,,,,,,,,,,,,,,,,,,,,,,,,,,,,,,,,,,,,,,,,,,,,,,,,,,,,,,,,,,,,,,,,,,,,,,,,,,,,,,,,,,,,,,,,,,,,,,,,,,,,1.0,1.0,1.0,1.0,1.0,1.0,1.0
V_20180706_20180803,0.6463712234496245,0.6714348734110295,,0.6932174607841726,0.6386769494218669,0.7202184904293941,0.7237847284484319,0.7032680874830728,0.6450342949095669,0.6707360027569021,0.6911199768474023,0.6783833940811329,,,,,,,,,,,,,,,,,,,,,,,,,,,,,,,,,,,,,,,,,,,,,,,,,,,,,,,,,,,,,,,,,,,,,,,,,,,,,,,,,,,,,,,,,,,,,,,,,,,,,,,,,,,,,,,,,,,,,,,,,,,,,,,,,,,,,,,,,,,,,,,,,,,,,,,,,,,,,,,,,,,,,,,,,,,,,,,,,,,,,,,,,,,,,,,,,,,,,,,,,,,,,,,,,,,,,,,,,,,,,,,,,,,,,,,,,,
V_20191206_20200103,0.6739528561389058,0.6709545567915572,0.6602539954672001,0.6595544310951864,0.6627580694711832,0.6839091180988015,,0.663993107225874,0.6595544310951864,0.6639931072258737,0.6552962421297256,0.6887703049838544,,,,,,,,,,,,,,,,,,,,,,,,,,,,,,,,,,,,,,,,,,,,,,,,,,,,,,,,,,,,,,,,,,,,,,,,,,,,,,,,,,,,,,,,,,,,,,,,,,,,,,,,,,,,,,,,,,,,,,,,,,,,,,,,,,,,,,,,,,,,,,,,,,,,,,,,,,,,,,,,,,,,,,,,,,,,,,,,,,,,,,,,,,,,,,,,,,,,,,,,,,,,,,,,,,,,,,,,,,,,,,,,,,,,,,,,,,
V_20200306_20200403,1.0,1.0,1.0,1.0,1.0,1.0,1.0,1.0,1.0,1.0,1.0,1.0,1.0,1.0,,1.0,1.0,,,,,,,,,,,,,,,,,,,,,,,,,,,,,,,,,,,,,,,,,,,,,,,,,,,,,,,,,,,,,,,,,,,,,,,,,,,,,,,,,,,,,,,,,,,,,,,,,,,,,,,,,,,,,,,,,,,,,,,,,,,,,,,,,,,,,,,,,,,,,,,,,,,,,,,,,,,,,,,,,,,,,,,,,,,,,,,,,,,,,,,,,,,,,,,,,,,,,,,,,,,,,,,,,,,,,,,,,,,,,,,,,,,,,
V_20200409_20200501,0.9084081163145927,0.9439315870881582,0.918203640538843,0.9504725557785049,0.9549582710756424,0.9411996435030993,0.9526174675982242,0.9423750076187394,0.8798873357789386,0.9401348026469513,0.9405688058017881,0.9424495637093693,0.9501449162821022,0.950607831517138,0.9548632326218266,0.953238759784297,0.9447218973915895,0.943959765430543,0.8914273464254445,0.9438942726956143,0.9046654158049947,,,,,,,,,,,,,,,,,,,,,,,,,,,,,,,,,,,,,,,,,,,,,,,,,,,,,,,,,,,,,,,,,,,,,,,,,,,,,,,,,,,,,,,,,,,,,,,,,,,,,,,,,,,,,,,,,,,,,,,,,,,,,,,,,,,,,,,,,,,,,,,,,,,,,,,,,,,,,,,,,,,,,,,,,,,,,,,,,,,,,,,,,,,,,,,,,,,,,,,,,,,,,,,,,,,,,,,,,,,,,,,,,
V_20200612_20200702,0.8977009560735602,0.8015556607774202,0.9065112492746534,0.8191461871731929,0.8568935659819648,0.8150476095843607,0.9065128103055767,0.9066534422677189,0.907550165437491,0.9056260228810108,0.9075308185378919,0.9056124915404842,0.9075551060178958,0.8947160892826191,,0.8966920699375024,0.856096233395448,,,,,,,,,,,,,,,,,,,,,,,,,,,,,,,,,,,,,,,,,,,,,,,,,,,,,,,,,,,,,,,,,,,,,,,,,,,,,,,,,,,,,,,,,,,,,,,,,,,,,,,,,,,,,,,,,,,,,,,,,,,,,,,,,,,,,,,,,,,,,,,,,,,,,,,,,,,,,,,,,,,,,,,,,,,,,,,,,,,,,,,,,,,,,,,,,,,,,,,,,,,,,,,,,,,,,,,,,,,,,,,,,,,,,
V_20200904_20201002,1.0,1.0,1.0,1.0,1.0,1.0,1.0,1.0,1.0,1.0,1.0,1.0,1.0,1.0,1.0,1.0,1.0,,,,,,,,,,,,,,,,,,,,,,,,,,,,,,,,,,,,,,,,,,,,,,,,,,,,,,,,,,,,,,,,,,,,,,,,,,,,,,,,,,,,,,,,,,,,,,,,,,,,,,,,,,,,,,,,,,,,,,,,,,,,,,,,,,,,,,,,,,,,,,,,,,,,,,,,,,,,,,,,,,,,,,,,,,,,,,,,,,,,,,,,,,,,,,,,,,,,,,,,,,,,,,,,,,,,,,,,,,,,,,,,,,,,,
V_20210604_20210702,0.6408653735666549,0.8024952844008812,0.5987192529786151,0.7874234034072356,,0.6376554243101871,0.8089239779378462,0.8056418449683699,0.7949298146302014,0.8031245571617797,0.8027840961998995,0.8031756402758916,0.8064996523778658,0.7938519790844151,0.7871446717911137,0.7474010775950127,0.6829334150816431,,,,,,,,,,,,,,,,,,,,,,,,,,,,,,,,,,,,,,,,,,,,,,,,,,,,,,,,,,,,,,,,,,,,,,,,,,,,,,,,,,,,,,,,,,,,,,,,,,,,,,,,,,,,,,,,,,,,,,,,,,,,,,,,,,,,,,,,,,,,,,,,,,,,,,,,,,,,,,,,,,,,,,,,,,,,,,,,,,,,,,,,,,,,,,,,,,,,,,,,,,,,,,,,,,,,,,,,,,,,,,,,,,,,,
V_20210806_20210903,1.0,1.0,1.0,1.0,1.0,1.0,1.0,1.0,1.0,1.0,1.0,1.0,,,,,,,,,,,,,,,,,,,,,,,,,,,,,,,,,,,,,,,,,,,,,,,,,,,,,,,,,,,,,,,,,,,,,,,,,,,,,,,,,,,,,,,,,,,,,,,,,,,,,,,,,,,,,,,,,,,,,,,,,,,,,,,,,,,,,,,,,,,,,,,,,,,,,,,,,,,,,,,,,,,,,,,,,,,,,,,,,,,,,,,,,,,,,,,,,,,,,,,,,,,,,,,,,,,,,,,,,,,,,,,,,,,,,,,,,,
V_20211126_20211203,1.0,,1.0,1.0,1.0,1.0,1.0,1.0,1.0,1.0,1.0,1.0,1.0,1.0,1.0,1.0,1.0,1.0,1.0,1.0,1.0,1.0,1.0,1.0,1.0,1.0,1.0,,,,,,,,,,,,,,,,,,,,,,,,,,,,,,,,,,,,,,,,,,,,,,,,,,,,,,,,,,,,,,,,,,,,,,,,,,,,,,,,,,,,,,,,,,,,,,,,,,,,,,,,,,,,,,,,,,,,,,,,,,,,,,,,,,,,,,,,,,,,,,,,,,,,,,,,,,,,,,,,,,,,,,,,,,,,,,,,,,,,,,,,,,,,,,,,,,,,,,,,,,,,,,,,,,,,,,,,,,,
V_20220506_20220603,0.7257090289847883,0.7185596909876057,0.7396374846221914,0.7113378340825721,0.7292582820214503,0.7279411761770994,0.7497492486122733,0.5312051948879024,0.7189549527455253,0.7268073430481782,0.6909117126990465,0.6800609033545235,,,,,,,,,,,,,,,,,,,,,,,,,,,,,,,,,,,,,,,,,,,,,,,,,,,,,,,,,,,,,,,,,,,,,,,,,,,,,,,,,,,,,,,,,,,,,,,,,,,,,,,,,,,,,,,,,,,,,,,,,,,,,,,,,,,,,,,,,,,,,,,,,,,,,,,,,,,,,,,,,,,,,,,,,,,,,,,,,,,,,,,,,,,,,,,,,,,,,,,,,,,,,,,,,,,,,,,,,,,,,,,,,,,,,,,,,,
V_20221104_20221202,0.5523288607512331,0.5204377542174384,0.5418974722625224,0.5303988657934675,0.5295141604304776,0.5424056706849392,0.5269936180214432,0.5268079065693748,0.5433826987316921,0.5466355055699723,0.5584293363850917,0.5788432795590777,0.5765699923879658,0.5651632012956511,0.5592710880579286,0.5613705787131049,0.5615744935545494,,,,,,,,,,,,,,,,,,,,,,,,,,,,,,,,,,,,,,,,,,,,,,,,,,,,,,,,,,,,,,,,,,,,,,,,,,,,,,,,,,,,,,,,,,,,,,,,,,,,,,,,,,,,,,,,,,,,,,,,,,,,,,,,,,,,,,,,,,,,,,,,,,,,,,,,,,,,,,,,,,,,,,,,,,,,,,,,,,,,,,,,,,,,,,,,,,,,,,,,,,,,,,,,,,,,,,,,,,,,,,,,,,,,,
V_20230106_20230203,,,,,,0.7489617069391297,0.7363170850324876,0.7483596902850103,0.7412552612384878,,0.7553422717576297,0.7145366426297874,,,,,,,,,,,,,,,,,,,,,,,,,,,,,,,,,,,,,,,,,,,,,,,,,,,,,,,,,,,,,,,,,,,,,,,,,,,,,,,,,,,,,,,,,,,,,,,,,,,,,,,,,,,,,,,,,,,,,,,,,,,,,,,,,,,,,,,,,,,,,,,,,,,,,,,,,,,,,,,,,,,,,,,,,,,,,,,,,,,,,,,,,,,,,,,,,,,,,,,,,,,,,,,,,,,,,,,,,,,,,,,,,,,,,,,,,,
V_20230127_20230210,,,,,,,,,,,,,,,,,,,,,1.0,1.0,,,,,,,,,,,,,,,,,,,,,,,,,,,,,,,,,,,,,,,,,,,,,,,,,,,,,,,,,,,,,,,,,,,,,,,,,,,,,,,,,,,,,,,,,,,,,,,,,,,,,,,,,,,,,,,,,,,,,,,,,,,,,,,,,,,,,,,,,,,,,,,,,,,,,,,,,,,,,,,,,,,,,,,,,,,,,,,,,,,,,,,,,,,,,,,,,,,,,,,,,,,,,,,,,,,,,,,,,,,,,,,,
V_20230217_20230317,,,,,,,,,,,,,,,,,,,,,,,,,,,,1.0,1.0,1.0,1.0,1.0,1.0,1.0,1.0,1.0,1.0,1.0,1.0,1.0,1.0,1.0,1.0,1.0,1.0,1.0,1.0,1.0,1.0,1.0,1.0,1.0,,1.0,1.0,1.0,1.0,1.0,1.0,1.0,1.0,,,,,,,,,,,,,,,,,,,,,,,,,,,,,,,,,,,,,,,,,,,,,,,,,,,,,,,,,,,,,,,,,,,,,,,,,,,,,,,,,,,,,,,,,,,,,,,,,,,,,,,,,,,,,,,,,,,,,,,,,,,,,,,,,,,,,,,,,,,,,,,,,,,,,,,,,,,,,,,,,,,,,,,,,,,,,,,,,,,,,,,,,
V_20230317_20230421,,,,,,,,,,,,,,,,,,,,,,,,,,,,,,,,,,,,,,,,,,,,,,,0.3827836803071994,0.686629337013626,0.6074780262526427,0.7023469324169946,,0.6952324527438504,0.4616203744239416,0.4471067770045188,0.6814626216471154,0.7113677188891273,0.6866293370136258,0.693519852065144,0.4028884768418854,0.6911554318299373,0.6833613374067593,0.40217383883013236,0.6821864240218414,0.6918252714954822,0.5105211259391078,0.42161962308050993,0.6804345839965223,0.27736432701589436,0.33021998657026097,0.6760959973529995,0.3827836803071994,0.6760568992179566,,0.6868925737749143,0.4574406059592065,0.5344260199532123,0.3706630454398776,0.5644400095493197,0.2780084860679739,0.4010595793421613,0.6962875465632758,0.4734266572754933,0.4420864275681801,0.7072693545052195,0.5541624743490666,0.40439019897728434,0.5184885953535593,0.6069793911824726,0.49528626724188246,0.6128092376964832,0.31794029946690955,0.5916307729562092,0.4957559435605215,0.581002075715716,0.7144719794939506,0.5166953247934154,0.7094271094690366,0.704015083950959,0.7014477371429662,0.7225543817901684,0.5622093583050534,0.554240751894917,0.6387262506818385,0.5882800687719273,0.722603714889691,0.5843010549459278,0.7021921834813032,0.7242847511113198,0.5385227306452512,0.5894520721000612,0.6258399409823948,0.6082506492358929,0.6988168240674835,0.6832174727876876,0.6074059380061624,0.641304443611812,0.5768263154130121,0.5469212059860905,0.5444767092722098,0.6946379899545365,0.4622684636994135,0.6902978634051178,0.6767908908941085,0.6767767380918409,0.6682336884511241,,,,,,,,,,,,,,,,,,,,,,,,,,,,,,,,,,,,,,,,,,,,,,,,,,,,,,,,,,,,,,,,,,,,,,,,,,,,,,,,,,,,,,,,,,,,,,,,,,,,,,,,,,,,,,,,,,,,,,,,,
WMT_20180706_20180803,0.6575730989687434,0.6718129283086829,,0.665968382180294,0.6476152022029479,0.702861223158877,0.7038458857667191,0.7188223588467875,0.6941780335063853,0.7177281431244864,0.6962992236340741,0.6928390345881361,,,,,,,,,,,,,,,,,,,,,,,,,,,,,,,,,,,,,,,,,,,,,,,,,,,,,,,,,,,,,,,,,,,,,,,,,,,,,,,,,,,,,,,,,,,,,,,,,,,,,,,,,,,,,,,,,,,,,,,,,,,,,,,,,,,,,,,,,,,,,,,,,,,,,,,,,,,,,,,,,,,,,,,,,,,,,,,,,,,,,,,,,,,,,,,,,,,,,,,,,,,,,,,,,,,,,,,,,,,,,,,,,,,,,,,,,,
WMT_20191206_20200103,1.0,1.0,1.0,1.0,1.0,1.0,,1.0,1.0,1.0,1.0,1.0,,,,,,,,,,,,,,,,,,,,,,,,,,,,,,,,,,,,,,,,,,,,,,,,,,,,,,,,,,,,,,,,,,,,,,,,,,,,,,,,,,,,,,,,,,,,,,,,,,,,,,,,,,,,,,,,,,,,,,,,,,,,,,,,,,,,,,,,,,,,,,,,,,,,,,,,,,,,,,,,,,,,,,,,,,,,,,,,,,,,,,,,,,,,,,,,,,,,,,,,,,,,,,,,,,,,,,,,,,,,,,,,,,,,,,,,,,
WMT_20200306_20200403,0.9000775555494537,0.8979350311500591,0.8592442216997319,0.892750770731081,0.8908998212319352,0.8502500137580109,0.8172841586321932,0.8436820041148648,0.843445002937738,0.8477033780951256,0.8517770361506886,0.8470524139370431,0.8552577785609835,0.8498992492819445,,0.8412350800311297,0.8483535454819519,,,,,,,,,,,,,,,,,,,,,,,,,,,,,,,,,,,,,,,,,,,,,,,,,,,,,,,,,,,,,,,,,,,,,,,,,,,,,,,,,,,,,,,,,,,,,,,,,,,,,,,,,,,,,,,,,,,,,,,,,,,,,,,,,,,,,,,,,,,,,,,,,,,,,,,,,,,,,,,,,,,,,,,,,,,,,,,,,,,,,,,,,,,,,,,,,,,,,,,,,,,,,,,,,,,,,,,,,,,,,,,,,,,,,
WMT_20200409_20200501,0.9587274812857437,0.9350104291157131,0.9366457629853455,0.9370063157521806,0.9280017481175793,0.958473771152711,0.953280420922547,0.9466022526110518,0.9341122043731905,0.9410369173699443,0.9434553325992411,0.9379743805777172,0.933478062317534,0.9625680231532621,0.9372023769238493,0.9654948742353996,0.965035023574595,0.9641046248202846,0.9643753176342098,0.9591973599825258,0.9402229788684868,,,,,,,,,,,,,,,,,,,,,,,,,,,,,,,,,,,,,,,,,,,,,,,,,,,,,,,,,,,,,,,,,,,,,,,,,,,,,,,,,,,,,,,,,,,,,,,,,,,,,,,,,,,,,,,,,,,,,,,,,,,,,,,,,,,,,,,,,,,,,,,,,,,,,,,,,,,,,,,,,,,,,,,,,,,,,,,,,,,,,,,,,,,,,,,,,,,,,,,,,,,,,,,,,,,,,,,,,,,,,,,,,
WMT_20200612_20200702,0.9051820579913987,0.9345827092226779,0.900479821516036,0.904398041362679,0.9264171241136115,0.9317084134342126,0.9450283371889175,0.9382952881573853,0.907817722470464,0.9184926227782197,0.9036906739966338,0.9073586808604202,0.9234346587425517,0.9286854991592952,,0.9237536466628805,0.912932104373746,,,,,,,,,,,,,,,,,,,,,,,,,,,,,,,,,,,,,,,,,,,,,,,,,,,,,,,,,,,,,,,,,,,,,,,,,,,,,,,,,,,,,,,,,,,,,,,,,,,,,,,,,,,,,,,,,,,,,,,,,,,,,,,,,,,,,,,,,,,,,,,,,,,,,,,,,,,,,,,,,,,,,,,,,,,,,,,,,,,,,,,,,,,,,,,,,,,,,,,,,,,,,,,,,,,,,,,,,,,,,,,,,,,,,
WMT_20200904_20201002,1.0,1.0,1.0,1.0,1.0,1.0,1.0,1.0,1.0,1.0,1.0,1.0,1.0,1.0,1.0,1.0,1.0,,,,,,,,,,,,,,,,,,,,,,,,,,,,,,,,,,,,,,,,,,,,,,,,,,,,,,,,,,,,,,,,,,,,,,,,,,,,,,,,,,,,,,,,,,,,,,,,,,,,,,,,,,,,,,,,,,,,,,,,,,,,,,,,,,,,,,,,,,,,,,,,,,,,,,,,,,,,,,,,,,,,,,,,,,,,,,,,,,,,,,,,,,,,,,,,,,,,,,,,,,,,,,,,,,,,,,,,,,,,,,,,,,,,,
WMT_20210604_20210702,1.0,1.0,1.0,1.0,,1.0,1.0,1.0,1.0,1.0,1.0,1.0,1.0,1.0,1.0,1.0,1.0,,,,,,,,,,,,,,,,,,,,,,,,,,,,,,,,,,,,,,,,,,,,,,,,,,,,,,,,,,,,,,,,,,,,,,,,,,,,,,,,,,,,,,,,,,,,,,,,,,,,,,,,,,,,,,,,,,,,,,,,,,,,,,,,,,,,,,,,,,,,,,,,,,,,,,,,,,,,,,,,,,,,,,,,,,,,,,,,,,,,,,,,,,,,,,,,,,,,,,,,,,,,,,,,,,,,,,,,,,,,,,,,,,,,,
WMT_20210806_20210903,0.7918807301272462,0.7725621000598784,0.7976060015983133,0.768513521110663,0.7930799945674799,0.7921039091171234,0.792537081042351,0.7925513609885643,0.7973466436639888,0.7342531539532372,0.750418127965114,0.7553003069604516,,,,,,,,,,,,,,,,,,,,,,,,,,,,,,,,,,,,,,,,,,,,,,,,,,,,,,,,,,,,,,,,,,,,,,,,,,,,,,,,,,,,,,,,,,,,,,,,,,,,,,,,,,,,,,,,,,,,,,,,,,,,,,,,,,,,,,,,,,,,,,,,,,,,,,,,,,,,,,,,,,,,,,,,,,,,,,,,,,,,,,,,,,,,,,,,,,,,,,,,,,,,,,,,,,,,,,,,,,,,,,,,,,,,,,,,,,
WMT_20211126_20211203,1.0,,1.0,1.0,1.0,1.0,1.0,1.0,1.0,1.0,1.0,1.0,1.0,1.0,1.0,1.0,1.0,1.0,1.0,1.0,1.0,1.0,1.0,1.0,1.0,1.0,1.0,,,,,,,,,,,,,,,,,,,,,,,,,,,,,,,,,,,,,,,,,,,,,,,,,,,,,,,,,,,,,,,,,,,,,,,,,,,,,,,,,,,,,,,,,,,,,,,,,,,,,,,,,,,,,,,,,,,,,,,,,,,,,,,,,,,,,,,,,,,,,,,,,,,,,,,,,,,,,,,,,,,,,,,,,,,,,,,,,,,,,,,,,,,,,,,,,,,,,,,,,,,,,,,,,,,,,,,,,,,
WMT_20220506_20220603,1.0,1.0,1.0,1.0,1.0,1.0,1.0,1.0,1.0,1.0,1.0,1.0,,,,,,,,,,,,,,,,,,,,,,,,,,,,,,,,,,,,,,,,,,,,,,,,,,,,,,,,,,,,,,,,,,,,,,,,,,,,,,,,,,,,,,,,,,,,,,,,,,,,,,,,,,,,,,,,,,,,,,,,,,,,,,,,,,,,,,,,,,,,,,,,,,,,,,,,,,,,,,,,,,,,,,,,,,,,,,,,,,,,,,,,,,,,,,,,,,,,,,,,,,,,,,,,,,,,,,,,,,,,,,,,,,,,,,,,,,
WMT_20221104_20221202,0.43735114248802004,0.47007001633384543,0.5315955989458996,0.4863178482431346,0.5828980933850502,0.6355419570080104,0.3789740610515308,0.56514230756016,0.45151688418417085,0.5094880233789855,0.5993220587407586,0.5962768220038873,0.4844080817542055,0.5291496531271589,0.6141388710561763,0.629863526482109,0.5309882239348759,,,,,,,,,,,,,,,,,,,,,,,,,,,,,,,,,,,,,,,,,,,,,,,,,,,,,,,,,,,,,,,,,,,,,,,,,,,,,,,,,,,,,,,,,,,,,,,,,,,,,,,,,,,,,,,,,,,,,,,,,,,,,,,,,,,,,,,,,,,,,,,,,,,,,,,,,,,,,,,,,,,,,,,,,,,,,,,,,,,,,,,,,,,,,,,,,,,,,,,,,,,,,,,,,,,,,,,,,,,,,,,,,,,,,
WMT_20230106_20230203,,,,,,1.0,1.0,1.0,1.0,,1.0,1.0,,,,,,,,,,,,,,,,,,,,,,,,,,,,,,,,,,,,,,,,,,,,,,,,,,,,,,,,,,,,,,,,,,,,,,,,,,,,,,,,,,,,,,,,,,,,,,,,,,,,,,,,,,,,,,,,,,,,,,,,,,,,,,,,,,,,,,,,,,,,,,,,,,,,,,,,,,,,,,,,,,,,,,,,,,,,,,,,,,,,,,,,,,,,,,,,,,,,,,,,,,,,,,,,,,,,,,,,,,,,,,,,,,,,,,,,,,
WMT_20230127_20230210,,,,,,,,,,,,,,,,,,,,,0.9773310734601435,0.9750950367401875,,,,,,,,,,,,,,,,,,,,,,,,,,,,,,,,,,,,,,,,,,,,,,,,,,,,,,,,,,,,,,,,,,,,,,,,,,,,,,,,,,,,,,,,,,,,,,,,,,,,,,,,,,,,,,,,,,,,,,,,,,,,,,,,,,,,,,,,,,,,,,,,,,,,,,,,,,,,,,,,,,,,,,,,,,,,,,,,,,,,,,,,,,,,,,,,,,,,,,,,,,,,,,,,,,,,,,,,,,,,,,,,
WMT_20230217_20230317,,,,,,,,,,,,,,,,,,,,,,,,,,,,1.0,1.0,1.0,1.0,1.0,1.0,1.0,1.0,1.0,1.0,1.0,1.0,1.0,1.0,1.0,1.0,1.0,1.0,1.0,1.0,1.0,1.0,1.0,1.0,1.0,,1.0,1.0,1.0,1.0,1.0,1.0,1.0,1.0,,,,,,,,,,,,,,,,,,,,,,,,,,,,,,,,,,,,,,,,,,,,,,,,,,,,,,,,,,,,,,,,,,,,,,,,,,,,,,,,,,,,,,,,,,,,,,,,,,,,,,,,,,,,,,,,,,,,,,,,,,,,,,,,,,,,,,,,,,,,,,,,,,,,,,,,,,,,,,,,,,,,,,,,,,,,,,,,,,,,,,,,,
