Date,BETA0,BETA1,BETA2,TAU1
1/1/18,NA,NA,NA,NA
2/1/18,4.906107408,-3.26604186,-1.609552024,2.342510044
3/1/18,4.82847019,-3.224983547,-1.129528674,2.656496489
4/1/18,4.699801622,-3.106695829,-0.773121101,2.741904056
5/1/18,4.737595689,-3.142993747,-0.889584101,2.618388139
8/1/18,4.746728018,-3.141301509,-1.028709612,2.513842068
9/1/18,4.896918355,-3.309387565,-1.027763229,2.638589675
10/1/18,4.946215688,-3.349814801,-1.113849847,2.6613431
11/1/18,4.788843333,-3.20082105,-0.716680216,2.940995048
12/1/18,4.851931511,-3.247763349,-0.916578448,2.662448919
15/1/18,NA,NA,NA,NA
16/1/18,4.630140691,-3.038263627,-0.191506265,3.14673556
17/1/18,4.410204012,-2.837057704,-0.001183543,3.001886606
18/1/18,4.698712436,-3.116877002,-0.319540793,2.927469323
19/1/18,4.545732125,-2.981604052,0.000485383,2.985594491
22/1/18,4.519496767,-2.965603214,4.77E-05,2.907830707
23/1/18,4.573537861,-2.997421775,-0.033194759,3.071617479
24/1/18,4.060515562,-2.495366839,-0.00031144,2.675808006
25/1/18,3.746259472,-2.17418126,-4.88E-05,2.408886291
26/1/18,3.864372395,-2.290109523,5.98E-05,2.304442175
29/1/18,4.130498477,-2.548935431,5.61E-05,2.549832672
30/1/18,4.057511675,-2.483730475,0.0001834,2.532369049
31/1/18,4.153400346,-2.561772465,5.30E-05,2.501012181
1/2/18,4.127854991,-2.566962972,0.00024788,2.409128254
2/2/18,4.812530246,-3.237069933,-0.349895695,2.67629966
5/2/18,5.064386966,-3.446460661,-0.968870358,2.587572737
6/2/18,4.478233517,-2.874055103,0.000809256,3.019732327
7/2/18,4.744778205,-3.097681973,-0.002829249,3.271964935
8/2/18,5.112073526,-3.440045443,-0.188556861,3.570072249
9/2/18,5.354359537,-3.635333054,-1.758451747,2.492513715
12/2/18,5.881532376,-4.102556717,-2.238265704,2.280020066
13/2/18,5.806772551,-4.031335936,-1.820337246,2.583558888
14/2/18,5.520187299,-3.781742125,-1.028539458,2.755383791
15/2/18,5.456778014,-3.707050389,-1.071042749,2.657235462
16/2/18,5.450627275,-3.692976122,-0.91331886,2.831240286
19/2/18,NA,NA,NA,NA
20/2/18,4.803253734,-3.040406525,0.000165442,3.301306922
21/2/18,4.647676804,-2.899752072,-4.03E-05,3.100355655
22/2/18,4.894916596,-3.131910433,0.000160888,3.391429079
23/2/18,5.039290241,-3.25130582,-0.003376606,3.593286604
26/2/18,4.922185289,-3.146929426,-0.372850538,3.173019658
27/2/18,4.375414462,-2.633485393,4.89E-05,2.831773809
28/2/18,4.788321968,-3.014596843,-0.567402818,2.585413132
1/3/18,4.673148427,-2.866632395,-0.769839494,2.54662108
2/3/18,4.695110894,-2.914934983,-0.176548972,3.06893752
5/3/18,4.934171295,-3.156344287,-0.667716469,2.695732887
6/3/18,5.052638116,-3.254702606,-0.94212089,2.496652175
7/3/18,4.836883854,-3.055703182,-0.237530418,3.02241569
8/3/18,4.826289378,-3.030372159,-0.41095351,2.858730018
9/3/18,4.728294358,-2.939660456,0.000259381,3.147580649
12/3/18,5.131511022,-3.305884441,-0.642701723,2.836319762
13/3/18,4.925527402,-3.097729764,-0.733982976,2.642431245
14/3/18,4.993955723,-3.161000535,-0.5964917,2.825549948
15/3/18,4.629472193,-2.79099018,0.00036783,3.156617097
16/3/18,4.614414153,-2.779604463,0.000246021,3.031130874
19/3/18,4.657137905,-2.798789318,0.002969617,3.120503032
20/3/18,4.042310356,-2.213972413,-9.64E-05,2.426389964
21/3/18,4.798160826,-2.954797531,-0.549714999,2.551030247
22/3/18,4.311844452,-2.484425133,-0.00016247,2.779651764
23/3/18,4.532677483,-2.691479101,0.000245081,3.16718554
26/3/18,4.267193678,-2.438575986,-5.89E-05,2.726211551
27/3/18,4.443964623,-2.585339423,0.000313816,3.177395593
28/3/18,4.352979261,-2.483162334,-8.90E-05,2.992434656
29/3/18,4.128196366,-2.254020599,0.000227556,2.837621724
30/3/18,NA,NA,NA,NA
2/4/18,4.873591817,-2.993743902,0.000547853,3.609835743
3/4/18,3.857402208,-2.017694859,0.000105074,2.408660821
4/4/18,3.729189414,-1.911844561,-5.99E-05,2.165012819
5/4/18,3.519990044,-1.733473675,-0.000168495,1.829976747
6/4/18,3.706147609,-1.885863599,-7.49E-05,2.211265142
9/4/18,3.719317782,-1.915226227,-8.48E-05,2.10161754
10/4/18,3.522893455,-1.724460427,-0.000183392,1.822186637
11/4/18,3.541832275,-1.727213036,-0.000168097,1.855836682
12/4/18,3.588841274,-1.802820413,0.000675307,1.734396279
13/4/18,3.4897751,-1.689070681,-5.76E-05,1.592205008
16/4/18,3.502785734,-1.68217693,8.75E-05,1.595238443
17/4/18,3.46386725,-1.608833213,-7.22E-05,1.585028506
18/4/18,3.269427558,-1.499472595,0.001213861,1.175990607
19/4/18,3.56879934,-1.713238783,0.000110185,1.621386372
20/4/18,3.666224939,-1.795457703,7.00E-05,1.696496299
23/4/18,3.80529861,-1.930222182,2.39E-05,1.757153051
24/4/18,3.881377809,-1.98732827,-0.000188541,1.934401335
25/4/18,3.648708493,-1.765984539,-6.57E-05,1.774233008
26/4/18,3.588671037,-1.701885441,-0.000375808,1.685389103
27/4/18,3.549296968,-1.667108085,3.08E-06,1.631111373
30/4/18,3.440728629,-1.553559094,0.001004715,1.495203041
1/5/18,3.302999874,-1.49394033,-0.000311041,1.178265002
2/5/18,3.357049616,-1.509267967,-0.000175802,1.305452467
3/5/18,3.278480843,-1.433418691,0.002345175,1.222889322
4/5/18,3.167780927,-1.480198145,-4.94E-05,0.597339587
7/5/18,3.165866126,-1.558574127,-3.77E-05,0.490367781
8/5/18,3.167237502,-1.601031373,1172.461397,0.854905092
9/5/18,3.206586361,-1.578090826,1892.147902,0.952710164
10/5/18,3.150349018,-1.728825538,2.86E-05,0.360566288
11/5/18,3.141210201,-1.476486411,0.000169982,0.531881112
14/5/18,3.164771058,-1.479657179,2590.449655,0.876228446
15/5/18,3.252602151,-1.531739292,3604.647608,0.846797514
16/5/18,3.273238684,-1.438850864,-0.000144967,1.129836971
17/5/18,3.341787908,-1.470869184,0.000140362,1.288955106
18/5/18,3.257302561,-1.443188783,2374.672069,0.9418731
21/5/18,3.257604431,-1.480623473,2566.05908,1.012638127
22/5/18,3.266249902,-1.446839219,3284.606,1.029069032
23/5/18,3.238440691,-1.400961234,1020.5386,1.134850264
24/5/18,3.27260833,-1.375377109,-0.000205181,1.397536993
25/5/18,3.355157515,-1.392670065,0.000321766,1.687054058
28/5/18,NA,NA,NA,NA
29/5/18,4.109814191,-2.124604975,0.00152825,3.435455079
30/5/18,3.304208866,-1.344929183,5.91E-05,1.800448884
31/5/18,3.611764646,-1.608587815,-9.69E-05,2.218481495
1/6/18,3.539681081,-1.540027454,-8.99E-05,1.898231564
4/6/18,3.466781687,-1.474015142,-0.000385459,1.686274071
5/6/18,3.552180905,-1.544291113,-2.17E-05,1.88234005
6/6/18,3.61877775,-1.59929247,0.000345302,1.890003625
7/6/18,3.532141119,-1.496679243,-8.06E-05,1.911662619
8/6/18,3.457212467,-1.434524116,-5.29E-05,1.820379885
11/6/18,3.284684157,-1.277144586,0.002419612,1.473563446
12/6/18,3.129085026,-1.646931201,575.3981689,0.695100236
13/6/18,3.143317955,-1.476192392,2794.202539,0.820276733
14/6/18,3.084191287,-1.642541867,0.088500299,0.332449462
15/6/18,3.068898096,-2.30544258,-0.000533784,0.185316441
18/6/18,3.081391206,-1.771791824,0.347052833,0.338209674
19/6/18,3.057741332,-1.736937522,-8.48E-05,0.28267888
20/6/18,3.097992548,-1.798231091,0.000334993,0.290208385
21/6/18,3.082113496,-1.509434806,7.56E-05,0.387617287
22/6/18,3.07793237,-1.603480886,-8.96E-06,0.338570176
25/6/18,3.069385692,-1.487273507,0.00024571,0.359495002
26/6/18,3.071567499,-1.725710526,8.94E-05,0.294283525
27/6/18,3.015407508,-1.496352898,1.26E-05,0.321965405
28/6/18,3.010072822,-1.591129019,-5.24E-05,0.284321585
29/6/18,3.017140723,-1.508203266,-0.000123564,0.346132031
2/7/18,3.030441539,-1.308161584,5.00E-05,0.441294278
3/7/18,3.000525344,-1.245148585,6.42E-05,0.477090955
4/7/18,NA,NA,NA,NA
5/7/18,2.984123632,-1.328520592,0.000150443,0.46064796
6/7/18,2.97368491,-1.406741344,3.18E-05,0.41800268
9/7/18,2.995323744,-1.286191554,-7.04E-05,0.45854968
10/7/18,2.99498271,-1.361323421,0.165422167,0.478033595
11/7/18,2.977280719,-1.353757974,0.800149274,0.669591289
12/7/18,2.977975575,-1.295105929,24.45653062,0.991467929
13/7/18,2.964551605,-1.222275369,37.12634715,1.033153924
16/7/18,2.988683217,-1.287790927,2.161547525,0.870613995
17/7/18,3.002892063,-1.285863037,1.257068155,0.788915575
18/7/18,3.04336438,-1.258312081,0.457558464,0.682024536
19/7/18,3.011366169,-1.270981464,0.497813512,0.616769963
20/7/18,3.090154313,-1.391157635,0.548280177,0.61601842
23/7/18,3.164969484,-1.470909894,0.642102545,0.655312561
24/7/18,3.140198302,-1.426390551,0.495480292,0.656610331
25/7/18,3.122858834,-1.436563755,1.480103142,0.919787422
26/7/18,3.159562888,-1.397141853,2.954362077,1.0854375
27/7/18,3.151789583,-1.341621232,1.777012025,1.121888901
30/7/18,3.186333077,-1.457221817,0.020441869,0.530467466
31/7/18,3.151308619,-1.331641382,1.511648946,1.058044229
1/8/18,3.194255987,-1.430632625,1.90E-05,0.518689074
2/8/18,3.19174273,-1.482034143,-5.24E-05,0.483395196
3/8/18,3.172525671,-1.527869491,-2.20E-05,0.422981191
6/8/18,3.174949572,-1.530138663,6.13E-05,0.4187111
7/8/18,3.212639907,-1.51601373,-5.04E-05,0.458639932
8/8/18,3.207433851,-1.542973313,0.000275913,0.43645462
9/8/18,3.153163084,-1.495254014,0.000219125,0.421861988
10/8/18,3.120403281,-1.336305826,1.23E-05,0.443824934
13/8/18,3.156558732,-1.394077016,-3.19E-05,0.467585215
14/8/18,3.160912725,-1.461414263,-4.07E-05,0.429792126
15/8/18,3.134933525,-1.473228555,2.21E-05,0.395264864
16/8/18,3.124996155,-1.400834147,0.246161463,0.508306255
17/8/18,3.125163195,-1.311028907,0.000149464,0.479890492
20/8/18,3.084302552,-1.322870633,0.000149045,0.436677521
21/8/18,3.109605616,-1.362931705,0.246578769,0.542918858
22/8/18,3.100639859,-1.34133649,0.359070988,0.603849461
23/8/18,3.08138806,-1.328530406,0.345193951,0.598441622
24/8/18,3.070592271,-1.313596489,0.491190587,0.65683329
27/8/18,3.099302058,-1.113197469,-0.972320603,0.279789622
28/8/18,3.132879751,-1.438497863,0.409080687,0.584796601
29/8/18,3.133445731,-1.344369298,0.347068596,0.632592284
30/8/18,3.129565182,-1.344051669,0.034582642,0.513915857
31/8/18,3.143537215,-1.262602872,1.28E-05,0.524299679
3/9/18,NA,NA,NA,NA
4/9/18,3.190315501,-1.391521589,-3.85E-05,0.476191011
5/9/18,3.202467819,-1.338987625,1.55E-05,0.511215529
6/9/18,3.182823842,-1.355220607,-6.19E-06,0.473490894
7/9/18,3.232805164,-1.443982379,6.78E-05,0.467313005
10/9/18,3.207261814,-1.410437585,-4.03E-06,0.462494774
11/9/18,3.23871335,-1.521678969,8.73E-05,0.425709032
12/9/18,3.227886942,-1.465246218,0.000113341,0.443388585
13/9/18,3.216732132,-1.444633788,-0.000151842,0.430850784
14/9/18,3.241172612,-1.459074516,6.74E-05,0.436572515
17/9/18,3.237390765,-1.472138757,0.086073459,0.447061502
18/9/18,3.306821522,-1.518376217,0.205962559,0.514221241
19/9/18,3.338505886,-1.497331402,0.267965415,0.57458293
20/9/18,3.303528593,-1.422288641,0.151387265,0.545106022
21/9/18,3.30212731,-1.356879009,0.26134155,0.620791506
24/9/18,3.304572879,-1.34878446,0.196371329,0.597879351
25/9/18,3.314425901,-1.351796132,0.208173443,0.607952327
26/9/18,3.285681409,-1.328838075,0.096937897,0.531618396
27/9/18,3.290135672,-1.397721048,0.042061861,0.47909513
28/9/18,3.288447325,-1.388727819,3.38E-05,0.442583347
1/10/18,3.335534447,-1.43489602,-6.50E-05,0.454482054
2/10/18,3.304295277,-1.390476875,-4.60E-05,0.454912405
3/10/18,3.406291718,-1.510391441,0.000175142,0.47620681
4/10/18,3.450234743,-1.579044611,0.51130247,0.621047878
5/10/18,3.512696455,-1.648649942,0.112905643,0.496302307
8/10/18,NA,NA,NA,NA
9/10/18,3.473612382,-1.501426445,0.562026469,0.698743277
10/10/18,3.514296431,-1.603511948,-0.000226796,0.460639664
11/10/18,3.438187653,-1.470514391,0.366174152,0.617094078
12/10/18,3.43295842,-1.491135245,0.037552186,0.472203347
15/10/18,3.458158571,-1.490823625,0.000208093,0.477588839
16/10/18,3.443920552,-1.446199309,0.194805832,0.570950754
17/10/18,3.469362072,-1.486387581,0.482037251,0.666155995
18/10/18,3.486184013,-1.527910219,6.84E-05,0.477679695
19/10/18,3.511108309,-1.54067731,0.679768699,0.709164789
22/10/18,3.521083518,-1.555749909,0.615806459,0.687608779
23/10/18,3.520567615,-1.495867931,0.644402776,0.745983047
24/10/18,3.514208181,-1.462947831,5.40E-05,0.512325035
25/10/18,3.524671034,-1.484302341,0.000118602,0.526037696
26/10/18,3.513440556,-1.431369259,2.27E-05,0.513939893
29/10/18,3.529230099,-1.424970487,8.91E-05,0.531175171
30/10/18,3.564089481,-1.581112322,0.20765364,0.535282787
31/10/18,3.59307334,-1.601768062,-1.31E-05,0.483128026
1/11/18,3.576594408,-1.544070992,4.63E-05,0.484666715
2/11/18,3.659050082,-1.6578471,-6.08E-05,0.501227451
5/11/18,3.631220288,-1.637504284,-6.00E-05,0.493571188
6/11/18,3.602621484,-1.661907793,-3.18E-05,0.450740317
7/11/18,3.611162354,-1.684377552,0.366315398,0.557786354
8/11/18,3.592343294,-1.657169119,0.462978769,0.588867952
9/11/18,3.554548817,-1.658618071,-2.85E-05,0.409789556
12/11/18,NA,NA,NA,NA
13/11/18,3.535448908,-1.531082489,1.18E-05,0.43047501
14/11/18,3.538094429,-1.482577946,-4.24E-05,0.439918792
15/11/18,3.560657164,-1.570484278,4.35E-05,0.416654216
16/11/18,3.529693241,-1.477784658,2.28E-05,0.424258658
19/11/18,3.507591738,-1.495327557,-1.77E-05,0.381257108
20/11/18,3.504764857,-1.48439808,6.01E-05,0.39141076
21/11/18,3.494702393,-1.445855605,2.55E-05,0.394832476
22/11/18,NA,NA,NA,NA
23/11/18,3.488041021,-1.629261947,3.21E-05,0.333061948
26/11/18,3.517217167,-1.40898076,-3.31E-05,0.431961332
27/11/18,3.524907003,-1.438849799,-1.56E-05,0.417298376
28/11/18,3.619639645,-1.111399873,2864.687985,2.294243359
29/11/18,3.553987389,-1.170333978,2680.601191,1.81228566
30/11/18,3.554821916,-1.116582907,2566.759079,1.996903832
3/12/18,3.479924908,-1.126607084,2354.090151,1.769590003
4/12/18,3.400560395,-1.28702267,2.57E-05,0.38364704
5/12/18,NA,NA,NA,NA
6/12/18,3.368830034,-1.132034093,-3.26E-05,0.426518287
7/12/18,3.38548282,-0.883119382,5871.599219,2.004661908
10/12/18,3.365140092,-0.852660413,7745.740587,2.016638733
11/12/18,3.310500031,-0.861664386,2704.007197,1.795319312
12/12/18,3.339105202,-0.823540528,3637.453639,1.935347225
13/12/18,3.435746846,-0.841856279,6280.32078,2.512389402
14/12/18,1.182246724,1.497397119,-48.55570591,16.3125383
17/12/18,3.307947727,-0.63755593,-10.6691048,7.750562368
18/12/18,9.725227621,-7.068734322,-3.969844306,5.845649862
19/12/18,9.951696074,-7.291500051,-4.078029378,5.947556399
20/12/18,3.087851803,-0.44220387,-7.210379058,8.75273707
21/12/18,7.215442805,-4.554229766,-2.865827644,4.730696307
24/12/18,8.570340304,-5.942648437,-3.735363682,4.443434263
25/12/18,NA,NA,NA,NA
26/12/18,7.632392525,-4.989678212,-3.030104036,4.292804271
27/12/18,6.06664226,-3.373968946,-2.83657779,3.157070532
28/12/18,5.535839469,-2.812873301,-2.788849199,2.862562782
31/12/18,5.144920773,-2.371294814,-2.837871119,2.605065945
1/1/19,NA,NA,NA,NA
2/1/19,6.101028037,-3.383548521,-3.196535924,3.280284064
3/1/19,6.031771741,-3.317886382,-3.621982313,2.970410229
4/1/19,9.838185714,-7.180527931,-4.988373212,4.394475945
7/1/19,12.60458291,-9.961580135,-6.002001847,5.394388471
8/1/19,13.32190391,-10.675972,-5.961620494,6.268845337
9/1/19,12.17377208,-9.530625621,-5.650749485,5.502101262
10/1/19,12.85175623,-10.21810487,-5.952704737,5.848293469
11/1/19,11.59707697,-8.948945119,-5.651533548,5.35219655
14/1/19,8.52693572,-5.893908391,-4.173279917,4.987221018
15/1/19,6.850578077,-4.216044665,-3.284088387,4.365269736
16/1/19,7.810576697,-5.192309662,-3.570704845,4.823230095
17/1/19,8.279709227,-5.669061512,-3.544146921,5.186721107
18/1/19,7.743204054,-5.136832011,-2.993657026,6.379716895
21/1/19,NA,NA,NA,NA
22/1/19,7.836893579,-5.222508365,-3.320836455,5.46145098
23/1/19,8.931343192,-6.326960092,-3.74381811,6.115750737
24/1/19,10.58123995,-7.973143802,-4.67240069,5.862062602
25/1/19,9.906839628,-7.286297025,-4.239395378,6.198506016
28/1/19,8.587986318,-5.965720314,-3.736143311,5.990080437
29/1/19,9.628604384,-7.003367972,-4.401406513,5.885468587
30/1/19,9.366274359,-6.71498732,-4.78247905,4.51968504
31/1/19,7.391241645,-4.759937771,-3.911295391,4.017278037
1/2/19,7.558657208,-4.962607944,-3.471829017,4.644329098
4/2/19,10.43422457,-7.851291613,-4.745223174,5.672584398
5/2/19,13.42704996,-10.843812,-6.135393061,5.924830897
6/2/19,15.59032831,-13.0022867,-7.191913711,6.10532482
7/2/19,11.97800232,-9.39179516,-5.846599103,5.312291006
8/2/19,9.839832169,-7.247498122,-4.945476399,4.665535975
11/2/19,8.522540086,-5.939285138,-4.106796399,4.689323382
12/2/19,10.72093466,-8.143012327,-5.024783883,5.287458601
13/2/19,11.95590671,-9.392484306,-5.17738109,6.352211007
14/2/19,9.396072131,-6.821727122,-4.395455753,5.326263497
15/2/19,9.191274218,-6.620138988,-4.141159103,5.764425055
18/2/19,NA,NA,NA,NA
19/2/19,8.394394426,-5.812154765,-3.933395223,5.0120454
20/2/19,7.584193798,-5.00501578,-3.57356729,5.059233048
21/2/19,6.206369158,-3.64211481,-2.845514541,5.729302745
22/2/19,6.181419344,-3.583689291,-2.94221089,4.09275231
25/2/19,6.911025854,-4.311787181,-3.287768598,4.445673359
26/2/19,6.60535585,-3.999362781,-3.216772743,4.078008083
27/2/19,6.215117244,-3.617321218,-2.96128965,4.143987973
28/2/19,6.09536628,-3.505220374,-2.743405202,4.207477155
1/3/19,4.965191898,-2.384637513,-1.949559298,4.560490093
4/3/19,6.058740018,-3.460886144,-2.65976273,4.632610899
5/3/19,6.543430213,-3.94312479,-2.940337756,5.091220349
6/3/19,6.069255485,-3.465988014,-2.813917305,4.462627218
7/3/19,6.384255402,-3.767214071,-3.233148366,4.065398329
8/3/19,6.117672264,-3.493793808,-3.159466645,3.925801514
11/3/19,6.876140731,-4.267082051,-3.444412384,4.365191722
12/3/19,6.608937591,-3.982497044,-3.405107613,3.869111425
13/3/19,6.9424234,-4.319958567,-3.541429649,3.884923045
14/3/19,6.227680669,-3.618361127,-3.16365013,4.055056265
15/3/19,6.159712173,-3.545667779,-3.184447319,3.874521671
18/3/19,6.83580022,-4.238399274,-3.465727074,4.270548318
19/3/19,7.404455432,-4.814533803,-3.786245863,4.664022646
20/3/19,6.171524211,-3.559020151,-3.482277671,3.828870578
21/3/19,7.790668804,-5.194901068,-4.27711279,4.23358738
22/3/19,5.672369585,-3.034317833,-3.504648655,3.185640856
25/3/19,4.849376105,-2.186553011,-3.14215663,2.610100288
26/3/19,5.35230689,-2.699950242,-3.590059931,2.841860698
27/3/19,4.823312404,-2.185982639,-3.109384924,2.513132824
28/3/19,5.059479019,-2.444753435,-3.10712088,2.584324916
29/3/19,5.284054749,-2.709179649,-3.030023403,2.909287993
1/4/19,6.715912373,-4.196215312,-3.563523174,3.599625293
2/4/19,5.662031845,-3.129853501,-3.100796442,3.244383685
3/4/19,5.833497046,-3.298127515,-3.150090882,3.360586162
4/4/19,6.618008743,-4.095121083,-3.545149215,3.64528995
5/4/19,6.838198747,-4.305443619,-3.64490116,3.687954151
8/4/19,7.150072564,-4.615538734,-3.782616884,3.794596639
9/4/19,7.425982345,-4.881571796,-4.022825616,3.788330865
10/4/19,6.453428579,-3.890749745,-3.644635415,3.407127302
11/4/19,6.468103575,-3.921352649,-3.453357102,3.631996017
12/4/19,6.457314343,-3.927720023,-3.127533816,3.698633516
15/4/19,6.535374735,-4.005238941,-3.204487876,3.81410248
16/4/19,6.666365769,-4.14262807,-3.180372052,3.833601477
17/4/19,6.518417978,-3.987030623,-3.221445892,3.597511877
18/4/19,5.945874509,-3.393137178,-3.051802869,3.298168591
19/4/19,NA,NA,NA,NA
22/4/19,6.202139513,-3.659597032,-3.195320661,3.379635045
23/4/19,6.178480144,-3.628499988,-3.344038727,3.289300665
24/4/19,5.914231616,-3.356506892,-3.352491933,3.085469791
25/4/19,5.70605105,-3.155628307,-3.141000143,3.030105838
26/4/19,4.823441314,-2.247777747,-2.792107181,2.55933726
29/4/19,5.018676494,-2.443350253,-2.882799039,2.574076948
30/4/19,5.193910806,-2.611511775,-3.158918004,2.564389043
1/5/19,6.450776896,-3.920507644,-3.59012571,3.274036075
2/5/19,6.319882398,-3.795307477,-3.391077898,3.321528628
3/5/19,6.275128987,-3.741230966,-3.40335047,3.296720291
6/5/19,5.753298265,-3.205339547,-3.249546406,3.060018768
7/5/19,5.44854046,-2.890598233,-3.168150086,2.931378129
8/5/19,5.358373627,-2.807608616,-3.015700131,2.821931362
9/5/19,5.04226537,-2.474963276,-2.944479892,2.656751325
10/5/19,4.900185513,-2.312951541,-2.881593289,2.46037406
13/5/19,4.456172473,-1.830108853,-2.927893234,2.174517289
14/5/19,4.708851647,-2.106256025,-3.010584052,2.308925501
15/5/19,4.400779248,-1.783936682,-2.940695163,2.215161503
16/5/19,4.752873796,-2.152309931,-3.126080941,2.433881976
17/5/19,4.751939194,-2.146012304,-3.131722661,2.426059105
20/5/19,4.779633993,-2.187998154,-3.05190239,2.498048763
21/5/19,5.287626465,-2.717236161,-3.223780974,2.808710488
22/5/19,5.039503619,-2.441025758,-3.24523458,2.722673311
23/5/19,4.269491871,-1.623473693,-2.964634628,2.188391292
24/5/19,4.352391265,-1.70009907,-2.972262027,2.245671757
27/5/19,NA,NA,NA,NA
28/5/19,4.183694142,-1.522231804,-2.926478542,2.147567079
29/5/19,4.232019848,-1.576987557,-2.980766964,2.079030426
30/5/19,4.115865062,-1.423874109,-3.00534295,1.934190244
31/5/19,3.765503626,-0.998019914,-3.159839536,1.625278513
3/6/19,3.632963697,-0.874905126,-3.304348803,1.518100735
4/6/19,3.822044383,-1.177611102,-3.162095578,1.669655673
5/6/19,3.881918315,-1.26607803,-3.28037594,1.653968007
6/6/19,3.923785033,-1.436933679,-2.947565916,1.857301355
7/6/19,3.953043484,-1.525076071,-2.922787647,1.873660346
10/6/19,4.145523476,-1.751129315,-2.914040434,2.044931687
11/6/19,4.349745759,-1.933436946,-3.079974014,2.16076519
12/6/19,4.02211956,-1.564102053,-3.015174307,1.951662698
13/6/19,4.057873073,-1.623131057,-3.12276817,1.919273778
14/6/19,4.047701822,-1.66665551,-2.903478584,2.011510944
17/6/19,4.113952462,-1.750909797,-2.877581965,2.094802535
18/6/19,3.94382773,-1.570444356,-2.744931975,2.108710061
19/6/19,3.772431372,-1.322085718,-3.062794626,1.678051981
20/6/19,3.75461524,-1.415805697,-2.84529969,1.754709605
21/6/19,3.967086647,-1.63223356,-2.92187578,1.819514407
24/6/19,3.817047017,-1.436707966,-3.00430235,1.71923517
25/6/19,3.82554334,-1.440958675,-3.010880122,1.761637112
26/6/19,3.921071016,-1.557340762,-2.908127474,1.86449077
27/6/19,3.791941342,-1.400180669,-2.933216591,1.775790691
28/6/19,3.748604889,-1.397616856,-2.794003298,1.828021197
1/7/19,3.791569343,-1.47052964,-2.698661277,1.982136558
2/7/19,3.75332401,-1.46066352,-2.647522102,2.043443383
3/7/19,3.676110574,-1.393417664,-2.520341706,2.030916134
4/7/19,NA,NA,NA,NA
5/7/19,3.759827884,-1.520836478,-2.232924319,2.505308514
8/7/19,3.763068546,-1.522140793,-2.164845423,2.49305134
9/7/19,3.809550242,-1.55308112,-2.164605688,2.510000576
10/7/19,3.838442313,-1.582118013,-2.489845797,2.150335026
11/7/19,3.965485732,-1.700883976,-2.506308067,2.109329931
12/7/19,3.955312109,-1.678708265,-2.572353391,2.074849175
15/7/19,3.950357193,-1.690822745,-2.566348242,2.138271525
16/7/19,3.986732047,-1.738967617,-2.459185259,2.200617824
17/7/19,3.878279517,-1.648198862,-2.396905491,2.255189118
18/7/19,3.788679404,-1.560762682,-2.518633339,2.039127133
19/7/19,3.800399825,-1.575342451,-2.410179454,2.209768878
22/7/19,3.854858913,-1.602736223,-2.522152212,2.166570102
23/7/19,3.889329979,-1.629617182,-2.489712139,2.178920612
24/7/19,3.796841716,-1.522103462,-2.362785473,2.057245747
25/7/19,3.79196696,-1.515952911,-2.20917627,2.102696572
26/7/19,3.74584679,-1.426752769,-2.186408223,1.917303648
29/7/19,3.715425107,-1.393401742,-2.176222326,1.870838928
30/7/19,3.711503724,-1.380691796,-2.199739316,1.783294992
31/7/19,3.671364304,-1.334640297,-1.97016589,1.909585628
1/8/19,3.495807196,-1.141725977,-2.231410605,1.609729438
2/8/19,3.481102173,-1.216304203,-2.037199522,1.667606725
5/8/19,3.354686656,-1.058393366,-2.274235543,1.449790585
6/8/19,3.354146734,-1.056042844,-2.395837214,1.588965969
7/8/19,3.287166236,-1.061883309,-2.235670728,1.619908517
8/8/19,3.321098789,-1.123626719,-2.085686271,1.718402428
9/8/19,3.299070462,-1.126479667,-1.980943142,1.73446155
12/8/19,3.100009036,-0.8861913,-1.981260535,1.572387256
13/8/19,3.128690849,-0.904116179,-1.736188547,1.559997579
14/8/19,2.941187658,-0.686072369,-1.787606726,1.274655637
15/8/19,2.791856875,-0.512394829,-1.907912193,1.165300817
16/8/19,2.871613307,-0.639529306,-2.018815706,1.257246425
19/8/19,3.024896749,-0.836434045,-1.947301373,1.409916029
20/8/19,2.959853753,-0.747683954,-2.023794791,1.35727406
21/8/19,3.044166936,-0.890211917,-1.78210027,1.522582659
22/8/19,3.101402718,-0.994930859,-1.645043167,1.787896673
23/8/19,2.965738823,-0.826390592,-1.790353266,1.539299981
26/8/19,2.948448812,-0.814480762,-1.652513677,1.578427491
27/8/19,2.872766955,-0.72117658,-1.692316286,1.574180492
28/8/19,2.787686375,-0.606352682,-1.654560223,1.484808989
29/8/19,2.845354219,-0.666961974,-1.71744548,1.604094952
30/8/19,2.813562775,-0.557983148,-1.953091355,1.513417216
2/9/19,NA,NA,NA,NA
3/9/19,2.780222045,-0.528336348,-2.036747905,1.506922129
4/9/19,2.822265219,-0.612725901,-2.10080147,1.59263062
5/9/19,2.940068013,-0.807091525,-1.826335646,1.861898232
6/9/19,2.929972107,-0.809981013,-1.901722403,1.89787641
9/9/19,3.031530089,-0.942726505,-1.849404932,2.084696465
10/9/19,3.164065444,-1.087367981,-1.708266363,2.506752738
11/9/19,3.186670748,-1.135566796,-1.621390616,2.367650952
12/9/19,3.24579909,-1.199481658,-1.480246812,2.555755778
13/9/19,3.333048115,-1.2985347,-1.25244483,2.924682124
16/9/19,3.320713215,-1.228857163,-1.545636574,2.377154135
17/9/19,3.276196526,-1.138602731,-1.722575152,2.25290989
18/9/19,3.228170811,-1.128385242,-1.495950289,2.632560779
19/9/19,3.251598815,-1.128782565,-1.665392369,2.41575397
20/9/19,3.171612114,-1.013553672,-1.718569433,2.021025771
23/9/19,3.090899971,-0.961047223,-1.592389097,1.976156582
24/9/19,3.077160805,-0.894442772,-1.843017742,1.767085248
25/9/19,3.181391235,-1.049799858,-1.693855741,2.075019267
26/9/19,3.127112325,-1.024027297,-1.55521541,2.040975061
27/9/19,3.071265467,-0.963124368,-1.641365398,1.965076909
30/9/19,3.105966405,-1.014601468,-1.758702771,2.07421737
1/10/19,3.054852884,-0.966863845,-1.88657129,1.902737029
2/10/19,3.047825436,-0.988177136,-2.048399096,1.885925158
3/10/19,2.996983427,-0.972789062,-2.26446761,1.854511171
4/10/19,2.976290333,-1.012854661,-2.090395914,2.002970728
7/10/19,3.045620163,-1.116071019,-1.976667175,2.368568496
8/10/19,3.03685169,-1.084524946,-2.082198603,2.148927971
9/10/19,3.058284722,-1.172546582,-1.897789416,2.461165467
10/10/19,3.104516787,-1.282865977,-1.777907349,3.127074173
11/10/19,0.282144762,1.514373438,-0.182429339,3.336704063
14/10/19,NA,NA,NA,NA
15/10/19,7.83E-05,1.745002922,-1.473582977,6.074723697
16/10/19,0.226395939,1.494845545,5.31E-05,3.142958994
17/10/19,0.000222052,1.71040347,-0.197436216,4.001975175
18/10/19,0.393323902,1.314488122,0.000144938,2.882045369
21/10/19,0.000113935,1.708358997,-0.489268673,4.738375115
22/10/19,0.000142884,1.706362134,-0.433370042,4.696138974
23/10/19,0.036875827,1.669800391,-0.000128291,3.624396861
24/10/19,0.000128344,1.712978999,-0.029264524,3.677600762
25/10/19,5.17E-07,1.71752433,-20.96771457,11.56590034
28/10/19,0.001854492,1.712716644,-253.3147365,13.09941691
29/10/19,0.003667028,1.707669683,-228.6177266,13.35117831
30/10/19,2.34E-06,1.700788054,-44.75622835,12.0714246
31/10/19,0.285196779,1.393740521,-0.000178894,2.857947093
1/11/19,3.65E-12,1.666802264,-4.235672607,8.371880838
4/11/19,2.48E-06,1.67271315,-61.21434997,12.08749133
5/11/19,5.09E-06,1.675114317,-30.88354401,12.22061493
6/11/19,3.74E-06,1.665182926,-66.4372846,12.57364338
7/11/19,0.002079565,1.668861822,-250.7917457,15.22132912
8/11/19,0.000597816,1.66682673,-272.9412442,14.69732072
11/11/19,NA,NA,NA,NA
12/11/19,0.002585833,1.657531157,-269.7494639,14.33661657
13/11/19,7.58E-08,1.656398881,-43.73853006,12.59961843
14/11/19,0.004308825,1.658603656,-0.370040161,4.464779573
15/11/19,1.03E-05,1.66056168,-19.30705736,11.27858313
18/11/19,3.86E-14,1.661554645,-2.75441805,7.64912335
19/11/19,6.91E-06,1.666111798,-37.13495018,11.60064072
20/11/19,0.00016729,1.673681866,-1.669604824,6.23146374
21/11/19,5.87E-06,1.672906844,-97.73246936,12.16056705
22/11/19,6.66E-06,1.688454225,-51.33103662,12.13270929
25/11/19,1.34E-05,1.689887142,-34.42905871,11.77891153
26/11/19,0.00011023,1.700407979,-1.799654288,6.51198771
27/11/19,1.28E-06,1.722677026,-30.43646844,11.32736332
28/11/19,NA,NA,NA,NA
29/11/19,0.46366955,1.275871076,3.06E-05,3.040530846
2/12/19,0.603608606,1.125689745,-0.000236322,2.624826284
3/12/19,0.569107142,1.169296878,-0.009862974,2.218956413
4/12/19,6.74E-05,1.689737572,-1.490386589,6.108423742
5/12/19,0.000540384,1.684723589,-0.80998632,5.293602301
6/12/19,4.47E-06,1.668428284,-57.13726629,12.64589508
9/12/19,0.001590929,1.661781243,-245.5264481,13.60334127
10/12/19,0.006571996,1.66673034,-287.1763412,14.76306908
11/12/19,0.00104746,1.664712958,-257.0426862,13.5686387
12/12/19,0.005675467,1.657491325,-242.3867795,15.52287673
13/12/19,4.69E-06,1.653416421,-34.83617987,12.716894
16/12/19,0.003133674,1.646789028,-210.993141,14.29435083
17/12/19,0.001980834,1.643738276,-198.2320373,13.98842551
18/12/19,0.005746512,1.627218961,-150.3968516,13.97977643
19/12/19,2.955364836,-1.283005376,-0.674020833,2.021430747
20/12/19,1.249783825,0.41778016,6.87E-05,1.830898248
23/12/19,0.003614096,1.642722024,-174.4882122,14.1012875
24/12/19,2.916075993,-1.222607258,-0.734884754,1.961821382
25/12/19,NA,NA,NA,NA
26/12/19,1.152912118,0.521918287,1.68E-05,2.036194126
27/12/19,2.893358708,-1.181384149,-0.864713178,1.871209549
30/12/19,2.91005278,-1.144947363,-1.06385465,1.600208098
31/12/19,3.015549423,-1.251011999,-1.260202668,1.597187977
1/1/20,NA,NA,NA,NA
2/1/20,2.938694766,-1.235251972,-0.956133718,1.923905352
3/1/20,2.858138555,-1.163270808,-0.829145129,1.821889857
6/1/20,2.899565875,-1.218010028,-0.69406293,1.892673081
7/1/20,2.935389698,-1.267715298,-0.665558734,1.873450698
8/1/20,0.407637485,1.238004001,6.92E-05,3.070690857
9/1/20,0.863223951,0.801261335,-0.000127801,2.088081522
10/1/20,0.880289518,0.787936216,-8.30E-05,2.06930742
13/1/20,0.77716378,0.881830171,-5.79E-05,2.405138389
14/1/20,0.683053985,0.975824937,-3.81E-05,2.549177734
15/1/20,0.835353251,0.838407869,-3.51E-05,2.060582128
16/1/20,0.876899677,0.775111224,-4.47E-05,2.188015008
17/1/20,0.001175344,1.63954194,8.02E-05,3.374553386
20/1/20,NA,NA,NA,NA
21/1/20,0.7737749,0.903736624,4.31E-05,1.861367299
22/1/20,2.848009128,-1.168100622,-0.826018395,1.91954668
23/1/20,2.825507132,-1.14798902,-0.856814548,2.003367234
24/1/20,2.802252745,-1.12073474,-0.83990533,1.968008722
27/1/20,2.720759998,-0.995744823,-1.016208875,1.733024435
28/1/20,2.771322282,-1.039363025,-0.995960607,1.773280441
29/1/20,2.747931965,-0.957404739,-1.259908667,1.638152271
30/1/20,2.759490317,-0.998441478,-1.211226196,1.63184481
31/1/20,2.783836463,-0.979323345,-1.607848229,1.573035205
3/2/20,2.813910992,-1.024825772,-1.518254131,1.601257108
4/2/20,2.889039712,-1.160255682,-1.281124809,1.829469427
5/2/20,2.968842858,-1.280723161,-1.237992249,2.19299046
6/2/20,2.926905906,-1.227299721,-1.244375586,2.139140399
7/2/20,2.807719706,-1.093251369,-1.230767921,1.908417589
10/2/20,2.796384251,-1.078711329,-1.330587765,1.923280301
11/2/20,2.816776501,-1.11108193,-1.266823088,2.103915113
12/2/20,2.846332025,-1.153739447,-1.195339479,2.150146786
13/2/20,2.776498371,-1.093115703,-1.045637673,2.221760711
14/2/20,2.72539045,-1.041599498,-0.99790898,2.103858813
17/2/20,NA,NA,NA,NA
18/2/20,2.673360244,-0.992760756,-0.986761338,1.940683212
19/2/20,2.675485755,-1.016640371,-0.847538264,2.005398833
20/2/20,2.656509488,-0.983348765,-0.952641204,1.816534981
21/2/20,2.584196112,-0.897459757,-1.06295512,1.66297231
24/2/20,2.529987523,-0.829658859,-1.28075263,1.45255716
25/2/20,2.52199109,-0.83859597,-1.414586665,1.455476281
26/2/20,2.570509262,-0.873039232,-1.588935009,1.280170429
27/2/20,2.613952736,-1.021798483,-1.624999509,1.437253214
28/2/20,2.533968986,-0.919789182,-2.407986436,1.260583931
2/3/20,2.546367321,-1.193797695,-1.752925609,1.372725254
3/3/20,2.580348101,-1.456696456,-1.52456161,1.41426007
4/3/20,2.657429587,-1.802148712,-1.150027528,1.654565003
5/3/20,1.95E-05,0.633034828,-21.34225949,11.54152357
6/3/20,0.001314068,0.553561944,-296.6981744,14.34807374
9/3/20,2.09682476,-1.465113782,-1.408475985,1.185342097
10/3/20,2.481384578,-1.898573598,92.9490885,5.38248497
11/3/20,3.052215715,-2.325186144,-1.932927156,1.329624388
12/3/20,3.2254773,-2.642731627,-1.378457796,1.962362518
13/3/20,3.97376593,-3.173606853,-2.943107415,1.641041913
16/3/20,3.225705756,-2.28382114,-2.883836586,1.546157911
17/3/20,3.08270635,-2.435884386,-2.114135234,2.150726316
18/3/20,3.8633794,-3.487988079,-0.998603639,3.07506292
19/3/20,6.025784482,-5.667761569,-2.828835777,3.130459088
20/3/20,5.430006711,-5.088592143,-2.854888228,3.083425394
23/3/20,4.761614554,-4.350180263,-3.213950941,2.937837613
24/3/20,3.979775103,-3.653269277,-1.603059361,3.803925953
25/3/20,4.091280983,-3.887740568,-1.441246858,3.609176121
26/3/20,3.5736964,-3.411327458,-1.503112476,3.214860368
27/3/20,2.628612278,-2.401429349,-1.522112415,2.811930204
30/3/20,2.588880077,-2.360973049,-1.41976143,2.598622327
31/3/20,2.295389257,-2.014990093,-1.253458601,2.487828956
1/4/20,2.402025583,-2.117851306,-1.318710092,1.981626825
2/4/20,2.322191956,-2.031148379,-1.506141424,1.642991906
3/4/20,0.001972799,0.18404968,-141.1314476,14.64441697
6/4/20,0.004438955,0.190187504,-136.4835363,16.98650474
7/4/20,2.692330351,-2.515910917,-0.945378842,7.985710662
8/4/20,2.188256586,-1.953141106,-1.227854557,2.188245676
9/4/20,2.098546199,-1.827864853,-1.214495687,2.475413843
10/4/20,NA,NA,NA,NA
13/4/20,2.227440135,-1.85074354,-1.833980882,1.770618783
14/4/20,2.269913983,-1.945161301,-1.730796912,1.920626661
15/4/20,2.010303444,-1.76176699,-0.992466966,2.382795247
16/4/20,1.935899779,-1.703270996,-0.951427907,2.090903915
17/4/20,2.003564349,-1.765612882,-0.943171866,1.883265569
20/4/20,0.000227319,0.17340079,-1.213018595,5.814621486
21/4/20,6.68E-06,0.160773328,-27.81609563,12.2386511
22/4/20,0.001925642,0.129683656,-207.4618502,14.09411459
23/4/20,0.000977955,0.138823472,-178.8811233,15.27106536
24/4/20,0.001984373,0.124008065,-200.1717666,16.09540636
27/4/20,0.001763469,0.12419393,-198.0595827,16.88475845
28/4/20,0.00467096,0.120595089,-231.0086749,17.32165897
29/4/20,2.279500103,-2.079053069,-1.261746925,1.796330828
30/4/20,2.299305165,-2.106755883,-1.208222958,1.899785453
1/5/20,2.296155729,-2.073706477,-1.329869243,1.736209046
4/5/20,2.408928675,-2.219242773,-1.330666401,1.825800204
5/5/20,2.52831276,-2.311277228,-1.488090353,1.858792137
6/5/20,2.637080488,-2.424921853,-1.668914444,1.986599504
7/5/20,2.662995211,-2.435893305,-1.854404863,1.953748809
8/5/20,2.718944615,-2.491016617,-1.799157334,2.086209103
11/5/20,2.761667245,-2.546876131,-1.714129432,2.220400479
12/5/20,2.770301784,-2.555260844,-1.762433158,2.255401348
13/5/20,2.666590485,-2.42560527,-1.770475569,2.038300977
14/5/20,2.589512345,-2.361158863,-1.752058461,2.06519198
15/5/20,2.525550334,-2.260000589,-1.916840728,2.040051473
18/5/20,2.588894962,-2.352114166,-1.72725845,2.021750809
19/5/20,2.562958104,-2.329798236,-1.668391293,2.125352228
20/5/20,2.581249312,-2.336166539,-1.719474232,2.082959523
21/5/20,2.636746971,-2.411411982,-1.678905007,2.134874831
22/5/20,2.601143394,-2.385299845,-1.525443032,2.084977538
25/5/20,NA,NA,NA,NA
26/5/20,2.633573857,-2.409985951,-1.57728612,2.145395335
27/5/20,2.686977982,-2.450157445,-1.483249358,2.1436942
28/5/20,2.716253537,-2.441201255,-1.725286012,1.908639984
29/5/20,2.6379237,-2.325869695,-1.776476221,1.834740786
1/6/20,2.71844542,-2.42300841,-1.684422016,1.866591831
2/6/20,2.789388423,-2.486724156,-1.781514728,1.866123133
3/6/20,2.800752898,-2.497814876,-1.802786544,1.95167474
4/6/20,2.854795655,-2.558501595,-1.955678188,1.952663563
5/6/20,2.905618368,-2.592327934,-2.198177053,1.886167858
8/6/20,2.836662069,-2.543130692,-1.976927128,2.147017208
9/6/20,2.801551075,-2.491820162,-2.103845426,2.155706947
10/6/20,2.715917032,-2.376675327,-2.039796355,2.158027245
11/6/20,2.542550779,-2.257867333,-1.430315728,2.043145595
12/6/20,2.572766475,-2.271395829,-1.610022048,2.117540536
15/6/20,2.604121749,-2.309425139,-1.681505125,2.106444019
16/6/20,2.696596954,-2.403210086,-1.669202032,2.273395812
17/6/20,2.732405867,-2.438330269,-1.679647473,2.181793596
18/6/20,2.657528898,-2.392658972,-1.458814089,2.115347433
19/6/20,2.688718187,-2.412251146,-1.578066167,2.032611836
22/6/20,2.672762901,-2.406113944,-1.58044913,2.166612184
23/6/20,2.72627289,-2.451105741,-1.633724003,2.174127281
24/6/20,2.704142157,-2.453625827,-1.572148827,2.168239839
25/6/20,2.681544133,-2.417180511,-1.67241033,2.114609436
26/6/20,2.595524336,-2.325791988,-1.674020432,2.070713827
29/6/20,2.648142032,-2.350922944,-1.806766217,2.050857628
30/6/20,2.702945527,-2.412431625,-1.917589966,2.127421019
1/7/20,2.764660633,-2.463274468,-2.026462028,2.087652244
2/7/20,2.763167532,-2.447381396,-2.087462359,2.059399897
3/7/20,NA,NA,NA,NA
6/7/20,2.747285178,-2.461206134,-1.94118728,2.194738246
7/7/20,2.651827168,-2.376279455,-1.803217517,2.240452511
8/7/20,2.684218991,-2.389805352,-1.954709274,2.141732127
9/7/20,2.573663036,-2.292705405,-1.816595952,2.101998399
10/7/20,2.605140019,-2.326299573,-1.923539963,2.040365904
13/7/20,2.601065795,-2.331620878,-1.843303846,2.12984429
14/7/20,2.538010161,-2.283600487,-1.728394781,2.167776096
15/7/20,2.575267051,-2.323774359,-1.771519313,2.241481495
16/7/20,2.53248699,-2.291086782,-1.728950434,2.220908229
17/7/20,2.572169263,-2.338810362,-1.755899023,2.229581383
20/7/20,2.54284864,-2.310684129,-1.650883269,2.201723092
21/7/20,2.57044366,-2.335979752,-1.697460046,2.203054904
22/7/20,2.520157594,-2.294369507,-1.577391713,2.213518775
23/7/20,2.416169965,-2.188928091,-1.530618295,2.237854524
24/7/20,2.387149371,-2.15841648,-1.608711868,2.219875914
27/7/20,2.378099343,-2.167945083,-1.522587853,2.386701645
28/7/20,2.408126547,-2.197601964,-1.587353557,2.346777069
29/7/20,2.485006343,-2.25639283,-1.766416824,2.332321964
30/7/20,2.479044385,-2.253649902,-1.776896489,2.288744637
31/7/20,2.474125001,-2.22734913,-1.903211018,2.246068275
3/8/20,2.547701718,-2.317695738,-1.910135722,2.383327899
4/8/20,2.468100355,-2.234809598,-1.744050986,2.319145927
5/8/20,2.495813444,-2.253572957,-1.830082004,2.299594316
6/8/20,2.445413871,-2.219365086,-1.759421311,2.448446023
7/8/20,2.442402679,-2.232430576,-1.685667387,2.604753871
10/8/20,2.446203309,-2.22415884,-1.71238899,2.514604284
11/8/20,2.51881811,-2.292402317,-1.781079085,2.597696907
12/8/20,2.558356734,-2.334276825,-1.827681462,2.572043328
13/8/20,2.626822527,-2.412912638,-1.762680279,2.540259889
14/8/20,2.729897978,-2.501344975,-1.969075821,2.539992298
17/8/20,2.597290804,-2.394993262,-1.563984218,2.618650277
18/8/20,2.594171107,-2.375053637,-1.737300908,2.465260973
19/8/20,2.583742693,-2.367992515,-1.714123889,2.456029117
20/8/20,2.585586084,-2.363848948,-1.682689591,2.306056669
21/8/20,2.490208785,-2.277694909,-1.519106732,2.388401644
24/8/20,2.443338816,-2.239213932,-1.428082435,2.488205353
25/8/20,2.460648114,-2.240976084,-1.60490767,2.4501379
26/8/20,2.456641537,-2.237410472,-1.551240174,2.565852711
27/8/20,2.526493537,-2.321122313,-1.674003954,2.89038118
28/8/20,2.577611081,-2.343922681,-2.111566948,2.8235215
31/8/20,2.536598918,-2.299130584,-2.112522261,2.808131335
1/9/20,2.473781904,-2.249701663,-1.994470529,2.875379142
2/9/20,2.426601804,-2.196598326,-1.817766678,2.696120503
3/9/20,2.349459307,-2.123942567,-1.606870601,2.592275971
4/9/20,2.482181911,-2.274908041,-1.597253165,2.656647429
7/9/20,NA,NA,NA,NA
8/9/20,2.412889469,-2.196740485,-1.600100493,2.776015862
9/9/20,2.448291212,-2.225674983,-1.643947336,2.767338598
10/9/20,2.423670196,-2.198820998,-1.685488074,2.685361948
11/9/20,2.4610311,-2.228140646,-1.831751061,2.689110225
14/9/20,2.451489367,-2.229058253,-1.740279128,2.735204433
15/9/20,2.49196576,-2.290621092,-1.734713344,2.852959167
16/9/20,2.543383807,-2.320766637,-1.81871892,2.673896731
17/9/20,2.51621404,-2.296322733,-1.833741272,2.561718573
18/9/20,2.511318872,-2.305000165,-1.763883622,2.733870022
21/9/20,2.450762296,-2.248741597,-1.553051511,2.719065609
22/9/20,2.466430699,-2.260551213,-1.688088326,2.748180744
23/9/20,2.488003158,-2.287088372,-1.729603793,2.847664283
24/9/20,2.51083151,-2.301289309,-1.73937201,2.576700762
25/9/20,2.556039813,-2.346338088,-1.790156255,2.598649405
28/9/20,2.574280807,-2.365680836,-1.757024416,2.611174759
29/9/20,2.560566342,-2.345444272,-1.78794426,2.633000982
30/9/20,2.590156633,-2.386216535,-1.735502836,2.620050354
1/10/20,2.575894518,-2.371034966,-1.673596707,2.638092531
2/10/20,2.626554849,-2.423157436,-1.736197036,2.593190851
5/10/20,2.752192825,-2.551683488,-1.929522173,2.580372411
6/10/20,2.678189439,-2.481659498,-1.795705131,2.735709211
7/10/20,2.734527548,-2.550104982,-1.843597919,2.752325919
8/10/20,2.762323699,-2.550727679,-2.108712529,2.576081333
9/10/20,2.785044677,-2.573143838,-2.056901767,2.628276646
12/10/20,NA,NA,NA,NA
13/10/20,2.641728292,-2.439955959,-1.907537333,2.693944268
14/10/20,2.621336125,-2.4182068,-1.864890237,2.640212153
15/10/20,2.669473387,-2.461874876,-1.94707304,2.535183727
16/10/20,2.715991709,-2.512197687,-2.011196463,2.524662551
19/10/20,2.76546684,-2.542149528,-2.163731758,2.487654653
20/10/20,2.862933734,-2.652304682,-2.311292162,2.659410922
21/10/20,2.893252872,-2.675761321,-2.408848531,2.632813787
22/10/20,2.969907745,-2.751253707,-2.536293047,2.570713332
23/10/20,2.932772203,-2.719752295,-2.446390179,2.604733561
26/10/20,2.87745456,-2.669759422,-2.380886819,2.606551581
27/10/20,2.850149648,-2.655798411,-2.328370959,2.767119203
28/10/20,2.838202045,-2.623560556,-2.392365902,2.688722434
29/10/20,2.970188467,-2.739824678,-2.675793743,2.556275321
30/10/20,3.244944162,-3.008776188,-3.046594191,2.657946721
2/11/20,3.198236092,-2.974976327,-2.952864479,2.757625849
3/11/20,3.264040333,-3.033360676,-3.06255288,2.777884028
4/11/20,2.802843243,-2.580037677,-2.527165149,2.792129168
5/11/20,2.744683232,-2.530783869,-2.415075178,2.790645713
6/11/20,2.852490477,-2.666157434,-2.498200029,2.925599863
9/11/20,3.215022896,-3.032369801,-2.829925601,2.993300403
10/11/20,3.25701998,-3.065845203,-2.877806879,2.863365212
11/11/20,NA,NA,NA,NA
12/11/20,2.963714651,-2.783760133,-2.518230008,2.94569211
13/11/20,3.236880427,-3.060735492,-2.753517815,3.061799933
16/11/20,3.219806792,-3.047361717,-2.792363096,3.082674896
17/11/20,3.001446767,-2.830891339,-2.633029912,3.191535311
18/11/20,2.873552105,-2.714437721,-2.475745633,3.023007334
19/11/20,2.986106029,-2.831007144,-2.50578379,3.010400643
20/11/20,3.050723121,-2.894544215,-2.514188539,2.873113757
23/11/20,3.244892886,-3.097007881,-2.674292666,2.93197539
24/11/20,3.424856866,-3.265931565,-2.89627991,2.943484313
25/11/20,3.394474143,-3.222662272,-2.937028285,2.917351918
26/11/20,NA,NA,NA,NA
27/11/20,3.003608526,-2.787147094,-2.738106332,2.673480479
30/11/20,3.217264542,-3.02006162,-2.929146513,2.783824622
1/12/20,3.563162736,-3.374878185,-3.146119864,2.855122223
2/12/20,3.509635444,-3.318367079,-3.238376474,2.879689353
3/12/20,3.265107708,-3.071138055,-3.071507551,2.800441729
4/12/20,3.661767961,-3.472314538,-3.43090736,2.864299298
7/12/20,3.712994871,-3.524855219,-3.487741597,2.985653838
8/12/20,3.340815096,-3.171505422,-3.128845293,2.939861762
9/12/20,3.692394665,-3.513170929,-3.369609978,2.98565042
10/12/20,3.783954781,-3.595423069,-3.493137153,2.916871903
11/12/20,3.747510174,-3.547979925,-3.603407012,2.862063911
14/12/20,4.063768053,-3.862393275,-3.829596186,2.926553452
15/12/20,3.928571378,-3.720570297,-3.784062986,2.840959754
16/12/20,4.061054415,-3.850169903,-3.899961023,2.940714531
17/12/20,4.026682085,-3.834202106,-3.817503221,2.998598945
18/12/20,4.2470423,-4.047088933,-4.019393103,2.987081799
21/12/20,4.5957776,-4.398732418,-4.212490347,3.031208674
22/12/20,4.546597339,-4.338913748,-4.224358469,3.031922441
23/12/20,4.843177094,-4.621967746,-4.520432648,3.017722845
24/12/20,4.623465695,-4.404768669,-4.336360237,3.073137781
25/12/20,NA,NA,NA,NA
28/12/20,5.094907791,-4.870350886,-4.623375051,3.111207844
29/12/20,5.225056237,-5.007395014,-4.696712706,3.176964461
30/12/20,4.875728001,-4.638390879,-4.566090433,3.083075143
31/12/20,4.948232206,-4.722316981,-4.57518775,3.101542667
1/1/21,NA,NA,NA,NA
4/1/21,5.484256934,-5.274936398,-4.884347957,3.254355662
5/1/21,5.720748851,-5.513987863,-5.025171932,3.285303894
6/1/21,6.333406555,-6.130441416,-5.36300762,3.346462379
7/1/21,5.377333036,-5.165550663,-4.886774895,3.026920617
8/1/21,5.500142702,-5.291997566,-4.97746728,2.911718604
11/1/21,6.24560382,-6.017756317,-5.498860082,2.925353041
12/1/21,6.302260591,-6.082973343,-5.519934528,2.932217147
13/1/21,5.867095512,-5.651313339,-5.18492296,2.95189492
14/1/21,7.084548009,-6.854359927,-6.045829933,3.096945651
15/1/21,6.803751703,-6.597345113,-5.816415815,3.169717646
18/1/21,NA,NA,NA,NA
19/1/21,6.963064115,-6.741405969,-6.018469431,3.136207316
20/1/21,6.728050004,-6.51572544,-5.846711699,3.127807401
21/1/21,6.829059309,-6.604265085,-6.042551891,3.103581343
22/1/21,6.716088717,-6.493904423,-5.932621469,3.13110697
25/1/21,6.318665423,-6.116530751,-5.57590879,3.239388486
26/1/21,5.86790683,-5.674394885,-5.283826599,3.166376312
27/1/21,5.831988746,-5.630526203,-5.248819261,3.203452968
28/1/21,5.769206567,-5.568792547,-5.243146447,3.152449886
29/1/21,5.696964344,-5.479321593,-5.355671079,2.986681717
1/2/21,6.582006689,-6.360387294,-5.934763159,3.145043298
2/2/21,6.750286673,-6.530022807,-6.020679677,3.127778347
3/2/21,6.349169426,-6.132570645,-5.807403261,3.060901055
4/2/21,6.842556098,-6.655054973,-6.019841507,3.181039701
5/2/21,7.939031944,-7.76154979,-6.721248694,3.294515282
8/2/21,6.374850038,-6.183192955,-5.811230325,3.094705622
9/2/21,6.672657793,-6.490111534,-5.926830368,3.188971943
10/2/21,7.414525852,-7.243940067,-6.298995722,3.352628372
11/2/21,6.400100092,-6.212124267,-5.818283078,3.179559753
12/2/21,6.18414009,-5.985975025,-5.799742694,3.052626041
15/2/21,NA,NA,NA,NA
16/2/21,5.341138786,-5.137711301,-5.348009296,2.778062165
17/2/21,5.273678601,-5.05443917,-5.435813025,2.663578724
18/2/21,5.75736445,-5.536958655,-5.741340413,2.721334768
19/2/21,6.084541318,-5.872014691,-6.001829194,2.727493886
22/2/21,5.912515434,-5.718902569,-5.835415024,2.756438228
23/2/21,6.430706357,-6.231457981,-6.19516608,2.853700207
24/2/21,5.270107368,-5.077918109,-5.413905809,2.732645026
25/2/21,3.01565704,-2.792762703,-3.884540233,2.000078206
26/2/21,2.811007887,-2.537579384,-3.899022021,1.8960378
1/3/21,3.319354615,-3.044077841,-4.408989659,2.079503418
2/3/21,3.371924094,-3.12543134,-4.36119247,2.222605723
3/3/21,3.772738769,-3.53234575,-4.588327714,2.22466834
4/3/21,4.808408648,-4.559495027,-5.404311885,2.266283355
5/3/21,2.767141158,-2.497151971,-172.9362564,2.516486552
8/3/21,4.25572326,-3.993368495,-5.033345709,2.023059253
9/3/21,3.642377597,-3.397208275,-4.485750142,2.008880736
10/3/21,3.406606738,-3.148033048,-4.378022054,2.015213039
11/3/21,2.83509082,-2.565787719,-109.6097579,2.310608014
12/3/21,2.954904815,-2.687228476,-129.5782992,2.356672428
15/3/21,2.911025177,-2.663140422,-141.4048565,2.370744153
16/3/21,2.937548838,-2.694755414,-123.1359375,2.423191521
17/3/21,4.580133117,-4.309835929,-5.558469219,2.208964104
18/3/21,5.72644725,-5.466569232,-6.339108299,2.248462211
19/3/21,5.922382604,-5.63864664,-6.582565801,2.173055071
22/3/21,6.077709174,-5.829922238,-6.507958055,2.22622534
23/3/21,5.900118686,-5.657701269,-6.302871018,2.257363356
24/3/21,6.060774246,-5.818392953,-6.396158436,2.26700444
25/3/21,6.200817485,-5.951462656,-6.56164226,2.285279948
26/3/21,6.332398079,-6.07739028,-6.70853165,2.246315679
29/3/21,6.26778903,-5.974135802,-6.84789929,2.156758645
30/3/21,6.585384015,-6.293459419,-7.046610041,2.150825126
31/3/21,6.414959525,-6.132332463,-6.860708164,2.126078676
1/4/21,6.07004945,-5.798248126,-6.497233116,2.094933767
2/4/21,5.303444507,-5.010353669,-5.956270516,1.941520322
5/4/21,5.871088326,-5.613445003,-6.3243796,2.067968453
6/4/21,5.9948651,-5.756490774,-6.322785416,2.19133851
7/4/21,6.016855447,-5.774217371,-6.384908772,2.204646475
8/4/21,5.479050232,-5.236178401,-6.007545033,2.166991347
9/4/21,6.257915326,-6.022039354,-6.448199501,2.202521768
12/4/21,5.674573188,-5.442860641,-6.017624868,2.141731759
13/4/21,5.46216532,-5.214536424,-5.9323273,2.16263736
14/4/21,5.372582971,-5.168588391,-5.734162491,2.161120964
15/4/21,4.920706564,-4.706486993,-5.39867013,2.1691738
16/4/21,5.308532436,-5.093173937,-5.620922333,2.196347434
19/4/21,5.710687446,-5.479543501,-6.005739772,2.212798396
20/4/21,5.444257966,-5.205820318,-5.839573048,2.220522327
21/4/21,5.443956179,-5.205060454,-5.841559583,2.216918696
22/4/21,5.487238077,-5.250494367,-5.851905475,2.208534183
23/4/21,5.647444354,-5.441886312,-5.811143221,2.229824224
26/4/21,5.553659563,-5.336130037,-5.724214839,2.192005929
27/4/21,5.815564717,-5.598380877,-5.97775487,2.173771305
28/4/21,5.799560275,-5.546595277,-6.132001755,2.160957901
29/4/21,6.590365272,-6.363497792,-6.590628988,2.26219556
30/4/21,6.834792558,-6.60588715,-6.758752242,2.281223203
3/5/21,6.584243383,-6.360050684,-6.583955468,2.304525243
4/5/21,6.29588434,-6.071300113,-6.388936132,2.287189742
5/5/21,6.247291936,-6.004917216,-6.422524611,2.300527821
6/5/21,6.093179431,-5.855594148,-6.275776081,2.287637856
7/5/21,8.09414665,-7.895740928,-7.444350141,2.595572766
10/5/21,8.372414747,-8.185409321,-7.552214745,2.621560932
11/5/21,7.883087129,-7.697329501,-7.247141438,2.581778044
12/5/21,7.736977687,-7.552039491,-7.193249623,2.49531607
13/5/21,6.580259243,-6.377762297,-6.561631635,2.405615278
14/5/21,6.317530617,-6.11760361,-6.37038018,2.383851715
17/5/21,5.288917049,-5.088500353,-5.74625943,2.260585938
18/5/21,5.595043176,-5.390382213,-5.960599899,2.324812134
19/5/21,5.569168146,-5.390298052,-5.872359211,2.280703248
20/5/21,5.673647826,-5.489012123,-5.944765882,2.351792156
21/5/21,5.527687332,-5.340452567,-5.819927414,2.296752595
24/5/21,5.970888728,-5.815564024,-5.982529195,2.396469117
25/5/21,5.601426417,-5.425942167,-5.798433181,2.369112584
26/5/21,5.828161172,-5.636106641,-6.03227156,2.350837684
27/5/21,6.005424525,-5.784573751,-6.295032062,2.325886581
28/5/21,5.588757979,-5.355754065,-6.05825617,2.302174888
31/5/21,NA,NA,NA,NA
1/6/21,5.598061914,-5.358581901,-6.113600324,2.288532509
2/6/21,5.311038501,-5.107423901,-5.793407683,2.302766858
3/6/21,5.193514164,-4.967006707,-5.732418831,2.206680524
4/6/21,5.074082084,-4.860211121,-5.552092451,2.27273186
7/6/21,2.708517967,-2.50067084,-203.2152294,2.678496809
8/6/21,4.595261764,-4.404636227,-5.126063878,2.264035342
9/6/21,4.403042608,-4.212312009,-4.934744262,2.315400318
10/6/21,3.892748127,-3.702999311,-4.562090857,2.250531283
11/6/21,3.278053079,-3.062812471,-4.176591456,2.074272495
14/6/21,3.250673025,-3.049283746,-4.124778834,2.021390061
15/6/21,3.436159644,-3.260483247,-4.160126982,2.085537819
16/6/21,3.656586189,-3.434772216,-4.32770661,1.927914655
17/6/21,2.89588685,-2.703586216,-3.58057867,1.737463138
18/6/21,2.575556149,-2.451887139,-2.813843512,1.666305116
21/6/21,2.73797142,-2.610981854,-2.976824619,1.754933169
22/6/21,2.715915115,-2.603555759,-3.034211217,1.772346057
23/6/21,2.732190273,-2.619895687,-2.995885907,1.773515206
24/6/21,2.7076005,-2.59574112,-2.95277666,1.769281292
25/6/21,2.795464203,-2.680665275,-3.064843054,1.760227515
28/6/21,2.73535382,-2.6000533,-3.0473341,1.645319506
29/6/21,2.706920418,-2.554569387,-3.059614352,1.650477559
30/6/21,2.689700534,-2.559374883,-2.917789356,1.645287976
1/7/21,2.677099455,-2.535421246,-2.953380723,1.586718277
2/7/21,2.637388544,-2.452768963,-2.974774497,1.560004006
5/7/21,NA,NA,NA,NA
6/7/21,2.628164794,-2.48244989,-2.774173147,1.602228868
7/7/21,2.577041538,-2.432807384,-2.699125585,1.574861166
8/7/21,2.551253441,-2.41246862,-2.771678427,1.704193924
9/7/21,2.619160325,-2.483667301,-2.796153441,1.717305784
12/7/21,2.640742481,-2.52791543,-2.648688737,1.732486199
13/7/21,2.656591135,-2.610248404,-2.389475216,1.735860877
14/7/21,2.624554044,-2.516127468,-2.495612303,1.597761632
15/7/21,2.576796241,-2.460800806,-2.384011914,1.475018021
16/7/21,2.583171609,-2.49700336,-2.293505838,1.506387419
19/7/21,2.483706299,-2.39915019,-2.029285693,1.565858242
20/7/21,2.560490745,-2.451309994,-2.219651468,1.649250956
21/7/21,2.597199025,-2.486232401,-2.363525562,1.660286955
22/7/21,2.539924726,-2.439455774,-2.331318167,1.730684238
23/7/21,2.55834868,-2.471973893,-2.372829505,1.797503704
26/7/21,2.584048969,-2.456412402,-2.453861448,1.649284219
27/7/21,2.566199678,-2.461817346,-2.285335481,1.635369486
28/7/21,2.581413488,-2.444079292,-2.262152227,1.488292081
29/7/21,2.561369481,-2.433823529,-2.426894089,1.589153164
30/7/21,2.561430336,-2.411904617,-2.447666716,1.577663378
2/8/21,2.554418377,-2.424784943,-2.281087103,1.611032726
3/8/21,2.546072652,-2.400625194,-2.337195954,1.622084055
4/8/21,2.551988593,-2.428328394,-2.323821946,1.543232774
5/8/21,2.583082347,-2.448326636,-2.423559506,1.485977071
6/8/21,2.648726503,-2.537856286,-2.478782066,1.482451317
9/8/21,2.668810201,-2.57639828,-2.426314132,1.469257118
10/8/21,2.701579203,-2.58462801,-2.49309069,1.37750383
11/8/21,2.724483008,-2.601956969,-2.557188962,1.397733351
12/8/21,2.751534838,-2.600546219,-2.730580153,1.355862847
13/8/21,2.662076511,-2.46458492,-2.699978014,1.265359485
16/8/21,2.648210706,-2.520793761,-2.430837156,1.339779416
17/8/21,2.647669247,-2.523698345,-2.431645948,1.315774026
18/8/21,2.621620875,-2.48073078,-2.485326633,1.299902127
19/8/21,2.604914553,-2.471046516,-2.443650571,1.263447155
20/8/21,2.60851238,-2.489522977,-2.494354112,1.305308631
23/8/21,2.58686238,-2.476782453,-2.378523541,1.336939999
24/8/21,2.617659979,-2.480712464,-2.545208623,1.311653244
25/8/21,2.663414341,-2.548046379,-2.640188092,1.354229417
26/8/21,2.617751223,-2.473741774,-2.711921437,1.3177402
27/8/21,2.574252311,-2.403311836,-2.733249922,1.344424497
30/8/21,2.572248013,-2.426189727,-2.670232081,1.395236349
31/8/21,2.586597517,-2.406756267,-2.735428479,1.424904716
1/9/21,2.610235098,-2.490782473,-2.637605192,1.436928575
2/9/21,2.582606317,-2.432460335,-2.648219968,1.39654234
3/9/21,2.635850595,-2.467912925,-2.785160463,1.408439186
6/9/21,NA,NA,NA,NA
7/9/21,2.668508417,-2.493834633,-2.872453392,1.41087788
8/9/21,2.639155336,-2.434421641,-2.848805818,1.336421682
9/9/21,2.580021091,-2.40990996,-2.711342659,1.372263885
10/9/21,2.608305787,-2.44008541,-2.822109666,1.374257473
13/9/21,2.559119746,-2.374806677,-2.838641415,1.342016036
14/9/21,2.527082626,-2.345842411,-2.765080488,1.336930928
15/9/21,2.525361616,-2.309247681,-2.906461091,1.298692488
16/9/21,2.542156315,-2.338601113,-2.984990938,1.301488331
17/9/21,2.5312677,-2.317252521,-3.037218356,1.273230679
20/9/21,2.477229885,-2.278693544,-2.872974195,1.277772374
21/9/21,2.512656253,-2.34123139,-2.889362124,1.322374804
22/9/21,2.508068662,-2.320774129,-2.856451147,1.233161084
23/9/21,2.5816602,-2.392578992,-3.031461796,1.229517863
24/9/21,2.654281738,-2.494516392,-3.01358727,1.265242658
27/9/21,2.662023398,-2.476456488,-3.141803022,1.266052702
28/9/21,2.743242165,-2.550355619,-3.277223049,1.292885811
29/9/21,2.763226763,-2.586364754,-3.282143208,1.348120006
30/9/21,2.752605849,-2.527857139,-3.362494482,1.319145819
1/10/21,2.694895202,-2.481250113,-3.244071236,1.357404334
4/10/21,2.69186239,-2.500074095,-3.148522483,1.365106825
5/10/21,2.74073908,-2.548908107,-3.216976982,1.362164169
6/10/21,2.712409853,-2.52453615,-3.15579819,1.342455745
7/10/21,2.749056762,-2.546405488,-3.213260732,1.314584859
8/10/21,2.759838279,-2.573705446,-3.190949034,1.319506925
11/10/21,NA,NA,NA,NA
12/10/21,2.711273861,-2.549443436,-3.036547204,1.242237955
13/10/21,2.667626292,-2.522884483,-2.957341534,1.193699266
14/10/21,2.644434832,-2.542617655,-2.773258045,1.252154722
15/10/21,2.63961668,-2.549198429,-2.768188152,1.170819946
18/10/21,2.566080121,-2.480690603,-2.746876901,1.109786155
19/10/21,2.602369609,-2.502485716,-2.855498606,1.163885736
20/10/21,2.662352562,-2.531695006,-2.99030737,1.120633639
21/10/21,2.679033707,-2.635905973,-2.678435202,1.150329411
22/10/21,2.584599083,-2.542602319,-2.524140743,1.09335357
25/10/21,2.597388632,-2.535565043,-2.564950899,1.124644288
26/10/21,2.549086793,-2.498019399,-2.524091851,1.087915219
27/10/21,2.419206936,-2.384646204,-2.340403989,1.000773537
28/10/21,2.390043126,-2.325731525,-2.449075516,1.009900629
29/10/21,2.343735411,-2.249907751,-2.49492426,1.017967851
1/11/21,2.423379359,-2.37200904,-2.326112792,1.003217149
2/11/21,2.422027261,-2.30727837,-2.558336807,1.038749389
3/11/21,2.484086472,-2.359315455,-2.614217163,1.026522541
4/11/21,2.457148291,-2.308737152,-2.636295192,1.050241208
5/11/21,2.380033926,-2.218040546,-2.56821714,1.020568247
8/11/21,2.343337885,-2.231128295,-2.463421125,0.988391865
9/11/21,2.28322475,-2.123934103,-2.569906017,0.952645096
10/11/21,2.418806159,-2.278282185,-2.657626776,0.897446094
11/11/21,NA,NA,NA,NA
12/11/21,2.487455129,-2.37411818,-2.649188716,0.894448911
15/11/21,2.501167567,-2.371662206,-2.730382411,0.876615802
16/11/21,2.510481491,-2.349568734,-2.83173341,0.868356681
17/11/21,2.484974093,-2.308401745,-2.846024126,0.851430055
18/11/21,2.463508686,-2.326213918,-2.735530158,0.867080633
19/11/21,2.394049374,-2.214521709,-2.810465691,0.795763267
22/11/21,2.429375995,-2.349519845,-2.58896164,0.811842667
23/11/21,2.467453334,-2.332648367,-2.78564214,0.812274286
24/11/21,2.381539939,-2.252672731,-2.626753144,0.787439523
25/11/21,NA,NA,NA,NA
26/11/21,2.26780884,-1.929431552,-3.044867447,0.758451321
29/11/21,2.303693965,-1.962097789,-2.978300216,0.79290856
30/11/21,2.231935928,-1.928280852,-2.741056172,0.778872499
1/12/21,2.219483546,-2.400612467,119.8600397,3.611427692
2/12/21,2.202298404,-2.060706754,-2.204811943,0.757872834
3/12/21,2.142630782,-1.912666955,-2.308943184,0.705396439
6/12/21,2.218483862,-2.10224021,-2.062350886,0.764841483
7/12/21,2.288840869,-2.186943486,-1.972058654,0.777556113
8/12/21,2.428438773,-2.242436413,-2.362524127,0.747380482
9/12/21,2.466118616,-2.25616715,-2.513412699,0.699819851
10/12/21,2.531511172,-2.267639881,-2.763270381,0.697664749
13/12/21,2.451105415,-2.112425794,-2.90650935,0.655753734
14/12/21,2.4621061,-2.204137146,-2.744146735,0.675656162
15/12/21,2.517149691,-2.272429449,-2.653022413,0.687562793
16/12/21,2.533364619,-2.710163364,230.3203294,3.439540339
17/12/21,2.44138541,-2.613632447,256.3954852,3.321429831
20/12/21,2.460530877,-2.633496645,240.4522715,3.202449486
21/12/21,2.480099197,-2.647688706,214.7491852,3.294212373
22/12/21,2.436569331,-2.615735298,237.8757205,3.276715146
23/12/21,2.492291757,-2.618879238,154.8352987,3.241696104
24/12/21,NA,NA,NA,NA
27/12/21,2.447325348,-2.598921376,241.8790681,3.050458215
28/12/21,2.48955086,-2.619361357,213.0678149,3.092611937
29/12/21,2.48194861,-2.614044952,190.4414421,3.0250144
30/12/21,2.462802582,-2.565608014,185.0021963,3.085107985
31/12/21,2.424658369,-2.487893605,156.6164575,3.284655764
3/1/22,2.531337281,-2.597858645,154.1735343,3.420687199
4/1/22,2.611908727,-2.676618889,135.2707196,3.526631869
5/1/22,2.605695717,-2.689484919,155.557404,3.288163143
6/1/22,2.55783197,-2.633030983,167.0851785,3.164804692
7/1/22,2.551053496,-2.605799835,122.831636,3.302619794
10/1/22,2.552357275,-2.619182351,162.3916624,3.221912708
11/1/22,2.512010617,-2.565333675,136.4923586,3.174549195
12/1/22,2.526970719,-2.590639414,156.6257763,2.978942168
13/1/22,2.488231818,-2.519605505,140.523168,3.022944152
14/1/22,2.557809038,-2.585094664,135.968716,2.815940107
17/1/22,NA,NA,NA,NA
18/1/22,2.592786697,-2.600586716,170.0354996,2.909916454
19/1/22,2.545352805,-2.553535346,149.8317786,2.870394935
20/1/22,2.532913506,-2.546871962,155.853595,2.683372109
21/1/22,2.477720564,-2.461232008,157.1484721,2.82029326
24/1/22,2.531855696,-2.467190581,140.6737561,2.998654715
25/1/22,2.554365126,-2.483268317,145.486234,2.940301647
26/1/22,2.568058028,-2.538293434,169.6569584,2.68598399
27/1/22,2.478481865,-2.439917065,168.1330442,2.505477501
28/1/22,2.47382577,-2.367772398,162.9729948,2.534291406
31/1/22,2.513058792,-2.365592352,152.4438271,2.476149017
1/2/22,2.545839035,-2.401301146,155.408218,2.5435858
2/2/22,2.567850786,-2.439347796,177.993213,2.589609067
3/2/22,2.578951825,-2.440876671,184.3875251,2.578382508
4/2/22,2.66261956,-2.415526855,162.6385088,2.599535926
7/2/22,2.632428914,-2.444331568,183.9866803,2.46526966
8/2/22,2.651263642,-2.471365158,157.2076697,2.391429366
9/2/22,2.687149768,-2.534026782,186.7487624,2.401958007
10/2/22,2.711805082,-2.465234595,190.9027514,2.232147448
11/2/22,2.705906043,-2.426055392,209.2618257,2.280820962
14/2/22,2.712657634,-2.424051078,19.35396494,2.031867569
15/2/22,2.790633119,-2.572209308,8.600078529,1.865485953
16/2/22,2.765600654,-2.533522273,51.74099704,2.090836689
17/2/22,2.773085269,-2.558711385,166.2610284,2.172364772
18/2/22,2.692699183,-2.494524262,79.28583664,2.095014176
21/2/22,NA,NA,NA,NA
22/2/22,2.684858138,-2.46756191,63.5787057,2.067190976
23/2/22,2.738365393,-2.592219854,9.450204174,1.818577164
24/2/22,2.749373434,-2.662657451,39.17514707,1.95452901
25/2/22,2.770399441,-2.598580232,149.0965331,2.067544016
28/2/22,2.69733804,-2.453472966,243.6785159,2.226040164
1/3/22,2.7095499,-2.515765075,235.7336473,2.2349493
2/3/22,2.850793162,-2.771395604,2.981084731,1.350724531
3/3/22,2.860727193,-2.806240122,4.175190384,1.463068912
4/3/22,2.841385055,-2.776541927,5.355490168,1.587037452
7/3/22,2.903955897,-2.856803641,3.981952664,1.449966879
8/3/22,2.869083654,-2.855952256,5.366294659,1.535591013
9/3/22,2.915583953,-2.870197858,5.118140935,1.540361246
10/3/22,3.082220352,-3.023921032,4.358492601,1.505955855
11/3/22,3.014047777,-2.899462575,5.326735857,1.630530754
14/3/22,3.089130788,-3.028382899,4.010947467,1.411560265
15/3/22,3.115308327,-2.994154523,4.592878084,1.541045409
16/3/22,2.983185108,-2.922083663,4.48618985,1.423781529
17/3/22,3.040565403,-3.092702926,4.76053921,1.394618515
18/3/22,2.939276212,-3.007999934,5.383191583,1.386628594
21/3/22,3.008369965,-3.150427831,5.515385652,1.327586784
22/3/22,3.044559032,-3.1283734,4.823455309,1.280637149
23/3/22,2.9419942,-3.03851841,4.177634655,1.188274281
24/3/22,2.88958937,-2.97034785,4.09340433,1.183887505
25/3/22,3.545019129,-2.259632406,-4.723964193,0.255352357
28/3/22,2.883605508,-2.89900632,5.313826381,1.284041955
29/3/22,2.878575709,-2.84797123,7.010455703,1.41495284
30/3/22,2.818462697,-2.739192146,9.406390557,1.54076207
31/3/22,2.783534626,-2.643000825,8.672741017,1.551020486
1/4/22,2.727197419,-2.652976006,9.331006608,1.545155346
4/4/22,2.767513208,-2.625741459,15.65402225,1.684867459
5/4/22,2.829567403,-2.687541688,7.198530647,1.455053836
6/4/22,2.868140283,-2.723675529,6.361370063,1.360115323
7/4/22,2.923681856,-2.812018619,5.871738138,1.292691218
8/4/22,3.003962581,-2.857572008,12.45271272,1.470710013
11/4/22,3.101089591,-2.786208826,9.82645139,1.504231941
12/4/22,3.142092608,-2.791489143,10.46679348,1.506071769
13/4/22,3.134676702,-2.78868865,8.110828358,1.50224481
14/4/22,3.239091923,-2.923133383,4.213764567,1.24112886
15/4/22,NA,NA,NA,NA
18/4/22,3.267465983,-2.952348666,4.296630965,1.21833119
19/4/22,3.303861382,-3.095975561,5.154375444,1.230505501
20/4/22,3.165977661,-2.9460348,4.185168192,1.150900114
21/4/22,3.204037827,-2.992216907,3.754984866,1.076116852
22/4/22,3.244548121,-2.954733112,4.09851653,1.103905314
25/4/22,3.210472609,-2.767413425,4.298121773,1.21277506
26/4/22,3.229410043,-2.668769781,3.685299951,1.235224177
27/4/22,3.274785511,-2.797848766,3.630282751,1.170674577
28/4/22,3.261960723,-2.796729801,3.396235371,1.115446482
29/4/22,3.299075227,-2.848087171,3.38817025,1.061059916
2/5/22,3.445945989,-2.953102717,3.085513542,1.072862936
3/5/22,3.391010738,-2.939085769,3.046162435,0.997815773
4/5/22,3.410510018,-3.022993505,2.691678827,0.940814103
5/5/22,3.580725803,-3.313708356,2.286342493,0.827430507
6/5/22,3.691804654,-3.621676926,1.598021745,0.662732214
9/5/22,3.734451129,-3.52319556,-6.00E-05,0.491560188
10/5/22,3.629219021,-3.339814589,1.729148581,0.764610762
11/5/22,3.53119538,-3.230012873,2.260315646,0.825308454
12/5/22,3.519021785,-2.951892704,2.920186303,1.092998347
13/5/22,3.658632312,-3.097209516,2.212140983,0.960087158
16/5/22,3.693887338,-3.020081789,2.487325762,1.053474468
17/5/22,3.784918149,-3.226462429,2.685995873,1.018631011
18/5/22,3.659879126,-3.047633121,2.890255487,1.085030978
19/5/22,3.64138905,-2.990627079,3.223487948,1.1711572
20/5/22,3.623814462,-3.047624273,2.573036123,1.03799605
23/5/22,3.68341352,-2.955289444,3.681184407,1.312724811
24/5/22,3.565968488,-2.634010462,139.1139422,2.211699145
25/5/22,3.516490182,-2.652393883,5.597198438,1.609671185
26/5/22,3.580643942,-2.686221407,127.6664971,2.128514693
27/5/22,3.604804387,-2.556635306,354.9190846,2.322538972
30/5/22,NA,NA,NA,NA
31/5/22,3.7050033,-2.590242462,268.2995294,2.346062747
1/6/22,3.635082018,-2.537035044,110.5575218,2.217527162
2/6/22,3.664326086,-2.469879719,226.3934935,2.317529749
3/6/22,3.681772341,-2.491654642,228.7382888,2.278715585
6/6/22,3.725799377,-2.537894006,121.3397212,2.187868567
7/6/22,3.663634946,-2.534105586,4.158113753,1.520175669
8/6/22,3.705138657,-2.458115868,6.102014647,1.729429405
9/6/22,3.685136452,-2.401515597,7.131454739,1.789184664
10/6/22,3.637103317,-2.408546623,3.026922541,1.162979885
13/6/22,3.792934969,-2.634849737,3.281021426,0.988286226
14/6/22,4.159631075,-3.443328524,9.16E-05,0.294103813
15/6/22,3.837964333,-3.319004974,0.000106078,0.251236777
16/6/22,3.853497253,-1.706391342,210.1639631,2.459985662
17/6/22,4.023706158,-2.523726739,9.75E-06,0.432069921
20/6/22,NA,NA,NA,NA
21/6/22,3.941735294,-2.459857545,3.22E-05,0.384052426
22/6/22,3.801019113,-2.067160154,-5.13E-05,0.454640739
23/6/22,3.756363446,-1.987730402,1.34E-05,0.438101852
24/6/22,3.828340125,-1.899577043,-0.00010714,0.491038229
27/6/22,3.86691739,-1.929009196,-6.07E-05,0.477192425
28/6/22,3.783754256,-2.140594268,1.06E-05,0.359671495
29/6/22,3.675455565,-2.103870523,4.49E-05,0.305555802
30/6/22,3.525320523,-4.789310835,0.098002938,0.100005383
1/7/22,3.74749623,-1.195698621,92.76296983,2.501093234
4/7/22,NA,NA,NA,NA
5/7/22,3.572569498,-2.807434577,-0.00524063,0.166668228
6/7/22,3.731623183,-9.483985309,4.052840575,0.10001586
7/7/22,3.742561026,-5.522900079,0.082676887,0.100002196
8/7/22,3.813936641,-7.172530757,3.360451931,0.137928317
11/7/22,3.765717861,-3.19995313,0.004679929,0.162435833
12/7/22,3.724429879,-4.800955161,0.063609117,0.100009961
13/7/22,3.814107423,-4.822792089,0.572561542,0.100112023
14/7/22,3.784602469,-4.676956045,0.248333475,0.100029263
15/7/22,3.818909623,-2.312639317,1.14E-05,0.210744508
18/7/22,3.896526784,-1.990202798,5.42E-05,0.273132926
19/7/22,3.975298773,-1.928261843,3.10E-05,0.313153182
20/7/22,4.000454018,-1.746889198,-1.25E-05,0.373978116
21/7/22,3.764271674,-0.911462586,219.7748801,2.701811863
22/7/22,3.755690197,-0.888801041,260.6626899,2.857616886
25/7/22,3.792078708,-0.912845934,223.481972,2.728500221
26/7/22,3.799209027,-0.953933674,267.9548325,2.68269527
27/7/22,3.857538771,-1.000850662,328.6310132,2.772123295
28/7/22,3.980618526,-1.11208355,307.3672746,2.915580313
29/7/22,3.98160854,-1.079188736,369.3493563,2.994274575
1/8/22,3.829055511,-0.930757558,327.0907245,2.835255874
2/8/22,3.828866888,-0.994773079,310.9525668,2.674468122
3/8/22,3.755380772,-0.883712173,360.587716,2.670201967
4/8/22,3.851597677,-0.937546033,404.8388385,2.749067169
5/8/22,3.84656645,-0.949930791,256.6146683,2.51264148
8/8/22,3.766945292,-0.851741761,249.1058233,2.498652165
9/8/22,3.805526907,-0.877095474,363.9228628,2.575011821
10/8/22,3.866850637,-0.989998175,386.5781741,2.501899417
11/8/22,4.037191533,-1.146664394,334.2684054,2.573172806
12/8/22,3.995371595,-1.16311255,326.8282408,2.512893601
15/8/22,4.036960561,-1.166507399,467.2404431,2.623894261
16/8/22,4.002050337,-1.182799167,379.9273304,2.554515566
17/8/22,4.071527994,-1.24474093,458.1096283,2.661119336
18/8/22,4.117252718,-1.258113749,509.3807041,2.817193033
19/8/22,4.15030159,-1.282542913,484.6178508,2.766875551
22/8/22,4.130870611,-1.235656697,476.5548786,2.747943389
23/8/22,4.116320607,-1.223700444,461.4724305,2.778476501
24/8/22,4.140372885,-1.256058668,453.8518316,2.639170935
25/8/22,4.087564578,-1.184756768,469.3718993,2.669845972
26/8/22,3.976945273,-1.024568421,449.4953498,2.690449128
29/8/22,3.991235539,-0.988007912,461.4359584,2.713702168
30/8/22,3.904770745,-0.88222325,384.1563856,2.598424266
31/8/22,3.96919016,-0.836601244,340.0422049,2.744672225
1/9/22,4.045057614,-0.89734725,314.8067154,2.684334325
2/9/22,4.087069111,-0.870200233,312.8700707,2.906437809
5/9/22,NA,NA,NA,NA
6/9/22,4.213273962,-0.974667565,298.8266112,2.860359272
7/9/22,4.132213979,-0.848251666,303.4908557,2.873059381
8/9/22,4.181361615,-0.895635035,319.6016701,2.809591099
9/9/22,4.165559191,-0.798491878,350.4046692,2.730625401
12/9/22,4.251258712,-0.820309289,305.1349775,2.783763113
13/9/22,4.132531172,-0.483330087,249.5699292,2.726371172
14/9/22,4.080334321,-0.366816602,232.0440373,2.68855441
15/9/22,3.994195289,-0.267128238,212.7657617,2.508159618
16/9/22,4.054696242,-0.333362962,123.1325416,2.318794144
19/9/22,3.993283083,-0.229340976,97.16953487,2.289956614
20/9/22,4.479103701,-21.85868364,19.49981491,0.103004824
21/9/22,3.952496956,-0.385849954,2.194824891,1.07111471
22/9/22,4.024364673,-0.571246865,2.281375831,1.043654225
23/9/22,3.991825245,-0.301584593,161.6590733,2.261507803
26/9/22,3.963971299,-0.272193822,123.2744039,2.144990934
27/9/22,4.175375479,-0.417623894,127.5131872,2.219730791
28/9/22,4.107890973,-0.256251856,190.4829676,2.261468411
29/9/22,4.06392073,-0.265046357,85.02404239,2.081431122
30/9/22,4.16041527,-0.335922833,5.204527553,1.782792792
3/10/22,4.259159192,-0.331908163,230.0598565,2.416420054
4/10/22,4.237736999,-0.318329512,168.6093923,2.316143615
5/10/22,4.671353486,-3.388078066,2.522143868,0.232319256
6/10/22,4.644092649,-2.311474016,2.105855624,0.35417564
7/10/22,4.267860165,-0.362166673,2129.466712,2.280096991
10/10/22,NA,NA,NA,NA
11/10/22,4.758060641,-2.773055177,2.146156711,0.279793227
12/10/22,4.737346836,-2.157344076,1.736833271,0.337632699
13/10/22,4.959488791,-2.265112662,2.02703782,0.41200997
14/10/22,4.964721683,-2.179097625,1.97703833,0.416434361
17/10/22,4.955097005,-2.019554621,1.568552017,0.381825062
18/10/22,4.984294096,-2.041248382,1.353936885,0.344825468
19/10/22,4.618600129,-0.561573775,2.384970847,1.290685992
20/10/22,4.657411994,-0.551093989,8.171034642,1.97172043
21/10/22,4.837467689,-0.605314364,209.4899206,2.237002572
24/10/22,4.906101551,-0.646072877,144.9427172,2.170414031
25/10/22,5.056152611,-0.569079314,2426.853618,3.389965628
26/10/22,4.67964928,-0.387084073,200.4735057,2.213222241
27/10/22,0.003204887,4.629064675,-609.8866406,11.91769593
28/10/22,4.727691191,-0.901162853,1.535997638,0.550633896
31/10/22,4.800335238,-0.746308562,1.280603008,0.543203001
1/11/22,1.07E-06,4.84424688,-158.0620253,11.96173021
2/11/22,4.34E-14,4.414958847,4.835494078,1.539132364
3/11/22,1.406265119,2.769598804,4.841564401,1.204133318
4/11/22,2.02390828,2.099483347,4.319599312,1.056356287
7/11/22,2.244811497,1.778945889,4.497060608,0.985908686
8/11/22,2.741879176,1.100742678,4.361001309,0.846262113
9/11/22,2.860878838,1.041226958,4.010122039,0.795767364
10/11/22,0.000731765,4.80446338,-672.8309788,10.38780037
11/11/22,NA,NA,NA,NA
14/11/22,2.41E-05,4.885510936,-47.15329087,9.706266414
15/11/22,4.76E-05,4.88106388,-38.55455257,9.091235097
16/11/22,2.01E-06,4.922963481,-76.66142645,9.439841965
17/11/22,0.000162445,4.951899526,-141.5406938,10.15017464
18/11/22,0.002539309,4.989713085,-643.4515288,10.80127337
21/11/22,2.821579059,0.844379428,4.693349176,0.684381138
22/11/22,0.0001169,5.031900441,-120.921186,10.50277533
23/11/22,0.000104722,5.055549771,-58.29085031,9.748373722
24/11/22,NA,NA,NA,NA
25/11/22,0.000239609,5.063041492,-43.47817536,9.322963799
28/11/22,0.000213222,5.068964687,-39.27563582,9.191539871
29/11/22,0.000162445,5.056775045,-96.86691264,9.805492866
30/11/22,0.000122744,5.062579066,-30.03000857,8.222595828
1/12/22,0.0003132,5.043959976,-28.42047779,7.539846536
2/12/22,0.000132665,5.086243507,-18.16141177,6.917236475
5/12/22,0.000111076,5.087715328,-56.88231089,8.679780928
6/12/22,5.91E-05,5.078298101,-31.4996607,8.088469468
7/12/22,0.000175,5.048680617,-26.65301503,7.542703535
8/12/22,8.21E-07,5.044373719,-87.97528259,8.415275094
9/12/22,3.54E-05,5.04553363,-27.14358245,7.765022349
12/12/22,0.000182713,5.074763089,-36.9725862,8.219549973
13/12/22,0.000166329,4.980597559,-31.05754857,7.839902796
14/12/22,2.51E-05,5.000904189,-24.0438427,7.473936315
15/12/22,1.18E-05,5.006235248,-31.6154489,7.952324757
16/12/22,8.91E-06,4.956306487,-125.2157871,8.298018766
19/12/22,1.45E-06,4.943079159,-95.41977233,8.593700483
20/12/22,6.90E-05,4.908768685,-19.42339162,7.523879953
21/12/22,5.92E-05,4.883847473,-4.798844103,5.388455535
22/12/22,3.31E-07,4.887266036,-68.38991088,8.687923548
23/12/22,3.94E-06,4.918547173,-43.47841601,8.577228418
26/12/22,NA,NA,NA,NA
27/12/22,5.82E-05,4.94311593,-31.51194641,8.540790566
28/12/22,5.02E-05,4.929092068,-22.06838311,8.144791498
29/12/22,0.000255554,4.974065208,-26.96422235,8.243182911
30/12/22,3.96E-06,5.056691205,-169.6513424,9.102339642
2/1/23,NA,NA,NA,NA
3/1/23,4.35E-05,5.031375118,-125.8729069,9.18725004
4/1/23,9.04E-05,5.042619249,-38.26134401,8.441780389
5/1/23,9.13E-05,5.102381143,-43.52477587,8.7602761
6/1/23,1.68E-05,5.135419139,-2.707216928,4.019104754
9/1/23,6.12E-05,5.139589149,-0.517799552,2.88949568
10/1/23,8.33E-06,5.195583143,-0.004269777,2.558592359
11/1/23,0.000731421,5.211089102,-0.616136452,2.765115614
12/1/23,0.000598597,5.218961411,-1.554904982,3.006488905
13/1/23,2.27E-05,5.150957239,-7.08237704,5.129044996
16/1/23,NA,NA,NA,NA
17/1/23,0.000652825,5.195115688,-0.979361669,2.836744946
18/1/23,4.30E-14,5.237984056,-0.753055115,2.515999906
19/1/23,0.13205924,5.163772371,-0.001261615,2.163638263
20/1/23,0.001110246,5.256807483,0.001439851,2.320877231
23/1/23,0.000172869,5.244123068,-1.282082241,3.035038596
24/1/23,3.89E-14,5.255051928,-0.655929265,2.727593067
25/1/23,0.000316567,5.285518729,-0.052811508,2.363572337
26/1/23,7.06E-05,5.296731739,-0.484998116,2.614225546
27/1/23,0.320775198,5.001679083,0.000205993,2.286073489
30/1/23,2.28E-05,5.27513825,-0.023054091,2.567792582
31/1/23,0.543006868,4.781689529,0.00074089,2.196328781
1/2/23,0.982167333,4.433498876,-0.669923006,2.050547499
2/2/23,0.73697536,4.616559418,-0.493962274,2.13514192
3/2/23,3.76E-05,5.346704994,-2.011241615,3.418685805
6/2/23,0.000234111,5.318245778,-6.065794686,5.266685352
7/2/23,1.81E-09,5.312254547,-10.08596746,6.125107518
8/2/23,2.22E-14,5.364140458,-4.261863007,4.574524924
9/2/23,4.33E-14,5.328447561,-13.82051032,6.652022524
10/2/23,0.000232902,5.374038431,-2.685080238,4.162892893
13/2/23,1.49E-05,5.362588518,-6.904893901,5.658750304
14/2/23,3.80E-05,5.386180799,-30.53496701,8.051002074
15/2/23,3.28542543,0.140582436,5.49722478,0.484725536
16/2/23,7.88E-07,5.376510913,-48.44901178,8.377498232
17/2/23,3.77E-14,5.43840335,-6.632062186,5.607546777
20/2/23,NA,NA,NA,NA
21/2/23,1.78E-07,5.427764989,-51.4602159,8.381182346
22/2/23,3.495722255,-0.497812817,6.022865822,0.435404426
23/2/23,3.434465211,-0.371697025,5.971394948,0.450302666
24/2/23,3.45013633,0.177130555,5.17605018,0.525824826
27/2/23,3.36588375,0.215980532,5.346598521,0.525356192
28/2/23,3.312131371,0.300597947,5.435057535,0.539705622
1/3/23,3.351981984,0.25476687,5.488523862,0.560474265
2/3/23,3.536945879,-0.111830108,5.519183587,0.516851464
3/3/23,3.443875478,0.341852762,5.077855393,0.559148093
6/3/23,9.34E-05,5.517133399,-30.23752953,8.701732449
7/3/23,4.137397955,-0.61308703,5.217075187,0.514865982
8/3/23,4.142120734,-0.437933683,5.080707378,0.546837262
9/3/23,4.196284993,-0.647369871,4.990955226,0.469773224
10/3/23,4.190341048,-0.600509463,4.364390562,0.408371724
13/3/23,4.189194448,0.877273638,-0.571415563,1.249163314
14/3/23,4.267953177,0.848518423,-0.040819995,1.227921598
15/3/23,4.282639938,0.687992588,-0.374563212,0.794742755
16/3/23,0.000187289,4.95337202,-1.328710105,3.824228126
17/3/23,4.16526685,0.955956583,-0.917046855,1.0065014
20/3/23,4.21793293,0.868480735,-0.770402166,1.0511533
21/3/23,4.202409598,0.891143583,-0.141505033,1.368445471
22/3/23,4.19504467,1.04831908,-0.963634209,1.2684867
23/3/23,4.293497472,1.04747686,-1.618356761,1.077502919
24/3/23,4.277585245,0.980016539,-1.463312062,1.028036034
27/3/23,4.362236618,0.825889936,-0.941681311,1.218252166
28/3/23,4.333572975,0.783911412,-0.600058696,1.356622111
29/3/23,4.318925386,0.802913902,-0.575794943,1.450953392
30/3/23,4.255537595,0.960619057,-0.707284889,1.518554142
31/3/23,4.202724091,1.144027539,-1.122667028,1.423974963
3/4/23,4.197182709,1.238968635,-1.536046098,1.415161036
4/4/23,4.19334607,1.258935215,-1.933690699,1.373433435
5/4/23,4.233196988,1.190544087,-2.02807558,1.322901538
6/4/23,4.176211267,1.262009559,-1.755189098,1.297046436
7/4/23,4.210625127,1.185148173,-1.680265661,1.5986955
10/4/23,4.251117146,1.20507642,-1.519302502,1.413793895
11/4/23,4.181633087,1.174365072,-1.318574639,1.580718932
12/4/23,4.223410038,1.234092472,-1.804582909,1.548481419
13/4/23,4.296995421,1.152737421,-2.012849886,1.56770921
14/4/23,4.296800833,1.186138436,-1.702490781,1.635902504
17/4/23,4.354869425,1.118497867,-1.648770325,1.734182678
18/4/23,4.313223204,1.147441788,-1.548634275,1.875863046
19/4/23,4.265437006,1.160170906,-1.331328326,2.082337322
20/4/23,4.244840594,1.207476874,-1.66118643,1.888583407
21/4/23,4.27296511,1.225572019,-1.654362684,1.794614504
24/4/23,4.253403273,1.297946452,-1.828645049,1.706283132
25/4/23,4.273801548,1.402357952,-2.540259181,1.447090785
26/4/23,4.317346779,1.374562706,-2.557461498,1.489047384
27/4/23,4.314759138,1.339020778,-2.218732443,1.66462346
28/4/23,4.220692939,1.516418315,-2.566889564,1.699428474
1/5/23,4.394578461,1.32565947,-2.636713295,1.785867085
2/5/23,4.318897738,1.389620842,-2.869331648,1.723109315
3/5/23,4.323449246,1.453124244,-3.354694967,1.736953148
4/5/23,4.423502788,1.379008088,-3.534706595,1.530984133
5/5/23,4.378000247,1.360097637,-3.145444269,1.691419154
8/5/23,4.455929029,1.30517838,-3.023166261,1.708599346
9/5/23,4.468475459,1.265757597,-3.118227643,1.802697439
10/5/23,4.473230095,1.340546483,-3.387679082,1.659568096
11/5/23,4.428352361,1.410223911,-3.038315157,1.545818476
12/5/23,4.452125578,1.357232826,-2.895377431,1.587559063
15/5/23,4.460798785,1.386850964,-3.085196436,1.627587458
16/5/23,4.457894605,1.412787848,-3.096014159,1.70597337
17/5/23,1.882052118,3.971902528,-0.72627548,1.411745422
18/5/23,1.866992025,4.018907672,-0.381811177,1.403315163
19/5/23,2.101897172,3.784420648,-0.423307239,1.362779939
22/5/23,2.056316696,3.899832609,-0.591857737,1.402177312
23/5/23,1.723519685,4.208626134,-0.220042337,1.425843109
24/5/23,1.619599759,4.382535184,-0.196409199,1.465840587
25/5/23,1.257562114,4.701476277,-0.000168388,1.730591061
26/5/23,1.025290026,4.931738405,3.71E-05,1.876285027
29/5/23,NA,NA,NA,NA
30/5/23,1.614079857,4.459687072,0.000349713,1.496109552
31/5/23,1.709443586,4.413045241,-0.205296454,1.42840884
1/6/23,1.819360065,4.29963179,-0.530189378,1.445290087
2/6/23,1.709347988,4.346824832,-0.184509292,1.581017821
5/6/23,1.753699591,4.269278403,-0.324233966,1.604488229
6/6/23,1.391053123,4.578778601,-0.000305601,1.689865261
7/6/23,1.530037564,4.423951115,-0.000146033,1.678562566
8/6/23,1.063114216,4.823293453,-0.000133405,1.864219309
9/6/23,0.905591229,4.987452589,-0.000507285,2.008987702
12/6/23,1.03690606,4.890703796,0.000244855,1.886873465
13/6/23,3.44E-05,5.830654837,0.006699562,2.443205537
14/6/23,2.22E-14,5.796166715,-4.463626459,4.429105361
15/6/23,0.000122855,5.830565687,-1.8869115,3.160567624
16/6/23,0.000126596,5.758412203,-7.555199849,5.160594938
19/6/23,NA,NA,NA,NA
20/6/23,2.22E-14,5.778528397,-5.140706142,4.51354446
21/6/23,2.16E-09,5.794006274,-5.192986698,4.502242473
22/6/23,2.25E-14,5.80531933,-9.919718501,5.623083567
23/6/23,1.58E-05,5.857985408,-2.981629805,3.766619191
26/6/23,0.000566972,5.900097665,-1.840625346,3.212533519
27/6/23,2.23E-14,5.895889468,-5.948867479,4.729306025
28/6/23,4.53E-05,5.900171927,-6.602972329,4.783841066
29/6/23,4.097327649,1.507426811,10065.67456,1.546647091
30/6/23,4.288454097,-0.95717755,5.799153961,0.398368799
3/7/23,4.310033159,-0.719792234,5.387800748,0.429809523
4/7/23,NA,NA,NA,NA
5/7/23,4.329987587,-0.887467954,5.428674145,0.416799022
6/7/23,4.367230085,-1.052196664,5.47476658,0.398742515
7/7/23,4.41805645,-1.273505705,5.567297043,0.359196851
10/7/23,4.316324187,1.53750899,2096.557016,2.210909129
11/7/23,4.37583422,1.535060539,789.3833194,3.037102467
12/7/23,0.000210388,5.882288931,-1.491593373,3.122714918
13/7/23,0.463999386,5.451968258,0.000351397,2.110708047
14/7/23,4.11E-14,5.825311274,-6.466899756,4.85020281
17/7/23,3.61E-14,5.835359429,-5.682643729,4.594733496
18/7/23,3.02E-12,5.817560772,-9.571342674,5.444037013
19/7/23,3.63E-09,5.82371029,-16.37392429,6.238137403
20/7/23,4.92E-07,5.810919096,-61.22508544,7.578403896
21/7/23,0.000116574,5.811504489,-22.94577442,6.927006218
24/7/23,4.282994614,1.559310365,2364.541602,2.574943277
25/7/23,4.308383472,1.583159007,2038.293166,2.956932896
26/7/23,4.155899486,1.412074106,10523.57797,1.626368043
27/7/23,4.422633695,1.445364214,3026.014088,2.786881664
28/7/23,4.530909076,1.370034013,-343.2475482,3.536045373
31/7/23,4.257713084,1.404988071,9925.527452,1.714149478
1/8/23,4.474217684,-0.39516846,-1.79812671,3.799160055
2/8/23,4.544689962,1.267862639,-2392.773484,2.272898583
3/8/23,2.22E-14,5.803602901,-8.996969863,5.514376316
4/8/23,3.61E-14,5.826822813,-3.934269269,4.030699393
7/8/23,4.45E-05,5.87539117,-1.781910224,3.134034228
8/8/23,0.000857933,5.884528564,-2.270345995,3.287420995
9/8/23,2.22E-14,5.879664358,-3.483045146,3.851236469
10/8/23,0.000135194,5.877229356,-1.682767621,3.225121943
11/8/23,3.59E-14,5.828274294,-2.814074076,3.921478567
14/8/23,3.59E-13,5.775274637,-36.44511176,7.622096239
15/8/23,2.22E-14,5.786751863,-6.010104774,5.110983549
16/8/23,8.49E-05,5.761708056,-12.05648716,6.328720223
17/8/23,4.30E-14,5.76549945,-3.35878349,4.33412156
18/8/23,4.09E-05,5.738669154,-6.554978445,5.26502406
21/8/23,4.19E-14,5.746662914,-12.14948535,6.258118716
22/8/23,3.302402464,1.660841079,3.680640901,0.650091996
23/8/23,9.83E-05,5.752311646,-13.19559269,6.395536696
24/8/23,1.71E-07,5.787626665,-58.38602959,7.814738711
25/8/23,0.000150112,5.813600131,-29.2312012,7.467941462
28/8/23,3.27E-06,5.830730202,-70.25248287,7.910479191
29/8/23,0.000210787,5.830245775,-4.963179456,4.581087162
30/8/23,2.82E-14,5.85676552,-3.012627172,3.905306229
31/8/23,0.001645125,5.905425322,-0.026063463,2.547587937
1/9/23,4.60E-05,5.880373904,-0.03923831,2.542577474
4/9/23,NA,NA,NA,NA
5/9/23,9.75E-05,5.85025306,-4.531355585,4.475126179
6/9/23,3.449853166,1.200599877,4.376461864,0.548061585
7/9/23,0.000175506,5.834040638,-4.458217453,4.523625047
8/9/23,2.59E-14,5.824088909,-5.257535909,4.888422037
11/9/23,2.22E-14,5.835054086,-3.411918979,4.268566213
12/9/23,2.06E-12,5.816155915,-9.903099105,5.930843078
13/9/23,3.90E-14,5.826804675,-5.114581633,4.857844621
14/9/23,1.26E-10,5.789677296,-22.46785732,7.125180448
15/9/23,3.437741413,1.26560606,4.170384796,0.57167128
18/9/23,3.406952274,1.38209858,4.080528178,0.59966662
19/9/23,4.818468536,-0.476377874,3.444382362,0.432263688
20/9/23,4.770933626,-0.04710844,3.035438742,0.48024249
21/9/23,3.626792608,1.162047179,3.807510097,0.586660478
22/9/23,3.594442275,1.191780051,3.840439816,0.583105724
25/9/23,3.554032051,1.21175339,3.931430156,0.560424185
26/9/23,3.480391597,1.352554323,3.869942162,0.583771927
27/9/23,3.532417702,1.248654721,3.975397831,0.581407917
28/9/23,3.450168959,1.471474215,3.754879036,0.567164804
29/9/23,3.288471444,1.679433372,3.832297514,0.582004384
2/10/23,3.471549632,1.452441801,3.713282993,0.571299377
3/10/23,3.537382286,1.497958804,3.368644333,0.592867459
4/10/23,3.568505851,1.393325041,3.458958857,0.522158941
5/10/23,3.306934403,1.875432949,3.115418336,0.610961429
6/10/23,8.05E-05,5.805576507,-0.11623168,2.722335451
9/10/23,NA,NA,NA,NA
10/10/23,0.995412135,4.84168326,0.00056798,2.156424782
11/10/23,0.09408211,5.70195534,0.002541678,2.588148336
12/10/23,3.139134822,2.269976198,2.714818104,0.717867112
13/10/23,3.015175959,2.390924067,2.745480168,0.761553933
16/10/23,2.792572332,2.725011705,2.518809079,0.870795117
17/10/23,3.031500616,2.486311488,2.340218009,0.918091061
18/10/23,3.59E-05,5.717545402,0.759987322,2.736138119
19/10/23,1.131990602,4.56516522,-0.001509776,2.563981897
20/10/23,2.236836115,3.520203188,0.000388616,1.903376863
23/10/23,2.639017347,3.180714525,9.22E-05,1.671742987
24/10/23,2.241061749,3.561592481,-9.79E-06,1.912225735
25/10/23,2.313217192,3.463052372,-6.70E-05,1.964657365
26/10/23,2.633872242,3.200204193,-0.000159854,1.643547111
27/10/23,2.667749179,3.212032816,-0.000118601,1.51081723
30/10/23,2.668691586,3.193232497,-0.000106012,1.549841598
31/10/23,2.522215083,3.338613011,0.000119733,1.666400123
1/11/23,2.682405861,3.253494106,-0.00023329,1.383161275
2/11/23,2.092910203,3.729084903,5.75E-05,1.853070976
3/11/23,2.234313708,3.623154939,-0.000190203,1.525890925
6/11/23,1.945268246,3.839380092,-0.000196579,1.844036815
7/11/23,2.083556544,3.731881315,6.82E-05,1.766056049
8/11/23,3.344141016,1.840155406,2.999962017,0.579073674
9/11/23,3.461260432,1.560477105,3.259899215,0.565203464
10/11/23,3.468106598,1.647174726,2.9949783,0.613710031
13/11/23,3.600977831,1.434316865,3.103276576,0.546470513
14/11/23,2.106855949,3.71614237,-7.00E-06,1.623885873
15/11/23,1.117255038,4.614725026,-0.000708641,2.199969263
16/11/23,1.331806729,4.427238466,0.00010119,1.974155361
17/11/23,0.000176613,5.702331241,-0.014282953,2.572207978
20/11/23,0.002104936,5.717173113,7.49E-05,2.559953676
21/11/23,0.038514791,5.688070408,-0.000475826,2.463096064
22/11/23,0.496925582,5.267948341,0.000944437,2.330061811
23/11/23,NA,NA,NA,NA
24/11/23,2.722758923,2.609255498,2.883915632,0.772104844
27/11/23,0.182523708,5.57427102,0.001553601,2.383086257
28/11/23,1.107734303,4.711867281,-0.000226485,1.852888794
29/11/23,1.886116518,3.973004439,6.61E-05,1.473854754
30/11/23,1.48953138,4.287762962,-0.000196616,1.733445744
1/12/23,2.084154515,3.759322233,-0.000170423,1.315499569
4/12/23,2.00791238,3.765186378,-2.04E-05,1.484564107
5/12/23,2.14249452,3.659864554,0.000131023,1.368627599
6/12/23,1.829445778,3.916282997,-3.23E-05,1.581039393
7/12/23,1.840470525,3.890507906,-0.00012257,1.544860774
8/12/23,1.349022704,4.299427947,-0.000141477,1.974608955
11/12/23,1.463231857,4.200801406,-9.52E-05,1.9198731
12/12/23,0.722844766,4.913040237,0.000646588,2.221296732
13/12/23,1.948593258,3.775853946,-4.56E-05,1.396515456
14/12/23,2.329166761,3.430203929,4.85E-05,1.172491517
15/12/23,1.939109339,3.742414341,0.000128299,1.440005443
18/12/23,2.126604994,3.566160498,6.89E-05,1.366572902
19/12/23,2.258083414,3.434213507,0.000113653,1.301983954
20/12/23,2.478871008,3.272383996,-2.46E-05,1.112377159
21/12/23,2.526757256,3.196192866,1.00E-05,1.088153516
22/12/23,2.689412202,3.126869644,4.33E-05,0.946867846
25/12/23,NA,NA,NA,NA
26/12/23,2.656151637,3.051337445,-8.67E-05,1.043715125
27/12/23,4.43872982,1.352810526,-1.114021414,1.046416163
28/12/23,4.447529204,1.366248622,-1.341519319,1.117582691
29/12/23,2.713313671,3.043049376,-4.79E-05,0.93542453
1/1/24,NA,NA,NA,NA
2/1/24,2.788322107,2.86262493,-2.52E-05,1.034387252
3/1/24,2.704501966,2.980397773,-2.19E-05,1.041103208
4/1/24,2.637624959,2.963412776,2.31E-06,1.159268308
5/1/24,2.72771855,2.84483194,-1.93E-06,1.134887098
8/1/24,2.703759772,2.932949197,-0.00011083,1.060635178
9/1/24,2.77260084,2.886578837,8.47E-05,1.030695208
10/1/24,2.76400399,2.866024303,-3.75E-05,1.045091263
11/1/24,2.851655074,2.92726824,0.000101804,0.841466761
12/1/24,2.903807891,2.992772679,2.90E-05,0.668224413
15/1/24,NA,NA,NA,NA
16/1/24,2.915568924,2.90466124,-7.70E-05,0.734030745
17/1/24,2.960567642,2.770760628,0.000105882,0.85823195
18/1/24,2.932289039,2.76282211,-3.30E-05,0.878843149
19/1/24,2.850761148,2.770323183,6.66E-05,1.007852062
22/1/24,2.735018405,2.892844681,2.65E-05,1.043750201
23/1/24,2.83843719,2.81975232,-2.56E-05,0.963607979
24/1/24,2.787790327,2.806317003,4.89E-05,1.040389816
25/1/24,2.8358569,2.845995649,2.58E-06,0.903859107
26/1/24,2.858411866,2.761482209,-0.000108459,0.962897893
29/1/24,2.772660413,2.866588942,9.80E-05,0.955154617
30/1/24,2.782758703,2.809601178,-4.07E-05,1.046781873
31/1/24,2.773528887,2.894940447,6.58E-05,0.929137108
1/2/24,4.653276569,1.179106719,-1.109759511,0.788806307
2/2/24,2.936754728,2.782937412,5.92E-05,0.945980894
5/2/24,3.059380863,2.589680503,2.53E-05,1.010353042
6/2/24,2.992291896,2.679286078,0.000150939,0.959651804
7/2/24,2.981408339,2.66509474,4.42E-05,0.992125902
8/2/24,3.055219405,2.554163093,3.21E-05,1.006230675
9/2/24,3.111306433,2.502073992,7.76E-05,1.00224471
12/2/24,3.031596496,2.587448881,1.64E-05,1.02802225
13/2/24,3.041322777,2.536529705,0.000307715,1.289658164
14/2/24,3.087401482,2.498647384,-1.93E-05,1.162101312
15/2/24,2.978421063,2.6188496,-5.88E-05,1.180679065
16/2/24,2.735513068,2.786460456,0.000710482,1.473170647
19/2/24,NA,NA,NA,NA
20/2/24,2.81688584,2.725395423,6.50E-05,1.331809147
21/2/24,2.823022763,2.722680759,2.84E-05,1.389232019
22/2/24,2.702567073,2.811924873,-0.000143137,1.587682966
23/2/24,2.096749817,3.376792617,-0.00058039,1.900735755
26/2/24,2.150860123,3.345481194,0.000664271,1.920102957
27/2/24,1.98470253,3.498303592,0.000117983,2.003139616
28/2/24,2.448368845,3.072826516,-0.00071991,1.651103211
29/2/24,2.458174403,3.067855415,-9.21E-05,1.643468037
1/3/24,2.71889828,2.856351735,-0.000153667,1.310208406
4/3/24,2.417514406,3.131189049,3.28E-05,1.571828586
5/3/24,2.592500839,2.98333956,5.80E-05,1.414306583
6/3/24,2.434484782,3.116594336,-7.05E-05,1.566308107
7/3/24,2.605546495,2.984009874,-0.00016174,1.373238445
8/3/24,2.509854944,3.079781209,-0.000245025,1.373287896
11/3/24,2.523847051,3.073134087,-0.000131107,1.427107762
12/3/24,2.447803767,3.138366188,-0.000239362,1.566308475
13/3/24,2.399070118,3.161598702,0.000171324,1.647636916
14/3/24,2.511711933,3.036237707,7.37E-05,1.693140099
15/3/24,2.091152408,3.392409358,8.72E-05,2.041181807
18/3/24,2.311617721,3.181779029,-8.28E-05,1.949600186
19/3/24,2.826769075,2.755176977,0.000147773,1.513153849
20/3/24,3.111896378,2.532155783,-2.13E-05,1.186923484
21/3/24,3.003461323,2.613400618,-3.69E-05,1.29330086
22/3/24,3.036539519,2.597282286,-5.16E-06,1.216526797
25/3/24,3.021918765,2.594483764,-7.23E-05,1.261612108
26/3/24,2.927838673,2.688533791,-1.47E-05,1.328565466
27/3/24,2.745472297,2.825392732,6.92E-05,1.428506529
28/3/24,2.306171853,3.215202119,0.000354514,1.793917948
29/3/24,NA,NA,NA,NA
1/4/24,2.131679371,3.359125183,0.000237469,2.032319746
2/4/24,2.195637551,3.260380963,-0.000178399,1.968906582
3/4/24,2.588130268,2.889073188,0.000460493,1.705067026
4/4/24,2.560386972,2.909498438,0.000800531,1.692220212
5/4/24,1.970652961,3.474873309,0.000604357,2.157601953
8/4/24,1.487628734,3.928933029,0.001503974,2.53437908
9/4/24,2.005033648,3.415147825,-0.000455376,2.236128828
10/4/24,8.03E-07,5.430034069,1.498962321,2.672437559
11/4/24,5.85E-06,5.388763297,-42.3870699,8.815658342
12/4/24,5.75E-06,5.383392939,0.964993888,2.872810645
15/4/24,1.47E-12,5.368959022,-5.939478058,6.242056277
16/4/24,0.000337001,5.388906944,0.248541821,3.558714557
17/4/24,1.08E-05,5.361720847,-65.41866761,9.089549787
18/4/24,2.78E-05,5.370131658,1.386560194,2.836860569
19/4/24,3.22E-05,5.373774127,1.095178831,3.015732737
22/4/24,0.000154637,5.379261024,0.891045483,3.113675983
23/4/24,1.81E-10,5.374250654,0.000458544,3.551020724
24/4/24,0.000169375,5.380071884,0.076158397,3.495544294
25/4/24,0.000140859,5.395342624,0.879895913,3.125538498
26/4/24,1.88E-06,5.423197393,0.641857542,3.25788548
29/4/24,4.17E-05,5.405356136,1.274251105,2.815670683
30/4/24,2.22E-14,5.413736715,1.816420258,2.615216214
1/5/24,6.64E-06,5.436903785,0.012947106,3.527166083
2/5/24,1.740157801,3.72176291,-0.000188441,2.559755179
3/5/24,2.440196945,3.034661342,0.000621926,2.015230186
6/5/24,1.492338685,3.945758699,0.000403781,2.578433066
7/5/24,1.356046865,4.087680983,9.58E-05,2.654762033
8/5/24,1.670731267,3.768133385,-0.000609978,2.546731461
9/5/24,2.380202033,3.09918744,-0.000270231,2.085412558
10/5/24,1.447310331,4.00637256,-0.001153663,2.649129346
13/5/24,1.55628541,3.907487955,-0.001741871,2.572260886
14/5/24,2.473679746,3.044862655,-0.001404298,1.965603262
15/5/24,2.626284589,2.924409994,-2.76E-05,1.683760532
16/5/24,3.242114054,2.106804636,1.620375235,0.840275651
17/5/24,1.688774119,3.78444832,0.000304605,2.403794144
20/5/24,1.635024501,3.843344367,-0.001352303,2.449109202
21/5/24,1.221849416,4.256041518,-5.41E-05,2.586941972
22/5/24,0.011120416,5.457939497,-0.000138064,3.168967677
23/5/24,3.26136896,1.993901704,1.955869035,0.893948471
24/5/24,3.439939935,1.618915407,2.445866504,0.743294665
27/5/24,NA,NA,NA,NA
28/5/24,0.000128663,5.4649781,-3.914364696,5.332613583
29/5/24,3.74891165,1.229287958,2.362771968,0.64016131
30/5/24,3.610102991,1.462036441,2.213874662,0.690094271
31/5/24,3.59170756,1.466909984,2.316163096,0.640953156
3/6/24,0.937629838,4.545312927,-0.000239052,2.697526484
4/6/24,0.922133647,4.564690962,-0.000599826,2.586492163
5/6/24,1.854859922,3.659914192,-0.000294152,2.112764777
6/6/24,1.710152469,3.795426468,-4.48E-05,2.156830385
7/6/24,1.58E-07,5.499206559,0.000769996,3.080916599
10/6/24,3.41608338,1.653141918,2.429196593,0.682679509
11/6/24,1.136457902,4.396988701,6.52E-05,2.48768113
12/6/24,1.593420257,3.957825066,-6.69E-05,2.168071242
13/6/24,1.59603908,3.955281126,-6.72E-05,2.039713236
14/6/24,1.272128107,4.262789318,1.75E-05,2.196655115
17/6/24,0.714149596,4.794143717,0.000163107,2.56986948
18/6/24,1.941884535,3.633723453,-9.48E-05,1.918053605
19/6/24,NA,NA,NA,NA
20/6/24,1.930728,3.655180586,-9.34E-05,1.920835269
21/6/24,1.960265845,3.609575859,-0.00011765,1.935414919
24/6/24,2.046762319,3.517820377,-0.0001253,1.923986548
25/6/24,2.045934166,3.5266122,-0.000164431,1.909825327
26/6/24,1.872639672,3.699263053,-0.000139454,2.054578068
27/6/24,1.997212037,3.580685787,-0.000138668,1.947325653
28/6/24,2.237339969,3.35212307,-4.93E-05,1.809152589
1/7/24,2.102828806,3.459150602,-8.39E-05,1.901189363
2/7/24,1.996042283,3.549097764,1.97E-05,1.929038594
3/7/24,2.082028217,3.49433454,-5.24E-06,1.822869806
4/7/24,NA,NA,NA,NA
5/7/24,2.113601584,3.454247496,-3.99E-05,1.64547895
8/7/24,1.995113163,3.554267022,7.39E-05,1.745865776
9/7/24,2.122221721,3.459830428,9.94E-05,1.647126589
10/7/24,2.206908265,3.381047509,-6.08E-05,1.615365348
11/7/24,2.373877427,3.188192521,7.23E-05,1.401563909
12/7/24,2.598370067,3.020048078,5.50E-05,1.189195935
15/7/24,2.613022876,2.972544608,-7.92E-05,1.179714557
16/7/24,2.577614286,2.992818868,-1.70E-05,1.204858556
17/7/24,2.533990477,3.04795531,-2.95E-05,1.21582674
18/7/24,2.424505701,3.117935009,7.37E-05,1.319929245
19/7/24,2.459890009,3.023211876,-0.00011457,1.388815132
22/7/24,2.43569217,3.047341554,-6.59E-05,1.411400803
23/7/24,2.615264889,2.881453914,-8.95E-05,1.27400163
24/7/24,2.635591973,2.877289089,0.000116817,1.186740635
25/7/24,2.59546419,2.883936393,2.50E-05,1.281442078
26/7/24,2.536261861,2.968890857,9.85E-05,1.217892895
29/7/24,2.467509354,3.02273063,4.07E-05,1.257953205
30/7/24,2.447937799,3.022317629,-8.30E-05,1.256217625
31/7/24,2.514750129,3.008959874,-1.45E-05,1.140310425
1/8/24,2.605408096,2.936537991,-2.60E-05,0.951857487
2/8/24,4.737644493,0.751402098,-2.008880847,0.979158098
5/8/24,4.693797087,0.845294211,-1.889663671,0.903673544
6/8/24,4.785744509,0.785641535,-1.998134659,1.004318151
7/8/24,4.857205142,0.726100076,-2.137944956,0.98459677
8/8/24,4.887253192,0.738837681,-2.128597734,0.965829311
9/8/24,2.744312319,2.78408034,9.95E-05,0.790746351
12/8/24,2.64931946,2.874728036,-4.33E-05,0.793450105
13/8/24,4.820454558,0.75723916,-2.209801419,1.025912297
14/8/24,4.759163902,0.856932573,-2.12377064,0.98520987
15/8/24,2.647159313,2.808202396,-1.84E-05,0.900110948
16/8/24,4.729810688,0.77214081,-1.621789623,1.000929318
19/8/24,4.687737578,0.757708,-1.540180856,1.046118203
20/8/24,4.664732729,0.821408723,-1.764663311,0.995794612
21/8/24,4.68000923,0.789633983,-1.956496733,0.998465345
22/8/24,4.724252381,0.760067741,-1.789915315,0.998202589
23/8/24,4.711228689,0.801474187,-1.994951826,0.940497502
26/8/24,4.719797238,0.808789219,-2.052127584,0.954605454
27/8/24,4.729752599,0.770718223,-2.145507967,0.970866617
28/8/24,4.725290216,0.801962948,-2.091201855,0.939151931
29/8/24,4.729984405,0.802533431,-2.024108436,0.934784569
30/8/24,4.770556714,0.729178278,-1.942646255,0.902377839
2/9/24,NA,NA,NA,NA
3/9/24,4.710504942,0.823191475,-2.020083293,0.89477949
4/9/24,4.653824712,0.896784605,-2.301378737,0.854957306
5/9/24,4.605678722,0.966028898,-2.322497519,0.853063515
6/9/24,4.631973833,1.031794304,-2.811049441,0.836304581
9/9/24,4.596095622,1.097560837,-2.653891963,0.795098798
10/9/24,4.579360428,1.105116416,-2.906725178,0.820376124
11/9/24,4.578498653,1.165211965,-2.931877336,0.840560692
12/9/24,4.618972248,1.022258407,-2.781074164,0.82676288
13/9/24,4.610512893,1.049465044,-2.888039103,0.75877033
16/9/24,4.542627193,1.034434341,-2.755772344,0.745184966
17/9/24,4.56084947,0.978625249,-2.646943183,0.745778013
18/9/24,4.624738939,0.863746339,-2.567782881,0.706783612
19/9/24,4.674728231,0.748937201,-2.782439173,0.757647392
20/9/24,4.695243311,0.747194623,-2.906282444,0.740712651
23/9/24,4.719463047,0.648702363,-2.90048792,0.75371491
24/9/24,4.730867163,0.615249677,-2.956673957,0.749262211
25/9/24,4.770503464,0.496501233,-2.753032485,0.736800271
26/9/24,4.747453595,0.498534975,-2.457209244,0.70877096
27/9/24,4.74170124,0.558934397,-2.678263141,0.704541593