,11,10,9,8,7,6,5,4,3,1,0,2,16,15,13,12,20,19,18,17,14,26,25,24,23,22,21,158,157,156,155,154,153,152,151,150,149,148,147,146,145,144,143,142,141,140,139,138,137,136,135,134,133,132,131,130,129,128,127,126,125,124,123,122,121,120,118,117,116,115,114,113,112,111,110,109,108,107,106,105,104,103,102,101,100,99,98,97,96,95,94,93,92,91,90,89,88,87,86,85,84,83,82,81,80,79,78,77,76,75,74,73,72,71,70,69,68,67,66,65,64,63,62,60,59,58,57,56,55,54,53,52,51,50,49,48,47,46,45,44,43,42,41,40,38,37,36,35,119,61,247,246,245,244,243,242,241,240,239,238,237,236,235,234,233,232,231,230,229,228,227,226,225,224,223,222,221,220,219,218,217,216,215,214,213,212,211,210,209,208,207,206,205,203,202,201,200,199,198,197,196,195,194,193,192,191,190,189,188,187,186,185,184,183,182,181,180,179,178,177,176,175,174,173,172,171,170,169,168,167,166,165,164,163,162,161,160,159,204,257,256,255,253,252,251,250
AMZN_20180706_20180803,0.06230108404681586,0.12145324798828133,-0.18522631340751317,0.10067549761417695,0.29018462597414185,0.045873352144751946,0.21101420239148372,0.012280765500954253,0.222060226654939,0.053904886497693705,0.10156808540894244,,,,,,,,,,,,,,,,,,,,,,,,,,,,,,,,,,,,,,,,,,,,,,,,,,,,,,,,,,,,,,,,,,,,,,,,,,,,,,,,,,,,,,,,,,,,,,,,,,,,,,,,,,,,,,,,,,,,,,,,,,,,,,,,,,,,,,,,,,,,,,,,,,,,,,,,,,,,,,,,,,,,,,,,,,,,,,,,,,,,,,,,,,,,,,,,,,,,,,,,,,,,,,,,,,,,,,,,,,,,,,,,,,,,,,,,,,,
AMZN_20191206_20200103,0.0961507462802647,-0.005514552982075937,0.0020482942106432793,0.1449594195952825,0.06840742763417917,,0.03228886460656328,0.07095434076990578,0.005396241483858555,0.009611030937196053,0.007590780543960576,0.15688329357095582,,,,,,,,,,,,,,,,,,,,,,,,,,,,,,,,,,,,,,,,,,,,,,,,,,,,,,,,,,,,,,,,,,,,,,,,,,,,,,,,,,,,,,,,,,,,,,,,,,,,,,,,,,,,,,,,,,,,,,,,,,,,,,,,,,,,,,,,,,,,,,,,,,,,,,,,,,,,,,,,,,,,,,,,,,,,,,,,,,,,,,,,,,,,,,,,,,,,,,,,,,,,,,,,,,,,,,,,,,,,,,,,,,,,,,,,,,
AMZN_20200306_20200403,-17.622044880979473,8.04251705468579,5.253520479155739,-3032.2203453088728,2.972156603263035,6.583174507112033,11.496666236161595,7.403275725034407,6.0851342253332215,4.201263734580655,13.417842858200185,6.145635094268371,-26.862873463426908,9.589184461685418,-209.199574191653,7.430847193349853,,,,,,,,,,,,,,,,,,,,,,,,,,,,,,,,,,,,,,,,,,,,,,,,,,,,,,,,,,,,,,,,,,,,,,,,,,,,,,,,,,,,,,,,,,,,,,,,,,,,,,,,,,,,,,,,,,,,,,,,,,,,,,,,,,,,,,,,,,,,,,,,,,,,,,,,,,,,,,,,,,,,,,,,,,,,,,,,,,,,,,,,,,,,,,,,,,,,,,,,,,,,,,,,,,,,,,,,,,,,,,,,,,,,,,
AMZN_20200409_20200501,0.2829798431388941,0.12591999860123065,0.22136957992650083,0.10025581835183307,0.04320521982260496,0.17428829320978395,0.1300492019141878,0.17356836322712393,0.05120093349270613,0.016545562319005752,0.08071283327600444,0.013073172975136483,0.49875463594827635,0.2278559644049512,0.13192808629647773,0.19843999322358916,1.6223117391776392,0.5467753755712548,0.3944490359088861,0.3025655138310916,0.3552632069524031,,,,,,,,,,,,,,,,,,,,,,,,,,,,,,,,,,,,,,,,,,,,,,,,,,,,,,,,,,,,,,,,,,,,,,,,,,,,,,,,,,,,,,,,,,,,,,,,,,,,,,,,,,,,,,,,,,,,,,,,,,,,,,,,,,,,,,,,,,,,,,,,,,,,,,,,,,,,,,,,,,,,,,,,,,,,,,,,,,,,,,,,,,,,,,,,,,,,,,,,,,,,,,,,,,,,,,,,,,,,,,,,,
AMZN_20200612_20200702,-0.058084719943891416,-0.11718458817592153,0.03377286484439506,0.02462819515998327,0.02428504274506319,-0.10261899879619783,0.019775091140750052,0.020043623721131356,0.0802233228687859,0.07384878185256111,-7.225483503552169e-05,3.817017816448015,-0.7323049855586962,0.3871708331876588,0.032548912118723926,-0.15209300204975368,,,,,,,,,,,,,,,,,,,,,,,,,,,,,,,,,,,,,,,,,,,,,,,,,,,,,,,,,,,,,,,,,,,,,,,,,,,,,,,,,,,,,,,,,,,,,,,,,,,,,,,,,,,,,,,,,,,,,,,,,,,,,,,,,,,,,,,,,,,,,,,,,,,,,,,,,,,,,,,,,,,,,,,,,,,,,,,,,,,,,,,,,,,,,,,,,,,,,,,,,,,,,,,,,,,,,,,,,,,,,,,,,,,,,,
AMZN_20200904_20201002,213.73041241778216,44.04109842759382,57.18852097072954,94.14416870178316,132.61376526541105,-22.843786873529552,-11.540958601790294,218.0294047728477,-65.25445764804694,-98.22228027826984,10.695247701742701,1144.0330547971434,83.27083151931716,100.4616908773328,99.9305905827481,150.64129179197545,,,,,103.18812016288662,,,,,,,,,,,,,,,,,,,,,,,,,,,,,,,,,,,,,,,,,,,,,,,,,,,,,,,,,,,,,,,,,,,,,,,,,,,,,,,,,,,,,,,,,,,,,,,,,,,,,,,,,,,,,,,,,,,,,,,,,,,,,,,,,,,,,,,,,,,,,,,,,,,,,,,,,,,,,,,,,,,,,,,,,,,,,,,,,,,,,,,,,,,,,,,,,,,,,,,,,,,,,,,,,,,,,,,,,,,,,,,,,
AMZN_20210604_20210702,0.02414689728587622,0.002568640575885522,0.005807565120709628,0.024671987288243623,0.020960822167410503,-0.03252714945193164,-1.0636648455227875,,0.003235560429600398,0.052603889159835125,0.11011939056048806,0.0015960236237619685,0.05625943287721573,-0.09565742511901769,0.05898475033039449,-0.03712716462399442,,,,,0.16743344402848007,,,,,,,,,,,,,,,,,,,,,,,,,,,,,,,,,,,,,,,,,,,,,,,,,,,,,,,,,,,,,,,,,,,,,,,,,,,,,,,,,,,,,,,,,,,,,,,,,,,,,,,,,,,,,,,,,,,,,,,,,,,,,,,,,,,,,,,,,,,,,,,,,,,,,,,,,,,,,,,,,,,,,,,,,,,,,,,,,,,,,,,,,,,,,,,,,,,,,,,,,,,,,,,,,,,,,,,,,,,,,,,,,
AMZN_20210806_20210903,1.0249520313338727,-122.33056158473427,-0.6028323673478078,-0.10558327596245701,-3.7906521032287426,0.7887790829516609,0.24694666293975467,0.08236452416887792,0.03490382484551945,0.13327167768111828,3.763663102496024e-05,-0.38353696362734696,,,,,,,,,,,,,,,,,,,,,,,,,,,,,,,,,,,,,,,,,,,,,,,,,,,,,,,,,,,,,,,,,,,,,,,,,,,,,,,,,,,,,,,,,,,,,,,,,,,,,,,,,,,,,,,,,,,,,,,,,,,,,,,,,,,,,,,,,,,,,,,,,,,,,,,,,,,,,,,,,,,,,,,,,,,,,,,,,,,,,,,,,,,,,,,,,,,,,,,,,,,,,,,,,,,,,,,,,,,,,,,,,,,,,,,,,,
AMZN_20211126_20211203,101.65324271098984,111.23672394832775,-23.06723996251028,-36.308903353243196,-34.219193828216525,10.157888923820998,1433.6835224972097,-56103.639529582986,-166.20802166213076,,-43.61723265660421,-82.32243173320995,23.14134648691207,14.161408654903049,-227.70518529503133,9.885133430355772,67.4973327051834,105.79333056718156,168.57593891556365,29.380430286119264,-6.273884876872771,61.25172133157207,82.47653247047903,1610.3201680945363,73.05799655153258,57.83956506938986,34.13250457501458,,,,,,,,,,,,,,,,,,,,,,,,,,,,,,,,,,,,,,,,,,,,,,,,,,,,,,,,,,,,,,,,,,,,,,,,,,,,,,,,,,,,,,,,,,,,,,,,,,,,,,,,,,,,,,,,,,,,,,,,,,,,,,,,,,,,,,,,,,,,,,,,,,,,,,,,,,,,,,,,,,,,,,,,,,,,,,,,,,,,,,,,,,,,,,,,,,,,,,,,,,,,,,,,,,,,,,,,,,,
AMZN_20220506_20220603,-2.3710035936217695,578.483224326189,-12.475988404990842,-13.565448513130871,118.30296308815534,-800.2419679606132,-0.42717648025226546,0.2986953423760524,0.14279590805153317,0.20114936168837894,0.14799168729541354,0.3178382222507351,,,,,,,,,,,,,,,,,,,,,,,,,,,,,,,,,,,,,,,,,,,,,,,,,,,,,,,,,,,,,,,,,,,,,,,,,,,,,,,,,,,,,,,,,,,,,,,,,,,,,,,,,,,,,,,,,,,,,,,,,,,,,,,,,,,,,,,,,,,,,,,,,,,,,,,,,,,,,,,,,,,,,,,,,,,,,,,,,,,,,,,,,,,,,,,,,,,,,,,,,,,,,,,,,,,,,,,,,,,,,,,,,,,,,,,,,,
AMZN_20221104_20221202,2.8059399267824983,3.2664937572145756,2.951910059733541,3.193864514790059,2.991471102429145,2.6202189544422403,2.7836987504705277,2.746168958001263,2.590138512348545,2.8261814738380853,3.0501769143506174,2.435055641970762,3.258130100991051,4.160885125375808,3.7965779037512553,3.2756418481669,,,,,3.5875786889081023,,,,,,,,,,,,,,,,,,,,,,,,,,,,,,,,,,,,,,,,,,,,,,,,,,,,,,,,,,,,,,,,,,,,,,,,,,,,,,,,,,,,,,,,,,,,,,,,,,,,,,,,,,,,,,,,,,,,,,,,,,,,,,,,,,,,,,,,,,,,,,,,,,,,,,,,,,,,,,,,,,,,,,,,,,,,,,,,,,,,,,,,,,,,,,,,,,,,,,,,,,,,,,,,,,,,,,,,,,,,,,,,,
AMZN_20230106_20230203,0.5740656802272911,0.4293135911803655,,0.5608859582528057,0.5187084536597553,0.5033379715889048,0.8522018947142762,,,,,,,,,,,,,,,,,,,,,,,,,,,,,,,,,,,,,,,,,,,,,,,,,,,,,,,,,,,,,,,,,,,,,,,,,,,,,,,,,,,,,,,,,,,,,,,,,,,,,,,,,,,,,,,,,,,,,,,,,,,,,,,,,,,,,,,,,,,,,,,,,,,,,,,,,,,,,,,,,,,,,,,,,,,,,,,,,,,,,,,,,,,,,,,,,,,,,,,,,,,,,,,,,,,,,,,,,,,,,,,,,,,,,,,,,,,,,,,
AMZN_20230127_20230210,,,,,,,,,,,,,,,,,26.395424507575534,,,,,,,,,,22.879976981165346,,,,,,,,,,,,,,,,,,,,,,,,,,,,,,,,,,,,,,,,,,,,,,,,,,,,,,,,,,,,,,,,,,,,,,,,,,,,,,,,,,,,,,,,,,,,,,,,,,,,,,,,,,,,,,,,,,,,,,,,,,,,,,,,,,,,,,,,,,,,,,,,,,,,,,,,,,,,,,,,,,,,,,,,,,,,,,,,,,,,,,,,,,,,,,,,,,,,,,,,,,,,,,,,,,,,,,,,,,,
AMZN_20230217_20230317,,,,,,,,,,,,,,,,,,,,,,,,,,,,9.460244956338752,9.341583358801994,9.94319057536224,6.2901216127581385,5.084443077608237,7.176858071787006,7.369624888620742,6.898810174297066,7.64850831790664,8.839540636087387,5.329134181189235,7.921021033863894,6.967153240616716,8.209685183652127,4.997309986276856,5.324719591012417,7.0264052615398604,10.880189541027592,10.56830351412591,6.733268804100916,9.464431101696649,10.340442327844785,8.189545175932903,5.237093513943588,6.969473996903114,6.638933684501029,6.837918920408998,11.770902415153376,8.264680256734506,8.215501973905347,4.358560678894223,7.66783895957601,8.122682325946412,7.461777761728616,6.794122952623857,7.851899675727802,6.893704318902672,7.077049194768612,7.674797824243541,6.588722376345302,7.704231160875472,7.905079991910569,5.872723104871316,11.425664011155005,6.502050964334192,9.620933233662386,5.689766337548028,7.862151388217245,4.999250134828979,6.3750074155841085,6.200051182592711,5.890702947738026,5.03305323737232,5.044304155998348,4.386880253420552,5.295021675226556,6.479942749412526,6.090937527207822,4.518457128790529,7.257827802026844,5.894177125396984,5.076267473962955,6.6875837524606885,4.909780093955639,5.956555012243876,6.793204377277063,7.235062979317568,5.393128553134832,5.973072003322617,5.4835110713812325,5.137472227416969,8.57713373962403,9.402524223362555,8.350104403326931,5.991474022033881,5.4835110713812325,6.343984146781382,5.574179342393214,5.8792052848891565,4.902604369657629,4.571690387312544,5.514663849809389,5.021520349009233,5.365576983390716,4.684532424351092,5.527163085930804,4.8092392455837105,5.374230522547443,8.556030299413855,5.0830294073664355,5.063987738537503,5.5729663354869565,7.71249902199576,4.881439618529078,5.010144059827716,4.778510831942031,4.950390105339252,5.168726045135336,4.882071795833299,4.73056753885362,4.6713725791561975,4.6963868853441175,5.1526280999790774,5.229953468298723,6.375902676960499,5.612379113871179,5.147630991951038,6.152349406975805,5.48536074278178,4.863902450076733,5.762233923903683,5.319159308609562,5.917229658580263,5.203321840384356,5.851154746938883,6.508563840987807,9.401815558129128,7.477270641759373,7.146460437902267,6.509893644505166,7.368585331152432,,,,,,,,,,,,,,,,,,,,,,,,,,,,,,,,,,,,,,,,,,,,,,,,,,,,,,,,,,,,,,,,,,,,,,,,,,,,,,,,,,,,,,,,,,,,,,,,,,
AMZN_20230317_20230421,,,,,,,,,,,,,,,,,,,,,,,,,,,,,,,,,,,2.935433173355191,2.6282527449086515,2.8173471236766883,2.8253686702065286,2.9070067176273535,2.9135723150320905,2.7957536501911147,2.610246880536911,2.7593744891412126,2.6961106773470846,2.490479706288797,2.468915836253694,,2.1898383722779378,2.5714857224503955,2.909749366228556,2.6517206100105315,2.80846428341116,2.4827181128098434,2.879589525324464,1.9211452807410614,1.9548629160403077,2.3284579398351397,2.197738199167831,1.6843965289778193,2.0751672401105234,1.5426994995769996,1.727678416364685,1.7916810707750372,1.6519206110375377,2.6074470240469503,1.3079776019826368,1.6204619986334954,1.7082730898978007,1.6628183419818872,2.0704632786657813,1.4850952203492727,1.8303974063980073,1.585078350517814,1.4570860804141677,1.6918179247386358,1.8828639205654214,2.1891070461167916,2.026128272558446,1.500225116417488,1.810405847619097,1.7776988556310211,2.1405254793858086,1.40698471090179,1.893607461061901,1.301726791226304,1.1594617057351115,1.2589782957281836,2.370677351701988,1.818143206338281,1.8448603597772941,1.767924380076462,2.200359063694149,1.8933689033937606,2.194253871643052,1.5195581460114453,1.6655047031362935,1.3517681926744889,1.64627396818003,1.7914883289632648,1.7781826613076417,1.8255058205037453,1.756925619291753,2.4791786620613414,,2.3512133538466387,2.3236122021136585,1.835492792708564,1.5804476557325395,1.6404046413632865,2.488949755703011,1.6995732999805333,2.8081531314191452,2.508124182646462,2.5929652446059994,2.8081531314191452,2.1052909732597085,2.5403513616733577,1.8401300163286285,2.3248369054340765,1.9664386040860522,2.0695493609185056,2.229148073849783,2.1514548381729495,2.4416870848607664,,1.8234463661374745,2.5962578467541686,2.2110851018140867,1.950952279912736,,,,,,,,,,,,,,,,,,,,2.1572992798255037,2.4681532411019673,,,,,,,,,,,,,,,,,,,,,,,,,,,,,,,,,,,,,,,,,,,,,,,,,,,,,,,,,,,,,,,,,,,,,,,,,,,,,,,,,,,,,,,,,,,,,,,,
AMZN_20230616_20230721,,,,,,,,,,,,,,,,,,,,,,,,,,,,6.413859752113924,5.773290356170958,5.236211442246186,4.824913552650069,4.917919439753674,5.291747350883298,5.681072394502479,5.485391336248944,5.8790838678599275,5.895337823140872,6.753052653292347,6.270078200720955,,6.589937737096393,6.534069804049404,5.044675578037378,4.943256327540784,5.617168958987668,5.570914291614821,5.632037321594353,5.950935467651093,6.581953722800276,6.0603733694060855,7.511842861735195,7.0834196299453405,6.7986970656166825,6.0603733694060855,6.761842275862628,6.454610443827701,7.0780062287023116,7.491127969269057,7.543049407207944,7.8836089200861,6.862387508255513,,7.491127969269053,7.741593918288098,6.712794923563649,6.78906194814741,,,,,,,,,,,,,,,,,,,,,,,,,,,,,,,,,,,,,,,,,,,,,,,,,,,,,,,,,,,,,,,,,,,,,,,,,,,,,,,,,,,,,5.688945587180447,5.107719898714334,5.661967385170512,5.859848530470778,5.107719898714334,5.16247955156658,6.181181169229375,5.162641546265999,5.163547359390527,5.130147068353227,5.083159263460671,5.185727524172273,5.014646642620454,5.193183184082089,4.9608423124459575,5.014646642620454,5.172618161760189,5.0517421202682,5.736223884281348,5.629179369398425,5.919142870120553,5.530186453112296,5.8588131575711895,5.87570430316603,6.230475513620386,5.999746093881291,6.198194647459322,6.196008677715328,6.463193888162836,6.101044527214555,6.118770592455815,6.396829430063628,5.782749983236541,5.064191578973131,5.4475475280992525,5.733841672424207,5.62968888731704,4.784765258183863,5.467535968890559,4.801349395479705,5.4384808827582205,5.52462799739332,5.341308541819091,5.037506743400806,5.488395055215347,5.125163295365458,5.51342878895366,5.834513665080245,5.542298583666158,5.238764841739641,5.254201979343672,5.026001456054288,4.6876481937067584,4.768001491888906,4.909940673583001,4.124039314947679,3.242472975555786,5.924198011702388,5.367595653068096,5.263901491827897,5.238233700783825,3.4494060872937995,3.8510275514429235,4.485861747494728,4.580097059137764,5.189135297239707,5.314725030435366,5.0838387152824955,5.416315056425772,5.379928307247387,4.7362791998084965,5.3136130163011694,4.907571958241342,4.778314656249549,5.223842782440941,5.127633704297481,3.805191348870015,4.79079257746752,4.6908073388159925,5.4616665699904905,3.2111180298296564,3.7282795877107087,4.679323015516487,5.417303809117045,5.689395915194052,5.0542583434755635,6.823591643122529,5.444238413236343,,,,,,,,
AMZN_20230915_20231020,,,,,,,,,,,,,,,,,,,,,,,,,,,,,,,,,,,,,,,,,,,,,,,,,,,,,,,,,,,,,,,,,,,,,,,,,,,,,,,,,,,,,,,,,,,,,,,,,,,,,,,,,,,,,,,,,,,,,,,,,,,,,,,,,,,,,,,,,,,,,,,,,,,,,,,,,,,,,,,,,,,,,,,,,,,,40.48165442746732,39.851090147517255,39.87066938990034,36.81393791234134,41.44833165155712,38.22190089082137,37.03622447311765,37.13376515159872,39.55428260909521,36.82732770877376,39.21225481978936,37.16012343820332,39.961983654430526,40.820344224735926,39.93161547062205,,40.22673985474877,38.79857862172436,36.835281040306995,36.96427129241945,41.264585758384705,41.03362036431894,40.92758811905144,39.14141546518076,39.990574051145444,39.927532829479446,40.042434001155634,38.570949570951306,39.279180098913116,39.65338990905868,40.483066144898864,39.25890159355696,43.46785731627182,41.23908824773613,43.00062842263982,41.181250177558226,,39.93299974477336,42.45854212654072,43.87088334833451,41.39274214270551,,,,,,,,,,,,,,,,,,,,,,,,,,,38.11940799504998,,,,,,,
GOOGL_20180706_20180803,0.09541025530371765,0.0627476222644483,0.12088711677594241,0.1458729539077806,0.20414091773157095,0.13534624723978542,0.10741370865732074,0.084981655605639,0.25776759766441876,0.04709785147275675,0.12772098057383055,,,,,,,,,,,,,,,,,,,,,,,,,,,,,,,,,,,,,,,,,,,,,,,,,,,,,,,,,,,,,,,,,,,,,,,,,,,,,,,,,,,,,,,,,,,,,,,,,,,,,,,,,,,,,,,,,,,,,,,,,,,,,,,,,,,,,,,,,,,,,,,,,,,,,,,,,,,,,,,,,,,,,,,,,,,,,,,,,,,,,,,,,,,,,,,,,,,,,,,,,,,,,,,,,,,,,,,,,,,,,,,,,,,,,,,,,,,
GOOGL_20191206_20200103,1.6994990802536307,1.1550379518058236,1.9084739634391363,1.049164064469049,3.714170251835105,,3.9884552180442427,1.216416869282863,1.2544162555930563,1.7278181675572386,0.6172137990000757,0.8930942232788796,,,,,,,,,,,,,,,,,,,,,,,,,,,,,,,,,,,,,,,,,,,,,,,,,,,,,,,,,,,,,,,,,,,,,,,,,,,,,,,,,,,,,,,,,,,,,,,,,,,,,,,,,,,,,,,,,,,,,,,,,,,,,,,,,,,,,,,,,,,,,,,,,,,,,,,,,,,,,,,,,,,,,,,,,,,,,,,,,,,,,,,,,,,,,,,,,,,,,,,,,,,,,,,,,,,,,,,,,,,,,,,,,,,,,,,,,,
GOOGL_20200306_20200403,476968.5810110604,-527.2671326242066,-188.01094622886913,-99.8188200050116,1125.926020752625,-55.76463411232826,-48.57438375869384,-90.84320408041998,-92.02608013409736,-122.92445530424645,-86.2843364020263,-96.99556802069715,-626092.2112590054,-152.21658808439742,-56.803510215558774,-420693.9837179481,,,,,,,,,,,,,,,,,,,,,,,,,,,,,,,,,,,,,,,,,,,,,,,,,,,,,,,,,,,,,,,,,,,,,,,,,,,,,,,,,,,,,,,,,,,,,,,,,,,,,,,,,,,,,,,,,,,,,,,,,,,,,,,,,,,,,,,,,,,,,,,,,,,,,,,,,,,,,,,,,,,,,,,,,,,,,,,,,,,,,,,,,,,,,,,,,,,,,,,,,,,,,,,,,,,,,,,,,,,,,,,,,,,,,,
GOOGL_20200409_20200501,0.5426430142442705,0.6653532543323204,1.4460410296823167,0.22347576110296,1.2066013521110377,0.4086373904594219,1.4798629616779895,0.6179881931062258,0.16864180995026049,0.03210294114936499,0.027071117572353975,0.06501255715556634,1.4529282337267604,1.2624764441480079,0.7090852511717218,0.3723267722326416,12.839032790209805,0.7000845242304305,0.5746500038990106,1.128205043157996,1.3996420947522261,,,,,,,,,,,,,,,,,,,,,,,,,,,,,,,,,,,,,,,,,,,,,,,,,,,,,,,,,,,,,,,,,,,,,,,,,,,,,,,,,,,,,,,,,,,,,,,,,,,,,,,,,,,,,,,,,,,,,,,,,,,,,,,,,,,,,,,,,,,,,,,,,,,,,,,,,,,,,,,,,,,,,,,,,,,,,,,,,,,,,,,,,,,,,,,,,,,,,,,,,,,,,,,,,,,,,,,,,,,,,,,,,
GOOGL_20200612_20200702,1.1432511030738208,0.5754403057251772,0.42523255628102435,0.6437604245459065,0.5303449809015718,0.556216090077221,0.32448072753668067,0.7877501811409181,0.3650747565049079,0.4778452062153841,0.585013713951228,0.27587404918570124,0.2853818970054929,1.505084413288009,0.635118820954768,0.510994968283811,,,,,,,,,,,,,,,,,,,,,,,,,,,,,,,,,,,,,,,,,,,,,,,,,,,,,,,,,,,,,,,,,,,,,,,,,,,,,,,,,,,,,,,,,,,,,,,,,,,,,,,,,,,,,,,,,,,,,,,,,,,,,,,,,,,,,,,,,,,,,,,,,,,,,,,,,,,,,,,,,,,,,,,,,,,,,,,,,,,,,,,,,,,,,,,,,,,,,,,,,,,,,,,,,,,,,,,,,,,,,,,,,,,,,,
GOOGL_20200904_20201002,-1.8380484851264285,8.408578637136756,2.6732666015624997,24.387690925649544,36.4405827782763,0.0,-12.408311641408659,13.887157857656234,1.9197936528219586,0.0,-28.082284982727472,-31.34678528037498,63.52619393901226,51.81800489141896,41.409922703918134,33.50812745575604,,,,,28.323170965218424,,,,,,,,,,,,,,,,,,,,,,,,,,,,,,,,,,,,,,,,,,,,,,,,,,,,,,,,,,,,,,,,,,,,,,,,,,,,,,,,,,,,,,,,,,,,,,,,,,,,,,,,,,,,,,,,,,,,,,,,,,,,,,,,,,,,,,,,,,,,,,,,,,,,,,,,,,,,,,,,,,,,,,,,,,,,,,,,,,,,,,,,,,,,,,,,,,,,,,,,,,,,,,,,,,,,,,,,,,,,,,,,,
GOOGL_20210604_20210702,0.30066951696388106,1.6524887287972074,1.1785910352138431,0.08774372330456655,0.39006172183990656,0.8966118681633605,0.4583536024188586,,0.47951441428309166,0.8966118681633605,0.003212638732704927,0.0992138595368335,1.0403448713633914,1.6465960283215968,1.5635620393108725,0.5880985610557007,,,,,0.43691076750342667,,,,,,,,,,,,,,,,,,,,,,,,,,,,,,,,,,,,,,,,,,,,,,,,,,,,,,,,,,,,,,,,,,,,,,,,,,,,,,,,,,,,,,,,,,,,,,,,,,,,,,,,,,,,,,,,,,,,,,,,,,,,,,,,,,,,,,,,,,,,,,,,,,,,,,,,,,,,,,,,,,,,,,,,,,,,,,,,,,,,,,,,,,,,,,,,,,,,,,,,,,,,,,,,,,,,,,,,,,,,,,,,,
GOOGL_20210806_20210903,-0.6287700386353461,0.13022548431359682,0.2506805775737538,0.28103490392113195,0.0124005480238744,-0.0005913617226048181,0.2560468246529613,0.4455307840277735,0.3784451492866622,0.283941199222996,0.2923258523322191,0.41444335785187214,,,,,,,,,,,,,,,,,,,,,,,,,,,,,,,,,,,,,,,,,,,,,,,,,,,,,,,,,,,,,,,,,,,,,,,,,,,,,,,,,,,,,,,,,,,,,,,,,,,,,,,,,,,,,,,,,,,,,,,,,,,,,,,,,,,,,,,,,,,,,,,,,,,,,,,,,,,,,,,,,,,,,,,,,,,,,,,,,,,,,,,,,,,,,,,,,,,,,,,,,,,,,,,,,,,,,,,,,,,,,,,,,,,,,,,,,,
GOOGL_20211126_20211203,5.721319416004352,43.49694590612483,49.04454056441367,35.92701450853895,-13.084476417179644,32.11162326990188,23.425148309470202,28.98260192534204,22.771907971895555,,28.75741664101106,41.148860801009235,58.628342769192734,47.24686165766711,52.62458220657251,75.89562542076828,60.026999352803074,53.024147723802,55.74603049072964,47.01559775929339,34.82475264658435,57.52438291938811,83.74772314118746,83.74772314118746,83.09112184943903,52.10171854204616,-15.692054141965725,,,,,,,,,,,,,,,,,,,,,,,,,,,,,,,,,,,,,,,,,,,,,,,,,,,,,,,,,,,,,,,,,,,,,,,,,,,,,,,,,,,,,,,,,,,,,,,,,,,,,,,,,,,,,,,,,,,,,,,,,,,,,,,,,,,,,,,,,,,,,,,,,,,,,,,,,,,,,,,,,,,,,,,,,,,,,,,,,,,,,,,,,,,,,,,,,,,,,,,,,,,,,,,,,,,,,,,,,,,
GOOGL_20220506_20220603,-79.24092856900093,-60.5341594896732,-29.679607153679743,-37200.891578286464,34.20957136490416,38.930136000977335,21.859601377891114,30.221872312096735,57.335499874477236,23.472940010114755,47.82467124152437,-272.83741757635295,,,,,,,,,,,,,,,,,,,,,,,,,,,,,,,,,,,,,,,,,,,,,,,,,,,,,,,,,,,,,,,,,,,,,,,,,,,,,,,,,,,,,,,,,,,,,,,,,,,,,,,,,,,,,,,,,,,,,,,,,,,,,,,,,,,,,,,,,,,,,,,,,,,,,,,,,,,,,,,,,,,,,,,,,,,,,,,,,,,,,,,,,,,,,,,,,,,,,,,,,,,,,,,,,,,,,,,,,,,,,,,,,,,,,,,,,,
GOOGL_20221104_20221202,0.3412475704603805,0.28122760148992626,0.3193078401547671,0.40266845275783464,0.31223493224095983,0.47311596723425464,0.33474999991091003,0.4219294089607306,0.4983878887307017,0.6577687087565661,0.7367861288517672,0.5401990726036667,0.4510919485953571,0.9807634739903693,0.32352118128094476,0.6851219112087558,,,,,0.3224153776788707,,,,,,,,,,,,,,,,,,,,,,,,,,,,,,,,,,,,,,,,,,,,,,,,,,,,,,,,,,,,,,,,,,,,,,,,,,,,,,,,,,,,,,,,,,,,,,,,,,,,,,,,,,,,,,,,,,,,,,,,,,,,,,,,,,,,,,,,,,,,,,,,,,,,,,,,,,,,,,,,,,,,,,,,,,,,,,,,,,,,,,,,,,,,,,,,,,,,,,,,,,,,,,,,,,,,,,,,,,,,,,,,,
GOOGL_20230106_20230203,0.5091358498204903,0.4961683758706691,,0.3993095535003079,0.5207331247231264,0.4767098864760517,0.6286058017052003,,,,,,,,,,,,,,,,,,,,,,,,,,,,,,,,,,,,,,,,,,,,,,,,,,,,,,,,,,,,,,,,,,,,,,,,,,,,,,,,,,,,,,,,,,,,,,,,,,,,,,,,,,,,,,,,,,,,,,,,,,,,,,,,,,,,,,,,,,,,,,,,,,,,,,,,,,,,,,,,,,,,,,,,,,,,,,,,,,,,,,,,,,,,,,,,,,,,,,,,,,,,,,,,,,,,,,,,,,,,,,,,,,,,,,,,,,,,,,,
GOOGL_20230127_20230210,,,,,,,,,,,,,,,,,21.921965634139642,,,,,,,,,,18.20685834112289,,,,,,,,,,,,,,,,,,,,,,,,,,,,,,,,,,,,,,,,,,,,,,,,,,,,,,,,,,,,,,,,,,,,,,,,,,,,,,,,,,,,,,,,,,,,,,,,,,,,,,,,,,,,,,,,,,,,,,,,,,,,,,,,,,,,,,,,,,,,,,,,,,,,,,,,,,,,,,,,,,,,,,,,,,,,,,,,,,,,,,,,,,,,,,,,,,,,,,,,,,,,,,,,,,,,,,,,,,,
GOOGL_20230217_20230317,,,,,,,,,,,,,,,,,,,,,,,,,,,,,,,,,,,,,,,,,,,,1.4483752175514724,1.6471796409923631,1.6905347116724345,1.1534910539671932,2.571996636575408,1.7364774230548918,1.109965458867273,1.8923547998708854,1.782320611916441,2.141756711988062,1.5595128656648969,3.0358297058987227,1.626175753855126,1.5707621565279637,1.6156533282005823,2.9735410265033813,2.945963801197187,1.2762648516826616,1.6384167475975675,2.7262774499295546,1.7288997668081894,1.6365584444571764,1.4748500224360348,1.3094537997939062,1.4929469957066277,2.7064253667788494,1.420132560611276,1.2277430656989314,2.5804569206346955,2.238051709565934,2.613723366484735,2.1392126501634863,1.6229146013032862,1.2612638630141821,1.1631395650879497,1.149443266749464,1.063203929599708,1.2090046627008526,1.219708859212907,1.0378406016402304,1.5195986579051655,1.0326073742579658,1.4267381472186156,0.9949501300138912,1.0940971830726074,1.947432406769585,1.106089639273414,1.595933667001942,1.8665866383157748,1.6269318268439545,1.5095601130098921,1.2963492185775745,1.565454761842821,1.6358060267788417,1.8230408701588372,1.314819073515049,1.5283941940346388,1.5680038033932382,2.441737083545495,0.9968206413226831,1.4975025327898348,1.2921098207011545,1.1312528928223524,1.452779515985494,1.7485427009213519,1.6472326178793126,1.8230550208401823,1.4642028402621288,1.650375445569301,2.623614277348317,1.6791788277164603,2.541323930787034,2.601456649654767,0.9474903275729981,1.3535330128064635,0.8850742991808631,1.189333095113765,1.5780004512045311,1.2644907037690236,0.9846001107865578,1.2140430364464048,1.2714252204270702,1.0066610803639564,2.553966127562211,1.2123154644955196,1.6418086151889104,1.1396019885070554,1.1573505374953486,1.153066546925682,1.246059252299809,1.356353461899116,1.6431119138869132,1.2573022177586972,1.2070897820645266,1.4186850591562157,1.7426801459351027,1.556114827553215,1.3063997829492873,2.6793491943426266,1.9115188348215988,1.9426687776777454,1.6409659574531954,1.7177478945995466,1.8326648527852172,1.9145470680870236,,,,,,,,,,,,,,,,,,,,,,,,,,,,,,,,,,,,,,,,,,,,,,,,,,,,,,,,,,,,,,,,,,,,,,,,,,,,,,,,,,,,,,,,,,,,,,,,,,
GOOGL_20230317_20230421,,,,,,,,,,,,,,,,,,,,,,,,,,,,,,,,,,,,,,,,,,,,,,,,,,4.8668185113376055,5.350590707816326,5.174984010259137,4.732877340848572,5.152084491030034,2.5406628827946736,4.821728067602356,4.877369896430602,4.088715009367735,4.5782323297396275,4.6309700690919255,4.413093884576865,4.878758028154273,5.131206783046552,4.34614028250068,4.6663625970962315,5.093496060016514,4.880769455694466,4.876760415182342,4.862848654366386,4.568148095327962,4.6596268725804135,4.3742819198778005,2.5733242760888997,3.103963458734393,5.049867388589989,4.382355624572654,3.5467067444393683,4.660875689599506,4.816351059474618,4.854868373715959,4.125244872330335,4.643971114079965,3.866917050240319,4.855447282585027,3.3211649941965535,5.174034670132828,5.16270490354928,5.6350163013697445,5.888543198311521,4.72003382159556,5.774489640360516,5.451507668667462,5.180401790381113,4.093282726722062,5.073519542570604,4.6158064521275834,4.844723649343133,4.857124957090719,4.078240987667873,4.81810401692585,5.321114498845946,5.284882231818257,5.068567380356701,,5.34229385882608,5.4000691354141575,5.317955138834248,4.82659454440288,5.1191086029382085,5.1129876336629145,4.614683774044778,5.114549869544478,5.373259167664008,5.39726178348077,5.648629559284063,3.424147079645732,5.12755989031911,4.910264924758819,4.574467826788019,5.628534466679942,5.452289859893147,5.69104643880208,4.976990687173432,5.743629375092893,,5.963244069134573,5.843238071185221,5.583466798356573,5.463891861787315,,,,,,,,,,,,,,,,,,,,4.618171334825226,5.906355527987834,,,,,,,,,,,,,,,,,,,,,,,,,,,,,,,,,,,,,,,,,,,,,,,,,,,,,,,,,,,,,,,,,,,,,,,,,,,,,,,,,,,,,,,,,,,,,,,,
JNJ_20180706_20180803,1.9241703492866857,1.9474411280250923,1.9490965455163447,2.124056234594422,2.085291861450438,2.0348495690317154,2.0242532493365344,2.0045358444150323,2.1247962544156533,2.1775709626550004,2.171771877090998,,,,,,,,,,,,,,,,,,,,,,,,,,,,,,,,,,,,,,,,,,,,,,,,,,,,,,,,,,,,,,,,,,,,,,,,,,,,,,,,,,,,,,,,,,,,,,,,,,,,,,,,,,,,,,,,,,,,,,,,,,,,,,,,,,,,,,,,,,,,,,,,,,,,,,,,,,,,,,,,,,,,,,,,,,,,,,,,,,,,,,,,,,,,,,,,,,,,,,,,,,,,,,,,,,,,,,,,,,,,,,,,,,,,,,,,,,,
JNJ_20191206_20200103,2.8881583138030824,3.0005331603357868,3.210289882872925,3.288488518994862,3.3787197180215793,,3.2028545246804585,3.223529735616164,3.2359795187671576,3.548155328688582,3.4616534421052463,3.668081271900851,,,,,,,,,,,,,,,,,,,,,,,,,,,,,,,,,,,,,,,,,,,,,,,,,,,,,,,,,,,,,,,,,,,,,,,,,,,,,,,,,,,,,,,,,,,,,,,,,,,,,,,,,,,,,,,,,,,,,,,,,,,,,,,,,,,,,,,,,,,,,,,,,,,,,,,,,,,,,,,,,,,,,,,,,,,,,,,,,,,,,,,,,,,,,,,,,,,,,,,,,,,,,,,,,,,,,,,,,,,,,,,,,,,,,,,,,,
JNJ_20200306_20200403,13.267637008102144,12.540589678103315,15.315234675457814,11.468361099387842,14.682038385569472,10.183700131834328,11.649408913893769,12.131965427858969,27.290450103367217,26.662489986875524,11.47655062450344,14.759718198047324,12.531629554841517,12.646448618217441,12.844858951826533,12.901580034714787,,,,,,,,,,,,,,,,,,,,,,,,,,,,,,,,,,,,,,,,,,,,,,,,,,,,,,,,,,,,,,,,,,,,,,,,,,,,,,,,,,,,,,,,,,,,,,,,,,,,,,,,,,,,,,,,,,,,,,,,,,,,,,,,,,,,,,,,,,,,,,,,,,,,,,,,,,,,,,,,,,,,,,,,,,,,,,,,,,,,,,,,,,,,,,,,,,,,,,,,,,,,,,,,,,,,,,,,,,,,,,,,,,,,,,
JNJ_20200409_20200501,2.4246872313415126,3.352959906381331,2.3283620160656673,1.6450223489280762,2.55020697785373,2.7507068056612587,1.5493721453630955,1.8234461675411702,1.7632160565406687,1.8078263654631843,1.4597248178539435,2.2977262462375663,3.3796702261527285,2.890966028945635,2.6835592696557278,2.276419772000954,1.540206738330805,3.3187460759825087,3.1465376931539524,3.3825984818507195,2.765149711991099,,,,,,,,,,,,,,,,,,,,,,,,,,,,,,,,,,,,,,,,,,,,,,,,,,,,,,,,,,,,,,,,,,,,,,,,,,,,,,,,,,,,,,,,,,,,,,,,,,,,,,,,,,,,,,,,,,,,,,,,,,,,,,,,,,,,,,,,,,,,,,,,,,,,,,,,,,,,,,,,,,,,,,,,,,,,,,,,,,,,,,,,,,,,,,,,,,,,,,,,,,,,,,,,,,,,,,,,,,,,,,,,,
JNJ_20200612_20200702,28.77436102777578,25.270698588695627,28.722903388213037,28.8629632703019,28.809913895987155,28.829563579132287,28.85697721215488,29.077856534669092,29.669008889566115,24.80125760083895,13.297669030209182,17.387341350113058,14.863348042717323,22.090732488122317,21.814915752721703,23.337828598931786,,,,,,,,,,,,,,,,,,,,,,,,,,,,,,,,,,,,,,,,,,,,,,,,,,,,,,,,,,,,,,,,,,,,,,,,,,,,,,,,,,,,,,,,,,,,,,,,,,,,,,,,,,,,,,,,,,,,,,,,,,,,,,,,,,,,,,,,,,,,,,,,,,,,,,,,,,,,,,,,,,,,,,,,,,,,,,,,,,,,,,,,,,,,,,,,,,,,,,,,,,,,,,,,,,,,,,,,,,,,,,,,,,,,,,
JNJ_20200904_20201002,23.780537415284606,17.496752515761937,24.791333187600745,28.77775260890265,27.801670758648015,28.37621817848484,15.1057451233959,29.86860036591161,28.727040792600985,28.45532022124633,27.755166746559265,28.00395993504621,14.525009954005798,21.719378699832184,23.640606145711168,23.68652707778444,,,,,23.558501403705858,,,,,,,,,,,,,,,,,,,,,,,,,,,,,,,,,,,,,,,,,,,,,,,,,,,,,,,,,,,,,,,,,,,,,,,,,,,,,,,,,,,,,,,,,,,,,,,,,,,,,,,,,,,,,,,,,,,,,,,,,,,,,,,,,,,,,,,,,,,,,,,,,,,,,,,,,,,,,,,,,,,,,,,,,,,,,,,,,,,,,,,,,,,,,,,,,,,,,,,,,,,,,,,,,,,,,,,,,,,,,,,,,
JNJ_20210604_20210702,5.24838489429022,5.11882834346845,5.081377375305317,5.11882834346845,5.200552769453351,5.090614646279153,5.2799125488981975,,5.5767061598783165,5.797501928482246,5.977203508766728,5.591827508812724,4.320280781458899,4.96903483644994,5.046167353654021,5.200552769453352,,,,,4.954883214880217,,,,,,,,,,,,,,,,,,,,,,,,,,,,,,,,,,,,,,,,,,,,,,,,,,,,,,,,,,,,,,,,,,,,,,,,,,,,,,,,,,,,,,,,,,,,,,,,,,,,,,,,,,,,,,,,,,,,,,,,,,,,,,,,,,,,,,,,,,,,,,,,,,,,,,,,,,,,,,,,,,,,,,,,,,,,,,,,,,,,,,,,,,,,,,,,,,,,,,,,,,,,,,,,,,,,,,,,,,,,,,,,,
JNJ_20210806_20210903,4.792895198034215,4.805846187001984,4.327649994803867,4.495354349400668,4.327649994803867,4.327649994803867,4.342901120602854,5.181917194153132,5.196504313140398,4.64182191338833,4.64182191338833,5.181917194153129,,,,,,,,,,,,,,,,,,,,,,,,,,,,,,,,,,,,,,,,,,,,,,,,,,,,,,,,,,,,,,,,,,,,,,,,,,,,,,,,,,,,,,,,,,,,,,,,,,,,,,,,,,,,,,,,,,,,,,,,,,,,,,,,,,,,,,,,,,,,,,,,,,,,,,,,,,,,,,,,,,,,,,,,,,,,,,,,,,,,,,,,,,,,,,,,,,,,,,,,,,,,,,,,,,,,,,,,,,,,,,,,,,,,,,,,,,
JNJ_20211126_20211203,19.912550302934232,20.07982758866905,19.059084302350477,19.60952460640713,19.41747646145297,19.60952460640713,19.630205624377965,18.89869398739368,19.554258135676534,,10.608099763662816,18.51078853828501,18.63484136595161,19.174711163264092,19.5488551804439,20.050948847358068,16.506639028334344,17.758511417895033,18.788115777156225,18.22487732627024,19.066370595698316,13.504681495013642,13.558225616425297,14.850941915148711,15.618309240157194,14.850941915148711,16.506639028334344,,,,,,,,,,,,,,,,,,,,,,,,,,,,,,,,,,,,,,,,,,,,,,,,,,,,,,,,,,,,,,,,,,,,,,,,,,,,,,,,,,,,,,,,,,,,,,,,,,,,,,,,,,,,,,,,,,,,,,,,,,,,,,,,,,,,,,,,,,,,,,,,,,,,,,,,,,,,,,,,,,,,,,,,,,,,,,,,,,,,,,,,,,,,,,,,,,,,,,,,,,,,,,,,,,,,,,,,,,,
JNJ_20220506_20220603,11.73192982756684,13.433813849022037,14.993169871996326,13.50838895260926,13.499231452041323,15.047059454318797,13.59554120479111,13.569435842590723,13.640726884870364,13.11608582212247,12.036665078749865,12.774661881825946,,,,,,,,,,,,,,,,,,,,,,,,,,,,,,,,,,,,,,,,,,,,,,,,,,,,,,,,,,,,,,,,,,,,,,,,,,,,,,,,,,,,,,,,,,,,,,,,,,,,,,,,,,,,,,,,,,,,,,,,,,,,,,,,,,,,,,,,,,,,,,,,,,,,,,,,,,,,,,,,,,,,,,,,,,,,,,,,,,,,,,,,,,,,,,,,,,,,,,,,,,,,,,,,,,,,,,,,,,,,,,,,,,,,,,,,,,
JNJ_20221104_20221202,3.0204785542944768,2.7139492361684514,2.882575151751465,2.6802286446974386,3.027547814126515,2.6973097385322053,2.7886350435938247,2.7845940467853234,2.7917184701225106,2.7845940467853234,2.7845940467853234,2.7917184701225106,2.732005027475008,2.8972265139109052,2.707399023969988,2.8194919998983754,,,,,2.8973875272094327,,,,,,,,,,,,,,,,,,,,,,,,,,,,,,,,,,,,,,,,,,,,,,,,,,,,,,,,,,,,,,,,,,,,,,,,,,,,,,,,,,,,,,,,,,,,,,,,,,,,,,,,,,,,,,,,,,,,,,,,,,,,,,,,,,,,,,,,,,,,,,,,,,,,,,,,,,,,,,,,,,,,,,,,,,,,,,,,,,,,,,,,,,,,,,,,,,,,,,,,,,,,,,,,,,,,,,,,,,,,,,,,,
JNJ_20230106_20230203,30.750528770690575,32.37062105839698,,34.147395927496575,32.370621058397,30.131410700262972,32.37062105839698,,,,,,,,,,,,,,,,,,,,,,,,,,,,,,,,,,,,,,,,,,,,,,,,,,,,,,,,,,,,,,,,,,,,,,,,,,,,,,,,,,,,,,,,,,,,,,,,,,,,,,,,,,,,,,,,,,,,,,,,,,,,,,,,,,,,,,,,,,,,,,,,,,,,,,,,,,,,,,,,,,,,,,,,,,,,,,,,,,,,,,,,,,,,,,,,,,,,,,,,,,,,,,,,,,,,,,,,,,,,,,,,,,,,,,,,,,,,,,,
JNJ_20230127_20230210,,,,,,,,,,,,,,,,,30.422223539068007,,,,,,,,,,28.163421314593695,,,,,,,,,,,,,,,,,,,,,,,,,,,,,,,,,,,,,,,,,,,,,,,,,,,,,,,,,,,,,,,,,,,,,,,,,,,,,,,,,,,,,,,,,,,,,,,,,,,,,,,,,,,,,,,,,,,,,,,,,,,,,,,,,,,,,,,,,,,,,,,,,,,,,,,,,,,,,,,,,,,,,,,,,,,,,,,,,,,,,,,,,,,,,,,,,,,,,,,,,,,,,,,,,,,,,,,,,,,
JNJ_20230217_20230317,,,,,,,,,,,,,,,,,,,,,,,,,,,,,,,,,,,,,,,,,,,,,,,,,,,,,,,,,,,,,,,,,,,,,,,,,,,,,,,,,,,,,,,,,,,,,,,,,,,,,,,,,,,,,,,,,,,,,,,,,,,,,,,,,,,,,,,,,,11.913690965895963,18.462562169245064,17.940997519749697,18.407759632003955,18.46256216924506,18.462562169245064,18.462562169245068,17.402506354456282,18.462562169245064,18.462562169245064,17.53667750400724,,,,,,,,,,,,,,,,,,,,,,,,,,,,,,,,,,,,,,,,,,,,,,,,,,,,,,,,,,,,,,,,,,,,,,,,,,,,,,,,,,,,,,,,,,,,,,,,,,
JNJ_20230317_20230421,,,,,,,,,,,,,,,,,,,,,,,,,,,,,,,,,,,,,,,,,,,,,,,,,,,,,,,,,,,,,,,,,,,,,,,,,,,,,,,,,,,,,,,,,,,,,,,,,,,,,,,,,,,,,,,,,,,,,,,2.7042759158766607,2.6365560156794565,2.6393069245320424,2.6365560156794565,2.7582471650787808,2.639306924532041,,2.3766659865255493,2.6273185398423005,2.6365560156794565,2.636556015679456,,,,,,,,,,,,,,,,,,,,,2.6365560156794565,,,,,,,,,,,,,,,,,,,,,,,,,,,,,,,,,,,,,,,,,,,,,,,,,,,,,,,,,,,,,,,,,,,,,,,,,,,,,,,,,,,,,,,,,,,,,,,,
JNJ_20230616_20230721,,,,,,,,,,,,,,,,,,,,,,,,,,,,,,,,,,,3.620905846200682,3.7023581550137545,3.7451803425508956,4.1576227506100984,4.156663623184604,,4.692819766987818,4.915517659533758,4.915517659533758,4.915517659533758,4.8199106937620755,4.6914394666609285,4.8199106937620755,4.451358960815771,4.451358960815772,4.819910693762074,4.915517659533758,4.45135896081577,4.9155176595337595,4.819910693762074,4.691439466660928,4.314858542300478,4.819825459244297,4.307815984393377,4.8199106937620755,4.915517659533759,4.451358960815772,,4.691439466660926,4.691439466660926,4.6914394666609285,4.349272252602547,,,,,,,,,,,,,,,,,,,,,,,,,,,,,,,,,,,,,,,,,,,,,,,,,,,,,,,,,,,,,,,,,,,,,,,,,,,,,,,,,,,,,,,,,,,,,,,,,,,,,,,,,,,,,,,,,,,,,,,,,,,,,,,,,,,,,,,,,,,,,,,,,,,,,,,,,,,,,,,,,,,,,,,,,,,,,,,,,,,,
JPM_20180706_20180803,0.47850517912685164,0.660400498889159,0.8160513990739021,0.7744620461442293,0.8487389014211237,0.6058807360935443,0.8515337846795676,0.8001719824100639,0.8368315984976625,0.4337152194640414,0.4942404962474319,,,,,,,,,,,,,,,,,,,,,,,,,,,,,,,,,,,,,,,,,,,,,,,,,,,,,,,,,,,,,,,,,,,,,,,,,,,,,,,,,,,,,,,,,,,,,,,,,,,,,,,,,,,,,,,,,,,,,,,,,,,,,,,,,,,,,,,,,,,,,,,,,,,,,,,,,,,,,,,,,,,,,,,,,,,,,,,,,,,,,,,,,,,,,,,,,,,,,,,,,,,,,,,,,,,,,,,,,,,,,,,,,,,,,,,,,,,
JPM_20191206_20200103,2.9503349671400105,3.600190779841675,3.5901706987871593,3.35848149128666,3.6324737476388482,,3.612898188094862,3.3881685817896727,2.868419085408814,2.478892477405076,2.560926736017473,3.506282162175891,,,,,,,,,,,,,,,,,,,,,,,,,,,,,,,,,,,,,,,,,,,,,,,,,,,,,,,,,,,,,,,,,,,,,,,,,,,,,,,,,,,,,,,,,,,,,,,,,,,,,,,,,,,,,,,,,,,,,,,,,,,,,,,,,,,,,,,,,,,,,,,,,,,,,,,,,,,,,,,,,,,,,,,,,,,,,,,,,,,,,,,,,,,,,,,,,,,,,,,,,,,,,,,,,,,,,,,,,,,,,,,,,,,,,,,,,,
JPM_20200306_20200403,3.2363543625303173,2.5279426839337873,2.076526038063525,1.6798438675885166,0.5514887425289317,2.2610573826779206,3.5830667744123783,6.429967548532304,4.158660590908697,8.13262171447892,7.1675235269175,4.374622037829145,-3.1548360801251256,-3.1477723994869145,2.0494605355616464,1.8046243614875852,,,,,,,,,,,,,,,,,,,,,,,,,,,,,,,,,,,,,,,,,,,,,,,,,,,,,,,,,,,,,,,,,,,,,,,,,,,,,,,,,,,,,,,,,,,,,,,,,,,,,,,,,,,,,,,,,,,,,,,,,,,,,,,,,,,,,,,,,,,,,,,,,,,,,,,,,,,,,,,,,,,,,,,,,,,,,,,,,,,,,,,,,,,,,,,,,,,,,,,,,,,,,,,,,,,,,,,,,,,,,,,,,,,,,,
JPM_20200409_20200501,15.042229869557998,15.624584526849135,12.343260776924508,12.764889186948434,13.069925597469222,18.29822007833983,13.616383254086452,15.562707898527918,16.59526367048467,12.818021371484296,15.102097653344671,15.346075233374831,14.638674307995727,13.657475156893323,18.39870707039676,13.381881671954627,11.188107671052261,24.971800034749045,11.056796443755468,21.987148058781546,12.213265290623887,,,,,,,,,,,,,,,,,,,,,,,,,,,,,,,,,,,,,,,,,,,,,,,,,,,,,,,,,,,,,,,,,,,,,,,,,,,,,,,,,,,,,,,,,,,,,,,,,,,,,,,,,,,,,,,,,,,,,,,,,,,,,,,,,,,,,,,,,,,,,,,,,,,,,,,,,,,,,,,,,,,,,,,,,,,,,,,,,,,,,,,,,,,,,,,,,,,,,,,,,,,,,,,,,,,,,,,,,,,,,,,,,
JPM_20200612_20200702,13.452020254056869,21.162956674750657,16.297003284219457,17.287598357338368,13.500775712608212,14.79212170781068,23.549585729442438,14.962421186645782,13.595344967849384,10.997926789156073,11.481138793708467,11.786179452038844,12.741945115143169,18.913159969287168,17.733765532865835,19.45237185130741,,,,,,,,,,,,,,,,,,,,,,,,,,,,,,,,,,,,,,,,,,,,,,,,,,,,,,,,,,,,,,,,,,,,,,,,,,,,,,,,,,,,,,,,,,,,,,,,,,,,,,,,,,,,,,,,,,,,,,,,,,,,,,,,,,,,,,,,,,,,,,,,,,,,,,,,,,,,,,,,,,,,,,,,,,,,,,,,,,,,,,,,,,,,,,,,,,,,,,,,,,,,,,,,,,,,,,,,,,,,,,,,,,,,,,
JPM_20200904_20201002,18.94346779236056,13.337432894845481,16.74429219667179,12.511612177162846,11.570132575021308,12.715986094676545,12.727140025249131,12.55480905158797,13.81752763859568,11.553021399316139,12.239947810795142,12.291251150962822,12.450544486789862,13.208063025455798,15.16520624406133,13.266865634475398,,,,,16.317768770830465,,,,,,,,,,,,,,,,,,,,,,,,,,,,,,,,,,,,,,,,,,,,,,,,,,,,,,,,,,,,,,,,,,,,,,,,,,,,,,,,,,,,,,,,,,,,,,,,,,,,,,,,,,,,,,,,,,,,,,,,,,,,,,,,,,,,,,,,,,,,,,,,,,,,,,,,,,,,,,,,,,,,,,,,,,,,,,,,,,,,,,,,,,,,,,,,,,,,,,,,,,,,,,,,,,,,,,,,,,,,,,,,,
JPM_20210604_20210702,29.413282881478306,31.08956273941409,29.436645353459078,28.941044114450403,29.031299691134087,31.093411335231362,31.14660141486716,,28.038979284811337,31.015555498656795,29.301918241546414,28.99525206294928,16.52558668298514,23.867085142273556,26.685678533413704,28.54308314471154,,,,,27.32931695866446,,,,,,,,,,,,,,,,,,,,,,,,,,,,,,,,,,,,,,,,,,,,,,,,,,,,,,,,,,,,,,,,,,,,,,,,,,,,,,,,,,,,,,,,,,,,,,,,,,,,,,,,,,,,,,,,,,,,,,,,,,,,,,,,,,,,,,,,,,,,,,,,,,,,,,,,,,,,,,,,,,,,,,,,,,,,,,,,,,,,,,,,,,,,,,,,,,,,,,,,,,,,,,,,,,,,,,,,,,,,,,,,,
JPM_20210806_20210903,4.798610624198482,4.7517201219574385,5.2226947594202,6.911343125784926,6.4981617189988405,6.725226409131201,6.506447899953691,7.376923892069283,7.231076351116614,7.497849208415338,8.312881692978062,7.516304792910737,,,,,,,,,,,,,,,,,,,,,,,,,,,,,,,,,,,,,,,,,,,,,,,,,,,,,,,,,,,,,,,,,,,,,,,,,,,,,,,,,,,,,,,,,,,,,,,,,,,,,,,,,,,,,,,,,,,,,,,,,,,,,,,,,,,,,,,,,,,,,,,,,,,,,,,,,,,,,,,,,,,,,,,,,,,,,,,,,,,,,,,,,,,,,,,,,,,,,,,,,,,,,,,,,,,,,,,,,,,,,,,,,,,,,,,,,,
JPM_20211126_20211203,23.465531739460314,23.465531739460317,24.264654773825676,24.265757514886126,24.328664497175623,22.93516772048203,16.800668735196222,15.057625172072559,19.14838320901568,,15.51674861382263,24.373431034374292,21.316605775321978,23.51790013970991,23.59718697837604,23.465531739460314,20.28780332440227,19.867880738302308,22.27438034553026,22.27438034553026,23.465531739460317,18.468373338805506,18.60567614365855,18.605676143658545,18.602166051599482,18.420485501110903,18.46229094455494,,,,,,,,,,,,,,,,,,,,,,,,,,,,,,,,,,,,,,,,,,,,,,,,,,,,,,,,,,,,,,,,,,,,,,,,,,,,,,,,,,,,,,,,,,,,,,,,,,,,,,,,,,,,,,,,,,,,,,,,,,,,,,,,,,,,,,,,,,,,,,,,,,,,,,,,,,,,,,,,,,,,,,,,,,,,,,,,,,,,,,,,,,,,,,,,,,,,,,,,,,,,,,,,,,,,,,,,,,,
JPM_20220506_20220603,1.6175245961839317,2.6448388907069775,1.8746342251557562,1.3190127150725575,2.438043237439997,1.3849206049507155,1.6360383258068776,1.5274148218194585,1.4155223290272345,2.724465977305009,1.4103320123988798,1.4293469040826432,,,,,,,,,,,,,,,,,,,,,,,,,,,,,,,,,,,,,,,,,,,,,,,,,,,,,,,,,,,,,,,,,,,,,,,,,,,,,,,,,,,,,,,,,,,,,,,,,,,,,,,,,,,,,,,,,,,,,,,,,,,,,,,,,,,,,,,,,,,,,,,,,,,,,,,,,,,,,,,,,,,,,,,,,,,,,,,,,,,,,,,,,,,,,,,,,,,,,,,,,,,,,,,,,,,,,,,,,,,,,,,,,,,,,,,,,,
JPM_20221104_20221202,3.8362274951697866,3.2276621568912764,3.7085335667013557,3.47657246701685,4.461781703848728,2.8270316418589294,2.9979885099924655,2.4829250833915926,2.8730103488574517,2.5763000437847543,2.2432729054516543,2.5256479509237226,4.3653169390362185,4.882518971692135,4.330520118653863,4.8423832116925825,,,,,3.9894676393603934,,,,,,,,,,,,,,,,,,,,,,,,,,,,,,,,,,,,,,,,,,,,,,,,,,,,,,,,,,,,,,,,,,,,,,,,,,,,,,,,,,,,,,,,,,,,,,,,,,,,,,,,,,,,,,,,,,,,,,,,,,,,,,,,,,,,,,,,,,,,,,,,,,,,,,,,,,,,,,,,,,,,,,,,,,,,,,,,,,,,,,,,,,,,,,,,,,,,,,,,,,,,,,,,,,,,,,,,,,,,,,,,,
JPM_20230106_20230203,3.6282048084524683,6.792711133312901,,5.031291207708346,6.72243329615551,6.839432314217455,3.780523337904437,,,,,,,,,,,,,,,,,,,,,,,,,,,,,,,,,,,,,,,,,,,,,,,,,,,,,,,,,,,,,,,,,,,,,,,,,,,,,,,,,,,,,,,,,,,,,,,,,,,,,,,,,,,,,,,,,,,,,,,,,,,,,,,,,,,,,,,,,,,,,,,,,,,,,,,,,,,,,,,,,,,,,,,,,,,,,,,,,,,,,,,,,,,,,,,,,,,,,,,,,,,,,,,,,,,,,,,,,,,,,,,,,,,,,,,,,,,,,,,
JPM_20230127_20230210,,,,,,,,,,,,,,,,,12.858143376525868,,,,,,,,,,9.331358511803533,,,,,,,,,,,,,,,,,,,,,,,,,,,,,,,,,,,,,,,,,,,,,,,,,,,,,,,,,,,,,,,,,,,,,,,,,,,,,,,,,,,,,,,,,,,,,,,,,,,,,,,,,,,,,,,,,,,,,,,,,,,,,,,,,,,,,,,,,,,,,,,,,,,,,,,,,,,,,,,,,,,,,,,,,,,,,,,,,,,,,,,,,,,,,,,,,,,,,,,,,,,,,,,,,,,,,,,,,,,
JPM_20230217_20230317,,,,,,,,,,,,,,,,,,,,,,,,,,,,,,,,,,,,,,,,,,,,,,,,,,,,,,,,,,,,,,,,,,,,,,,,,,,,,,,,,,,,,,,,,,,,,,,,,,,,,,,,,,,,,,,,,,,,28.006141736923002,21.80451709780089,31.723740901070503,31.85573060300015,29.07972530037002,27.73548484448868,32.42331451171276,29.695771399932504,31.277103678245354,31.344998930536534,30.036442802321137,28.407334052214438,29.848691354377817,29.88226855886522,30.387729917346977,20.910189744855018,30.88059960734408,33.87337485849849,31.36478661434846,31.12472265297874,29.093906410462605,31.01214423017477,18.25132193575738,31.741672444199608,29.76635771277583,30.66206688579405,29.283105276863772,31.74167244419961,31.811437627716,33.1872979129276,30.554989334974984,30.619746154163842,32.19500041945199,,,,,,,,,,,,,,,,,,,,,,,,,,,,,,,,,,,,,,,,,,,,,,,,,,,,,,,,,,,,,,,,,,,,,,,,,,,,,,,,,,,,,,,,,,,,,,,,,,
JPM_20230317_20230421,,,,,,,,,,,,,,,,,,,,,,,,,,,,,,,,,,,,,,,,,,,,,,,,,,,,,,,,,,,,,,,,,,,,,,,,,,,,,,,,,,,,,,,,,,,,,,,,,,,1.1120738081825459,1.140660488537338,1.1154317671385348,1.1544406530527227,1.1796459001604136,,1.119032109428264,1.1204078653020548,1.2222080464315679,1.254482048835278,1.2035792499599296,1.2274751958540422,1.1715177167159052,1.2203110583839312,1.112536947823806,1.130499532705228,1.1845818737336522,1.130236227334245,1.1531937347529877,1.1717969245178983,0.6920658786737077,1.1064622042746373,1.1096367916438785,1.2534922496124192,1.1641084220859375,1.301270769614721,,1.2520809659983911,1.1883658786507574,1.198807615584176,1.198461262987807,,,,,,,,,,,,,,,,,,,,,1.3250059362815878,,,,,,,,,,,,,,,,,,,,,,,,,,,,,,,,,,,,,,,,,,,,,,,,,,,,,,,,,,,,,,,,,,,,,,,,,,,,,,,,,,,,,,,,,,,,,,,,
JPM_20230616_20230721,,,,,,,,,,,,,,,,,,,,,,,,,,,,2.3633377882125055,2.1440679064498873,2.19077695823953,1.976167862624095,2.070912359485885,2.2690974367074483,2.16204027937634,2.151077580882066,2.151077580882066,2.1622685658195984,2.0626736012093048,2.3508904597539724,,2.2267723605865593,2.134074041624328,2.1573567639452613,2.23669313316548,2.1537642877164944,2.251420602647548,2.1647558536088067,2.2516993537421417,2.164755853608804,2.22747901074541,2.5291371578478072,2.2514206026475474,2.1597285769597216,2.0778426483569925,2.244903078867615,2.2529090176438396,2.1520945539002536,2.079046698645968,2.16204027937634,2.1347643672006678,1.8459702692761988,,2.3362398082594305,2.136660416895595,2.1516784468573102,2.118258285281147,,,,,,,,,,,,,,,,,,,,,,,,,,,,,,,,,,,,,,,,,,,,,,,,,,,,,,,,,,,,,,,,,,,,,,,,,,,,,,,,,,,,,2.720966538916001,2.3682607059522014,2.5456415619947603,2.3959766359194026,2.7835250949115595,2.735088205294885,2.5019169039514204,2.7964373667693985,2.8380833555115905,2.6093801305932147,2.7315997422659626,2.8890874647760505,2.379521218124025,2.886160425781177,2.8880168415993923,2.3158299929946797,2.2283524604127147,2.8908651520617363,2.6088173038032063,2.857315203130928,2.8390389147709527,2.8570856630422083,2.868126895425609,2.8648829504248474,2.8522970204787326,2.7549882912264114,2.3932135463351125,2.366406396010267,2.3891518866265757,2.9125211861286506,2.510004922767277,2.386827151440403,2.88039434725514,2.9155139014313933,2.922948144481934,2.5761485792514605,2.9118325387655486,2.9193829366846638,2.9173164635442426,2.9185210742959846,2.8576819874044506,2.4567708042449063,2.911832538765547,2.9185210742959846,2.9118325387655486,2.9155139014313933,2.9155139014313933,2.3794526227967068,2.4567708042449055,2.883064316121736,2.908269773713416,2.9155139014313938,2.9155139014313933,2.8365597626726524,3.0025646449740204,2.8670316047671163,2.8830544946787935,2.7330002364103962,2.8155916577233495,2.8724493899519765,2.9926745190756177,2.856685435288661,2.8347349297856264,2.7959662086311172,2.840738358193459,2.915513901431393,2.8502541813503353,2.9042050342944368,2.865724828035729,2.8279558842981087,2.839684827494159,2.5724340924219735,2.4615094021156727,2.4129061340375544,2.8391441515895326,2.8852201288191774,2.0921833161894003,2.3754522338241424,2.1257434370137505,2.5009440573195634,2.25694786096271,2.1108615392527947,2.3031256976988184,2.121894916472796,2.221183025857479,2.176861282747792,2.2013538041434217,2.0505973244118065,,,,,,,,
MSFT_20180706_20180803,1.3235130746209656,1.157668273038736,1.3182386071550307,1.3516135587662625,1.75210642446705,1.6210254088757114,1.491454612657912,1.2201622505426104,1.455449700476338,1.2968058326153686,1.280503658604879,,,,,,,,,,,,,,,,,,,,,,,,,,,,,,,,,,,,,,,,,,,,,,,,,,,,,,,,,,,,,,,,,,,,,,,,,,,,,,,,,,,,,,,,,,,,,,,,,,,,,,,,,,,,,,,,,,,,,,,,,,,,,,,,,,,,,,,,,,,,,,,,,,,,,,,,,,,,,,,,,,,,,,,,,,,,,,,,,,,,,,,,,,,,,,,,,,,,,,,,,,,,,,,,,,,,,,,,,,,,,,,,,,,,,,,,,,,
MSFT_20191206_20200103,1.5316742034482904,1.6465422412688024,1.4231512516675442,1.6283983136760516,1.3662089424684571,,1.3849493169509024,1.3699591679435366,1.7410905717143106,1.4653728503083876,1.2641360687100218,1.5246417627829627,,,,,,,,,,,,,,,,,,,,,,,,,,,,,,,,,,,,,,,,,,,,,,,,,,,,,,,,,,,,,,,,,,,,,,,,,,,,,,,,,,,,,,,,,,,,,,,,,,,,,,,,,,,,,,,,,,,,,,,,,,,,,,,,,,,,,,,,,,,,,,,,,,,,,,,,,,,,,,,,,,,,,,,,,,,,,,,,,,,,,,,,,,,,,,,,,,,,,,,,,,,,,,,,,,,,,,,,,,,,,,,,,,,,,,,,,,
MSFT_20200306_20200403,16.13552948323761,10.692534613682785,12.649349237644575,13.39586850687708,12.628286723395005,11.888540353855504,13.105291598130812,21.530052176936557,15.034330271895463,10.646728485622148,15.584050255472317,15.356815003754638,12.860785090952525,15.986058011393617,15.99488945993421,14.91963602266722,,,,,,,,,,,,,,,,,,,,,,,,,,,,,,,,,,,,,,,,,,,,,,,,,,,,,,,,,,,,,,,,,,,,,,,,,,,,,,,,,,,,,,,,,,,,,,,,,,,,,,,,,,,,,,,,,,,,,,,,,,,,,,,,,,,,,,,,,,,,,,,,,,,,,,,,,,,,,,,,,,,,,,,,,,,,,,,,,,,,,,,,,,,,,,,,,,,,,,,,,,,,,,,,,,,,,,,,,,,,,,,,,,,,,,
MSFT_20200409_20200501,1.8334338815291973,1.2879156253257569,2.276121227758598,1.3532661591568202,1.461837299598221,2.333272647209212,2.444580343412519,1.8112028601417547,1.7043144620184205,1.7160682184034237,1.1896894365505657,1.7557222403181887,1.8131502747455748,1.6704149983294865,2.0834602090227534,1.6873591458385806,1.7852779159437826,1.3038406816846333,1.787460494028156,1.6780725172594264,1.7835529955375753,,,,,,,,,,,,,,,,,,,,,,,,,,,,,,,,,,,,,,,,,,,,,,,,,,,,,,,,,,,,,,,,,,,,,,,,,,,,,,,,,,,,,,,,,,,,,,,,,,,,,,,,,,,,,,,,,,,,,,,,,,,,,,,,,,,,,,,,,,,,,,,,,,,,,,,,,,,,,,,,,,,,,,,,,,,,,,,,,,,,,,,,,,,,,,,,,,,,,,,,,,,,,,,,,,,,,,,,,,,,,,,,,
MSFT_20200612_20200702,0.5629175491091383,0.6436288345373219,0.7285175764064425,0.7212446289951064,0.5487512846071656,0.5514248963349161,0.5365487261280634,0.5280690958364721,0.47620846206206563,0.4916325610944499,0.4318571578520752,0.443354391358512,0.7177919023747351,0.6791188702613624,0.6311374663873087,0.5788362643941917,,,,,,,,,,,,,,,,,,,,,,,,,,,,,,,,,,,,,,,,,,,,,,,,,,,,,,,,,,,,,,,,,,,,,,,,,,,,,,,,,,,,,,,,,,,,,,,,,,,,,,,,,,,,,,,,,,,,,,,,,,,,,,,,,,,,,,,,,,,,,,,,,,,,,,,,,,,,,,,,,,,,,,,,,,,,,,,,,,,,,,,,,,,,,,,,,,,,,,,,,,,,,,,,,,,,,,,,,,,,,,,,,,,,,,
MSFT_20200904_20201002,17.709822260866734,22.691881356915758,16.219961010491854,17.93904279895049,19.517069597801214,16.470138630990363,21.726332833267204,16.706730425327944,19.147458376824567,23.10425978288493,14.65735210081806,18.20433186399658,26.176556256744075,26.40805419446743,16.585756229727757,19.335367933663377,,,,,26.61218753542146,,,,,,,,,,,,,,,,,,,,,,,,,,,,,,,,,,,,,,,,,,,,,,,,,,,,,,,,,,,,,,,,,,,,,,,,,,,,,,,,,,,,,,,,,,,,,,,,,,,,,,,,,,,,,,,,,,,,,,,,,,,,,,,,,,,,,,,,,,,,,,,,,,,,,,,,,,,,,,,,,,,,,,,,,,,,,,,,,,,,,,,,,,,,,,,,,,,,,,,,,,,,,,,,,,,,,,,,,,,,,,,,,
MSFT_20210604_20210702,0.5407215932282617,1.0985356353829425,0.34315712272233956,0.33532372267769633,0.5374275341992514,0.49049217495531894,0.2671220545621599,,0.2524082753677847,0.42853067684498464,0.4899449904558775,0.3905337973632818,0.4703824145273931,0.4685289946650518,0.36883817218100184,0.6877392182370374,,,,,0.6832763197664016,,,,,,,,,,,,,,,,,,,,,,,,,,,,,,,,,,,,,,,,,,,,,,,,,,,,,,,,,,,,,,,,,,,,,,,,,,,,,,,,,,,,,,,,,,,,,,,,,,,,,,,,,,,,,,,,,,,,,,,,,,,,,,,,,,,,,,,,,,,,,,,,,,,,,,,,,,,,,,,,,,,,,,,,,,,,,,,,,,,,,,,,,,,,,,,,,,,,,,,,,,,,,,,,,,,,,,,,,,,,,,,,,
MSFT_20210806_20210903,1.2876787131582128,1.2224787627579226,1.2032685172318807,1.2907747281456612,1.7235894571201995,1.8577929641383908,2.0380947460780274,1.8529603475391785,1.4746928221514568,1.4611296427211367,2.577151498922986,2.534641213106288,,,,,,,,,,,,,,,,,,,,,,,,,,,,,,,,,,,,,,,,,,,,,,,,,,,,,,,,,,,,,,,,,,,,,,,,,,,,,,,,,,,,,,,,,,,,,,,,,,,,,,,,,,,,,,,,,,,,,,,,,,,,,,,,,,,,,,,,,,,,,,,,,,,,,,,,,,,,,,,,,,,,,,,,,,,,,,,,,,,,,,,,,,,,,,,,,,,,,,,,,,,,,,,,,,,,,,,,,,,,,,,,,,,,,,,,,,
MSFT_20211126_20211203,20.26629909699218,23.319208709900334,17.040827836230793,15.513254413729488,17.884284559248968,32.324880069470964,15.533873293331594,15.597798835724927,15.422697588206377,,13.70248734439243,14.199703080765698,22.6185447096927,22.744854820270607,22.76947330622695,24.33205910978898,39.31859469222012,20.883642929724253,27.138860441942253,20.118850179312094,25.410149471349246,23.446490174564097,23.476520123638625,25.020959576614874,21.963228054272648,22.171852678811483,22.967243025477604,,,,,,,,,,,,,,,,,,,,,,,,,,,,,,,,,,,,,,,,,,,,,,,,,,,,,,,,,,,,,,,,,,,,,,,,,,,,,,,,,,,,,,,,,,,,,,,,,,,,,,,,,,,,,,,,,,,,,,,,,,,,,,,,,,,,,,,,,,,,,,,,,,,,,,,,,,,,,,,,,,,,,,,,,,,,,,,,,,,,,,,,,,,,,,,,,,,,,,,,,,,,,,,,,,,,,,,,,,,
MSFT_20220506_20220603,28.227937255820724,24.072941653883717,21.148935861603128,18.378088274927265,36.754935756773094,36.74016449311949,25.099524345369897,24.663818116424345,28.663124741488673,27.55268665729962,31.63637327809948,32.53729044818696,,,,,,,,,,,,,,,,,,,,,,,,,,,,,,,,,,,,,,,,,,,,,,,,,,,,,,,,,,,,,,,,,,,,,,,,,,,,,,,,,,,,,,,,,,,,,,,,,,,,,,,,,,,,,,,,,,,,,,,,,,,,,,,,,,,,,,,,,,,,,,,,,,,,,,,,,,,,,,,,,,,,,,,,,,,,,,,,,,,,,,,,,,,,,,,,,,,,,,,,,,,,,,,,,,,,,,,,,,,,,,,,,,,,,,,,,,
MSFT_20221104_20221202,0.20638087915434783,0.021881964331051044,0.44992367276532785,0.01158007552275427,0.08822992852896452,0.1369777316652562,0.11204027869489115,0.19725917663104486,0.04119006425170699,0.42402308247281184,0.21114160168208657,0.19201344148578706,0.3918379054937069,0.09404414293983225,0.040144939733778875,-0.0005319488599603546,,,,,0.1498367464199857,,,,,,,,,,,,,,,,,,,,,,,,,,,,,,,,,,,,,,,,,,,,,,,,,,,,,,,,,,,,,,,,,,,,,,,,,,,,,,,,,,,,,,,,,,,,,,,,,,,,,,,,,,,,,,,,,,,,,,,,,,,,,,,,,,,,,,,,,,,,,,,,,,,,,,,,,,,,,,,,,,,,,,,,,,,,,,,,,,,,,,,,,,,,,,,,,,,,,,,,,,,,,,,,,,,,,,,,,,,,,,,,,
MSFT_20230106_20230203,0.32100301282964094,0.29476182211588514,,0.19393202834328513,0.014853705632390414,0.3973777561669574,0.08396857603683107,,,,,,,,,,,,,,,,,,,,,,,,,,,,,,,,,,,,,,,,,,,,,,,,,,,,,,,,,,,,,,,,,,,,,,,,,,,,,,,,,,,,,,,,,,,,,,,,,,,,,,,,,,,,,,,,,,,,,,,,,,,,,,,,,,,,,,,,,,,,,,,,,,,,,,,,,,,,,,,,,,,,,,,,,,,,,,,,,,,,,,,,,,,,,,,,,,,,,,,,,,,,,,,,,,,,,,,,,,,,,,,,,,,,,,,,,,,,,,,
MSFT_20230127_20230210,,,,,,,,,,,,,,,,,1.7242877912752619,,,,,,,,,,1.719749885808773,,,,,,,,,,,,,,,,,,,,,,,,,,,,,,,,,,,,,,,,,,,,,,,,,,,,,,,,,,,,,,,,,,,,,,,,,,,,,,,,,,,,,,,,,,,,,,,,,,,,,,,,,,,,,,,,,,,,,,,,,,,,,,,,,,,,,,,,,,,,,,,,,,,,,,,,,,,,,,,,,,,,,,,,,,,,,,,,,,,,,,,,,,,,,,,,,,,,,,,,,,,,,,,,,,,,,,,,,,,
MSFT_20230217_20230317,,,,,,,,,,,,,,,,,,,,,,,,,,,,,,,,,1.7741587848921634,1.098877652430195,0.5488829348509714,0.3435434923731482,0.5777845098953116,0.7940815726334034,0.906758835902233,0.3582207889845815,0.8195427837958693,0.6655639035577529,0.4308772129289899,0.6070502934830975,0.6593289755668554,0.6555816102652532,0.8744073944195463,0.7730283095234187,0.25166929981764324,1.5477240044893252,0.6952348713621576,1.398100419187545,1.307629854565511,0.6965412558643791,0.7515125908452468,1.0069308578561162,0.938198879239403,1.1515019918364438,0.4712485781955114,1.1132539804625299,1.194290994891903,0.08885824000797406,0.4708931272052712,0.3708120307691484,0.11575362948319995,0.4163636647855777,0.3260021631865432,0.4498377317669777,0.2342937237741689,0.27111088007464723,1.6437238754533705,0.20904237753398872,0.6038057297322336,0.3615423897999133,0.6061633284429816,0.636163136598337,1.775518625726042,0.6418600445179984,0.5992149060597199,0.5414092913577317,0.5852073198063106,1.012100058479849,1.0479634646897356,1.0629973920934022,1.022054261123699,0.4846027531812329,0.3890921434309262,0.46036760776345415,0.505540188951274,0.8861018260614856,0.8084450734466081,1.2841822851030944,0.7494653039680532,0.82385694618551,0.7243427152540846,0.6201881883003869,0.5521228278346234,1.0598384386291895,1.1481170321726688,0.9871778462816474,0.6783668294785253,0.441807729271151,0.789024376716608,0.8229089934018402,0.7842505874268086,1.3506971625200561,0.7811937652483576,0.9656353651850741,1.2981000051163938,0.9330240892294273,1.2446155212160965,0.7200740269216375,0.9635748083718743,1.5195446513790827,0.5252736382024981,1.038012950047869,0.657019822231277,0.6956316569673009,0.6126148591906287,0.6435931318753093,0.8196387243238867,0.652929873861318,0.5065742803027201,0.8620809021609112,0.49266075938759296,0.5409389274351825,1.2546632934230564,0.42205930964849914,0.541360172966482,0.6784455113971538,0.6105316706403571,0.6892538940380796,0.36268579934378997,0.5563604881585263,0.44056579841330057,0.5896888186520078,0.39005344608200526,0.6246027460078575,0.39965617135265274,0.7899377918847901,0.8805553391042162,0.7275994944409503,0.765044454010474,0.7041112459844222,0.7765684090884488,0.7606972080291378,0.7490677752358023,0.7247185038838738,,,,,,,,,,,,,,,,,,,,,,,,,,,,,,,,,,,,,,,,,,,,,,,,,,,,,,,,,,,,,,,,,,,,,,,,,,,,,,,,,,,,,,,,,,,,,,,,,,
MSFT_20230317_20230421,,,,,,,,,,,,,,,,,,,,,,,,,,,,,,,,,,,5.256180493960775,5.839209425023743,5.837917369074815,2.6627828854275,6.04189263010712,2.668282971603545,6.223521263999101,1.7838968406966131,2.8049111567242093,2.6637906834812237,6.512832296569942,8.097171606746993,,7.499745865924925,6.774791616810764,2.2409203279989938,4.858336062010841,6.948774493985035,5.044333639499393,6.181821438004454,3.4655470201887986,5.462695965672033,3.476343880175698,7.486922264594365,4.6780427709333665,7.886854817892549,3.7129627600515853,4.302901972028284,5.763456809860078,4.861158364167359,4.027877960132092,5.781007594743239,5.30885737644822,2.861864216273686,3.6705382678538814,3.7257847120377687,6.098709057302839,7.326229932492693,6.282614953214403,5.297225442615354,4.535903230520482,4.336137001217692,5.451821252607789,5.950877735942502,4.189686421504782,4.705490896776052,5.00726073791426,2.983615297598922,5.366859127462463,5.285340017511388,4.119275885460005,5.579662467684738,6.916403708002004,5.205458473006477,5.438550664895143,5.9133168511035805,5.780348634368484,4.850045596059183,5.832803085937723,4.032635168606052,4.4005374299396545,4.568671026189387,3.7863471662488895,3.3877673351241477,3.5747547994472555,3.900401905326309,3.702505245811221,5.894476830553786,3.7931110965334347,,4.532287558259376,4.412043053496154,4.761718051832391,3.4128819119402047,3.4773145742430738,3.343542187185355,3.8683213462043615,4.009668079464841,4.712624765562,7.9662205497871135,4.640251902897786,2.9435112677788013,2.8179032578781853,3.0795834387017385,3.13271480406811,5.234843680611973,3.511917762975161,3.802777522253942,4.789478308206107,4.2368978790871825,,5.276310149844921,5.224043057772956,3.6364890955804863,8.211209551319277,,,,,,,,,,,,,,,,,,,,5.08425020353365,5.20228380238919,,,,,,,,,,,,,,,,,,,,,,,,,,,,,,,,,,,,,,,,,,,,,,,,,,,,,,,,,,,,,,,,,,,,,,,,,,,,,,,,,,,,,,,,,,,,,,,,
MSFT_20230616_20230721,,,,,,,,,,,,,,,,,,,,,,,,,,,,,,,,,,,33.38151160766354,28.424451638720438,26.278639238975536,30.224061578015156,29.603862049531383,,28.715820353584295,29.712570920958886,34.7722885625888,30.347177022739313,28.883878003892118,28.426213345844705,29.73713948249668,32.09239556310444,27.81109316736758,29.487635715356735,31.950976901217743,28.926208937634954,26.878828732523665,26.558008350176944,26.77685302018893,28.5211212352728,27.927270608081464,34.47937800820705,25.864701026314197,27.74134883689149,28.285074970033026,,34.92023762571633,30.53260369532287,35.12769636204615,34.79196982453401,,,,,,,,,,,,,,,,,,,,,,,,,,,,,,,,,,,,,,,,,,,,,,,,,,,,,,,,,,,,,,,,,,,,,,,,,,,,,,,,,,,,,,,,,,,,,,,,,,,,,,,,,,,,,,,,,,,,,,,,,,,,,,,,,,,,,,,,,,,,,,,,,,,,,,,,,,,,,,,,,,,,,,,,,,,,,,,,,,,,
PG_20180706_20180803,2.7935738870001234,2.909485825695098,2.788199406602782,2.783851888939636,2.7782013256497775,2.8491471761050455,2.975550724415879,2.8536920924367206,2.8057818692970096,2.8522542921142513,3.006431143002603,,,,,,,,,,,,,,,,,,,,,,,,,,,,,,,,,,,,,,,,,,,,,,,,,,,,,,,,,,,,,,,,,,,,,,,,,,,,,,,,,,,,,,,,,,,,,,,,,,,,,,,,,,,,,,,,,,,,,,,,,,,,,,,,,,,,,,,,,,,,,,,,,,,,,,,,,,,,,,,,,,,,,,,,,,,,,,,,,,,,,,,,,,,,,,,,,,,,,,,,,,,,,,,,,,,,,,,,,,,,,,,,,,,,,,,,,,,
PG_20191206_20200103,14.921378482111463,16.912972696554654,16.88966080226313,16.77451517218577,16.892621295652276,,16.807127236841225,17.04111473925976,16.962327827912183,16.949487768334766,13.844417536816628,16.545945314607604,,,,,,,,,,,,,,,,,,,,,,,,,,,,,,,,,,,,,,,,,,,,,,,,,,,,,,,,,,,,,,,,,,,,,,,,,,,,,,,,,,,,,,,,,,,,,,,,,,,,,,,,,,,,,,,,,,,,,,,,,,,,,,,,,,,,,,,,,,,,,,,,,,,,,,,,,,,,,,,,,,,,,,,,,,,,,,,,,,,,,,,,,,,,,,,,,,,,,,,,,,,,,,,,,,,,,,,,,,,,,,,,,,,,,,,,,,
PG_20200306_20200403,15.374591721188448,15.378166460232205,16.290267753989855,15.429695030563268,15.503784950790227,11.144499039371519,13.138956674044586,23.820092779201456,23.841404758186258,25.377661513879513,23.46753683284957,24.8271452968198,16.19992104770293,15.526374505649706,15.526374505649706,15.559472845080032,,,,,,,,,,,,,,,,,,,,,,,,,,,,,,,,,,,,,,,,,,,,,,,,,,,,,,,,,,,,,,,,,,,,,,,,,,,,,,,,,,,,,,,,,,,,,,,,,,,,,,,,,,,,,,,,,,,,,,,,,,,,,,,,,,,,,,,,,,,,,,,,,,,,,,,,,,,,,,,,,,,,,,,,,,,,,,,,,,,,,,,,,,,,,,,,,,,,,,,,,,,,,,,,,,,,,,,,,,,,,,,,,,,,,,
PG_20200409_20200501,6.698857396894913,6.56736970875215,6.314107604021281,7.274168547663241,7.023800526692807,6.845673312801487,7.020637769423953,7.352296093238155,7.196260512923978,6.705573867010084,6.79499679541846,6.693858530402576,6.509355672031986,6.376490391629276,6.135621311510581,6.255147473750933,3.458065800786609,6.7484559563750315,6.053374198073225,6.763890071149108,6.089690331261916,,,,,,,,,,,,,,,,,,,,,,,,,,,,,,,,,,,,,,,,,,,,,,,,,,,,,,,,,,,,,,,,,,,,,,,,,,,,,,,,,,,,,,,,,,,,,,,,,,,,,,,,,,,,,,,,,,,,,,,,,,,,,,,,,,,,,,,,,,,,,,,,,,,,,,,,,,,,,,,,,,,,,,,,,,,,,,,,,,,,,,,,,,,,,,,,,,,,,,,,,,,,,,,,,,,,,,,,,,,,,,,,,
PG_20200612_20200702,2.612834346556265,2.79928248668425,2.8544963396915173,3.0252696769808938,3.2843446417692554,2.78923909511633,3.135492372942973,3.1911469188548653,3.1911469188548653,3.1868814983426543,3.2136401696889467,3.1885425580902136,2.0641845981801574,2.6849856807440795,2.499455036137169,2.5677494720472436,,,,,,,,,,,,,,,,,,,,,,,,,,,,,,,,,,,,,,,,,,,,,,,,,,,,,,,,,,,,,,,,,,,,,,,,,,,,,,,,,,,,,,,,,,,,,,,,,,,,,,,,,,,,,,,,,,,,,,,,,,,,,,,,,,,,,,,,,,,,,,,,,,,,,,,,,,,,,,,,,,,,,,,,,,,,,,,,,,,,,,,,,,,,,,,,,,,,,,,,,,,,,,,,,,,,,,,,,,,,,,,,,,,,,,
PG_20200904_20201002,18.133836668836388,19.013701640285415,18.747105805366648,18.793734621334252,18.776196524379046,14.924770765209617,14.273071174331715,14.305465524218713,11.77331434590647,14.283840946291866,18.817370300775725,13.47465260720786,12.784259152746737,16.931271493014336,18.123386917084726,18.481141533006923,,,,,18.25969275305587,,,,,,,,,,,,,,,,,,,,,,,,,,,,,,,,,,,,,,,,,,,,,,,,,,,,,,,,,,,,,,,,,,,,,,,,,,,,,,,,,,,,,,,,,,,,,,,,,,,,,,,,,,,,,,,,,,,,,,,,,,,,,,,,,,,,,,,,,,,,,,,,,,,,,,,,,,,,,,,,,,,,,,,,,,,,,,,,,,,,,,,,,,,,,,,,,,,,,,,,,,,,,,,,,,,,,,,,,,,,,,,,,
PG_20210604_20210702,20.20505074649512,21.97896163890089,21.54257537818995,22.620617904523364,22.614835961290513,20.967275877680756,21.052413666426787,,13.333354808285065,14.380033035295021,21.04514156056764,12.924510482868047,16.24386575148745,18.814221751427965,20.329673108945826,20.19818781830396,,,,,20.352572716628632,,,,,,,,,,,,,,,,,,,,,,,,,,,,,,,,,,,,,,,,,,,,,,,,,,,,,,,,,,,,,,,,,,,,,,,,,,,,,,,,,,,,,,,,,,,,,,,,,,,,,,,,,,,,,,,,,,,,,,,,,,,,,,,,,,,,,,,,,,,,,,,,,,,,,,,,,,,,,,,,,,,,,,,,,,,,,,,,,,,,,,,,,,,,,,,,,,,,,,,,,,,,,,,,,,,,,,,,,,,,,,,,,
PG_20210806_20210903,4.003802021252876,4.09860202172698,4.081410578540444,5.521982248391257,4.919544706433195,5.088458749784797,5.383621977500211,5.335912646536203,5.923709845468412,5.38518419343736,5.353158755189633,5.354801979168839,,,,,,,,,,,,,,,,,,,,,,,,,,,,,,,,,,,,,,,,,,,,,,,,,,,,,,,,,,,,,,,,,,,,,,,,,,,,,,,,,,,,,,,,,,,,,,,,,,,,,,,,,,,,,,,,,,,,,,,,,,,,,,,,,,,,,,,,,,,,,,,,,,,,,,,,,,,,,,,,,,,,,,,,,,,,,,,,,,,,,,,,,,,,,,,,,,,,,,,,,,,,,,,,,,,,,,,,,,,,,,,,,,,,,,,,,,
PG_20211126_20211203,5.908440591457933,5.908440591457933,6.714883293287348,3.966034659037723,3.5660757529481795,6.667545695047369,3.49015487127419,3.3469102289335644,6.667545695047369,,3.7441760668650006,3.6295552044973936,6.5315577953112465,6.474237357508357,6.386356501070706,6.528616598580055,5.55001814576206,5.5994321393443505,5.55001814576206,6.474237357508358,6.42205017315918,4.086325820651554,4.160404632004204,4.054496078134856,5.164830192640214,5.101923367932267,5.101923367932269,,,,,,,,,,,,,,,,,,,,,,,,,,,,,,,,,,,,,,,,,,,,,,,,,,,,,,,,,,,,,,,,,,,,,,,,,,,,,,,,,,,,,,,,,,,,,,,,,,,,,,,,,,,,,,,,,,,,,,,,,,,,,,,,,,,,,,,,,,,,,,,,,,,,,,,,,,,,,,,,,,,,,,,,,,,,,,,,,,,,,,,,,,,,,,,,,,,,,,,,,,,,,,,,,,,,,,,,,,,
PG_20220506_20220603,23.243642079191766,25.135930899142743,28.09924754907065,27.52223340405314,26.125762037629062,27.52223340405314,27.652363828501656,25.094048829467596,26.036369510855838,25.9880876029396,23.872902519512657,25.92750695180986,,,,,,,,,,,,,,,,,,,,,,,,,,,,,,,,,,,,,,,,,,,,,,,,,,,,,,,,,,,,,,,,,,,,,,,,,,,,,,,,,,,,,,,,,,,,,,,,,,,,,,,,,,,,,,,,,,,,,,,,,,,,,,,,,,,,,,,,,,,,,,,,,,,,,,,,,,,,,,,,,,,,,,,,,,,,,,,,,,,,,,,,,,,,,,,,,,,,,,,,,,,,,,,,,,,,,,,,,,,,,,,,,,,,,,,,,,
PG_20221104_20221202,1.2382902264930284,1.310439451572106,1.2000615351214656,0.8773328595303596,1.165976078938533,0.46921773526186594,0.8756764401244843,0.4372741814371002,0.8336395760235006,0.863033350050829,0.19757919457814724,0.8045795106333476,0.6846445031960728,1.3522370134427564,1.266803064567778,1.2598192528746932,,,,,0.9889629743081482,,,,,,,,,,,,,,,,,,,,,,,,,,,,,,,,,,,,,,,,,,,,,,,,,,,,,,,,,,,,,,,,,,,,,,,,,,,,,,,,,,,,,,,,,,,,,,,,,,,,,,,,,,,,,,,,,,,,,,,,,,,,,,,,,,,,,,,,,,,,,,,,,,,,,,,,,,,,,,,,,,,,,,,,,,,,,,,,,,,,,,,,,,,,,,,,,,,,,,,,,,,,,,,,,,,,,,,,,,,,,,,,,
PG_20230106_20230203,13.477208044696834,30.390738949236127,,30.268663495912037,28.903236384466855,30.133883767205734,30.38257856822316,,,,,,,,,,,,,,,,,,,,,,,,,,,,,,,,,,,,,,,,,,,,,,,,,,,,,,,,,,,,,,,,,,,,,,,,,,,,,,,,,,,,,,,,,,,,,,,,,,,,,,,,,,,,,,,,,,,,,,,,,,,,,,,,,,,,,,,,,,,,,,,,,,,,,,,,,,,,,,,,,,,,,,,,,,,,,,,,,,,,,,,,,,,,,,,,,,,,,,,,,,,,,,,,,,,,,,,,,,,,,,,,,,,,,,,,,,,,,,,
PG_20230127_20230210,,,,,,,,,,,,,,,,,17.67772792256932,,,,,,,,,,15.194811983452455,,,,,,,,,,,,,,,,,,,,,,,,,,,,,,,,,,,,,,,,,,,,,,,,,,,,,,,,,,,,,,,,,,,,,,,,,,,,,,,,,,,,,,,,,,,,,,,,,,,,,,,,,,,,,,,,,,,,,,,,,,,,,,,,,,,,,,,,,,,,,,,,,,,,,,,,,,,,,,,,,,,,,,,,,,,,,,,,,,,,,,,,,,,,,,,,,,,,,,,,,,,,,,,,,,,,,,,,,,,
PG_20230217_20230317,,,,,,,,,,,,,,,,,,,,,,,,,,,,,,,,,,,,,,,,,,,,,,,,,,,,,,,7.870951075975973,7.88172794586197,7.22039430191748,7.595428722389312,7.595428722389315,7.871017529831484,7.595428722389313,7.595428722389312,7.220435981309317,7.220435981309313,6.834605042804893,7.220435981309315,6.832593176717265,7.172886423318244,7.172903051493007,7.563068100182107,7.563068100182107,7.172905082585497,7.923545885577974,7.172905082585496,7.563068100182107,7.563068100182107,7.172905082585497,7.172886423318243,7.311709325921323,7.172886423318243,7.172905082585496,7.309871979203087,7.309793369963137,6.88613828924468,7.663836407577337,7.298795266565808,7.298795266565808,7.3741157079077775,7.864854754386632,7.962859063742829,7.864854754386632,8.009168765865684,8.037789794127471,7.8648504501154894,7.987421697499851,7.63226353979602,7.987416496251837,7.6234288600208675,7.958286159048979,7.958291147112024,5.434705935591588,7.1210357709975005,7.350781722430245,7.632263539796024,7.898546254817317,7.623428997323994,7.523644450241517,7.450452841141483,7.0499560819427565,7.6234288600208675,7.023955019475189,7.898546254817317,7.958286159048979,8.02326473199316,7.634657054516038,7.634657054516038,8.19258895777162,8.192588746227987,7.87713842923849,8.02326473199316,8.19258895777162,8.02326473199316,8.02326473199316,8.02326473199316,8.02326473199316,8.02326473199316,8.469403007895789,8.508207918775952,8.848924181180035,8.53111279075741,8.02326473199316,8.533728255744865,8.844939864566692,8.856692858901685,8.844939864566692,8.856692858901683,8.820388641140752,8.640781721176461,8.534817763573951,8.53111279075741,8.533728255744865,8.820388641140752,8.856692858901683,8.856692858901681,8.97475948687686,8.533728255744865,8.17016421051678,8.856692858901683,,,,,,,,,,,,,,,,,,,,,,,,,,,,,,,,,,,,,,,,,,,,,,,,,,,,,,,,,,,,,,,,,,,,,,,,,,,,,,,,,,,,,,,,,,,,,,,,,,
PG_20230317_20230421,,,,,,,,,,,,,,,,,,,,,,,,,,,,,,,,,,,1.1324675681852445,1.4124146435907219,1.5450462012126311,1.5553695719577811,1.4853462549026688,1.4853462549026684,1.5602461752032717,1.5602461752032717,1.4909367913233695,1.5602461752032717,1.4909367913233695,1.5602461752032717,,1.4853462549026688,1.807712031301502,1.5644832625407317,1.5591264669552294,1.5644832625407321,1.6398549155840523,1.5644832625407321,1.5644832625407321,1.7214902692224194,1.6398549155840523,1.7214902692224194,1.6398549155840523,1.7214902692224194,1.6398549155840518,1.6398549155840523,1.7927075582181162,1.804406306756737,1.7927095755918072,1.8511363273795982,1.7908996161187807,1.7811598242503055,1.9753039109287374,1.9603295122593898,1.9372014376650932,1.9372014376650921,1.9460194122518009,1.9372014376650921,1.8840132225382418,1.9372014376650932,1.8839870736251332,1.9372014376650921,1.8840107594641082,1.8842197011950759,1.7754857022843498,1.8127691269203545,1.8335989757862685,1.7997752104943783,1.7997752104943783,1.8842197011950763,1.7997752104943783,1.8842197011950763,1.8840107594641082,1.8266011848697945,1.792196014509554,1.7997752104943778,1.7997752104943783,1.7179812151701668,1.6999132471424194,1.8829698464782523,1.7179812151701674,1.6313990729120027,1.7179812151701674,1.626857592658377,1.3525488645053516,1.6462472988203791,1.6313990729120027,,1.6313990729120027,1.642284685512527,1.6313990729120027,1.6530448284565447,1.745921843443478,1.7471010005393774,1.6541413140668442,1.6541413140668446,1.7206836234800493,1.6541413140668442,1.6541413140668442,1.6629740604564391,1.6629740604564391,1.7270791770747531,1.6377985327058697,1.6541413140668442,1.7457819583188614,1.6541413140668442,1.6541413140668442,1.745921843443478,,1.6462472988203791,1.7434636073338858,1.6541413140668442,1.6600103352907563,,,,,,,,,,,,,,,,,,,,1.781159824250304,1.653818874546757,,,,,,,,,,,,,,,,,,,,,,,,,,,,,,,,,,,,,,,,,,,,,,,,,,,,,,,,,,,,,,,,,,,,,,,,,,,,,,,,,,,,,,,,,,,,,,,,
PG_20230616_20230721,,,,,,,,,,,,,,,,,,,,,,,,,,,,,,,,,,,4.948841936288549,4.7445582101957475,4.919928090658348,5.26910146622663,5.452231466354521,,5.7036536094776205,5.493778486899464,6.019423911881935,5.47405738749294,5.251468501999423,5.470168554117865,5.679659505395466,5.775026864719369,5.49901880099168,6.032442512716951,5.965128436967214,5.689206371302647,5.684436859908171,5.522161725981101,5.768031572548343,5.516612828754618,5.776076371010963,5.757937214903025,5.5186051933842055,5.85748804960661,5.275857652624268,,5.679718479287223,5.684684452459657,5.85748804960661,5.50842646557737,,,,,,,,,,,,,,,,,,,,,,,,,,,,,,,,,,,,,,,,,,,,,,,,,,,,,,,,,,,,,,,,,,,,,,,,,,,,,,,,,,,,,,,,,,,,,,,,,,,,,,,,,,,,,,,,,,,,,,,,,,,,,,,,,,,,,,,,,,,,,,,,,,,,,,,,,,,,,,,,,,,,,,,,,,,,,,,,,,,,
TSLA_20180706_20180803,0.6867304805262798,0.11188902533884704,0.03969769764623105,0.1323026952064691,-0.014125559905311998,0.18896727267057375,0.1502322049657356,0.036175842031816244,0.10240943971543923,0.14352961894713642,0.28311413298694454,,,,,,,,,,,,,,,,,,,,,,,,,,,,,,,,,,,,,,,,,,,,,,,,,,,,,,,,,,,,,,,,,,,,,,,,,,,,,,,,,,,,,,,,,,,,,,,,,,,,,,,,,,,,,,,,,,,,,,,,,,,,,,,,,,,,,,,,,,,,,,,,,,,,,,,,,,,,,,,,,,,,,,,,,,,,,,,,,,,,,,,,,,,,,,,,,,,,,,,,,,,,,,,,,,,,,,,,,,,,,,,,,,,,,,,,,,,
TSLA_20191206_20200103,-0.0005221105772624505,0.02132113457603685,0.007513095112136089,0.011926823946428248,0.02413142613764214,,0.021623636843988655,0.03862042253339167,0.05249933667406661,0.007615887406556095,0.02763331574244366,0.006405123520438318,,,,,,,,,,,,,,,,,,,,,,,,,,,,,,,,,,,,,,,,,,,,,,,,,,,,,,,,,,,,,,,,,,,,,,,,,,,,,,,,,,,,,,,,,,,,,,,,,,,,,,,,,,,,,,,,,,,,,,,,,,,,,,,,,,,,,,,,,,,,,,,,,,,,,,,,,,,,,,,,,,,,,,,,,,,,,,,,,,,,,,,,,,,,,,,,,,,,,,,,,,,,,,,,,,,,,,,,,,,,,,,,,,,,,,,,,,
TSLA_20200306_20200403,141.82877580009375,-344.6399201229126,-622.0438618438739,-60.27027769513157,-328.42655918652144,2669.6442383938356,-63.55302924039617,-114.87216537718979,-118.88434049277402,-112.70227368529777,-131.86766300516535,-152.77392470862216,-80.70495243175552,-15.476898002225767,-401.72096602392645,57.3361403155582,,,,,,,,,,,,,,,,,,,,,,,,,,,,,,,,,,,,,,,,,,,,,,,,,,,,,,,,,,,,,,,,,,,,,,,,,,,,,,,,,,,,,,,,,,,,,,,,,,,,,,,,,,,,,,,,,,,,,,,,,,,,,,,,,,,,,,,,,,,,,,,,,,,,,,,,,,,,,,,,,,,,,,,,,,,,,,,,,,,,,,,,,,,,,,,,,,,,,,,,,,,,,,,,,,,,,,,,,,,,,,,,,,,,,,
TSLA_20200409_20200501,0.039903631772325296,0.022229887039604,0.1211866115854888,0.04398016322632241,0.12570953801165766,0.07721060843630008,0.36316868618102227,0.21801121229896298,0.032841930807718,0.04699987033644916,0.015322728429595882,0.029465756063515144,0.8679958384946068,0.2914206028701472,0.16992192103208034,-0.004001151440309545,0.021720891684125544,47.53548959822243,9.362490488214089,8.275628744863887,0.32319215838776827,,,,,,,,,,,,,,,,,,,,,,,,,,,,,,,,,,,,,,,,,,,,,,,,,,,,,,,,,,,,,,,,,,,,,,,,,,,,,,,,,,,,,,,,,,,,,,,,,,,,,,,,,,,,,,,,,,,,,,,,,,,,,,,,,,,,,,,,,,,,,,,,,,,,,,,,,,,,,,,,,,,,,,,,,,,,,,,,,,,,,,,,,,,,,,,,,,,,,,,,,,,,,,,,,,,,,,,,,,,,,,,,,
TSLA_20200612_20200702,0.5673621911527268,-0.7377474836352451,-0.8131833878415803,-0.7083769692638716,-0.6765433412747184,-0.20354437982762283,-0.0824758279300128,-0.04131848956021989,-0.03581480447616822,0.0006639082495225589,0.0174095304490747,-0.09950020173898085,-0.76686290521473,-0.7554095388197614,-0.7786974203194313,-0.7779025448493437,,,,,,,,,,,,,,,,,,,,,,,,,,,,,,,,,,,,,,,,,,,,,,,,,,,,,,,,,,,,,,,,,,,,,,,,,,,,,,,,,,,,,,,,,,,,,,,,,,,,,,,,,,,,,,,,,,,,,,,,,,,,,,,,,,,,,,,,,,,,,,,,,,,,,,,,,,,,,,,,,,,,,,,,,,,,,,,,,,,,,,,,,,,,,,,,,,,,,,,,,,,,,,,,,,,,,,,,,,,,,,,,,,,,,,
TSLA_20200904_20201002,30853.976960322834,464.63526798563254,-463.0450754794722,14.114460798208086,101.3925345780562,-587.4057157472935,-670.5331770359345,38.137123500756985,20.208993896877935,42.75547668961017,40.34731669228804,21.63149622103575,84.98052997467964,-218.65799658218924,-56.77162304405288,-235.31955082801522,,,,,340.3172441039543,,,,,,,,,,,,,,,,,,,,,,,,,,,,,,,,,,,,,,,,,,,,,,,,,,,,,,,,,,,,,,,,,,,,,,,,,,,,,,,,,,,,,,,,,,,,,,,,,,,,,,,,,,,,,,,,,,,,,,,,,,,,,,,,,,,,,,,,,,,,,,,,,,,,,,,,,,,,,,,,,,,,,,,,,,,,,,,,,,,,,,,,,,,,,,,,,,,,,,,,,,,,,,,,,,,,,,,,,,,,,,,,,
TSLA_20210604_20210702,0.06984454815775261,0.33136174884674463,0.022364348325280926,0.00588797896300421,0.2823275425097575,0.03636706886924236,0.024645597746288196,,0.024636591022463548,0.24893410138516917,0.1720189453796077,-0.0020288035060147982,0.1731239593808121,0.039401703562481426,-0.0017325061013735113,0.15969301945358466,,,,,0.06874955487156692,,,,,,,,,,,,,,,,,,,,,,,,,,,,,,,,,,,,,,,,,,,,,,,,,,,,,,,,,,,,,,,,,,,,,,,,,,,,,,,,,,,,,,,,,,,,,,,,,,,,,,,,,,,,,,,,,,,,,,,,,,,,,,,,,,,,,,,,,,,,,,,,,,,,,,,,,,,,,,,,,,,,,,,,,,,,,,,,,,,,,,,,,,,,,,,,,,,,,,,,,,,,,,,,,,,,,,,,,,,,,,,,,
TSLA_20210806_20210903,0.8791380946787007,1.178645470967774,0.9585700668319593,0.571768790327635,1.1115961387234068,0.5016222461715312,0.3807006606524654,0.6585640717877822,0.11562058688859682,0.09609636915230826,1.2102877905357257,0.021141510271748095,,,,,,,,,,,,,,,,,,,,,,,,,,,,,,,,,,,,,,,,,,,,,,,,,,,,,,,,,,,,,,,,,,,,,,,,,,,,,,,,,,,,,,,,,,,,,,,,,,,,,,,,,,,,,,,,,,,,,,,,,,,,,,,,,,,,,,,,,,,,,,,,,,,,,,,,,,,,,,,,,,,,,,,,,,,,,,,,,,,,,,,,,,,,,,,,,,,,,,,,,,,,,,,,,,,,,,,,,,,,,,,,,,,,,,,,,,
TSLA_20211126_20211203,12.378093755909191,22.260187566331687,22.3533310327112,41.17491617439028,44.48303364267309,2.539391203014368,52.959081137013655,20.154130396245286,-9.476419714274083,,-20.889363612725926,-0.1464442402094619,-102.31746700559195,35.942711797302046,17141.959032249233,20.667128153428827,32.26699245100643,39.12114540112369,27.948092019685436,7.796673534313555,-90.53458645934121,77.65385616571096,84.54461395070552,35.649493427261916,36.19476590687644,35.95086710876014,42.56886390325032,,,,,,,,,,,,,,,,,,,,,,,,,,,,,,,,,,,,,,,,,,,,,,,,,,,,,,,,,,,,,,,,,,,,,,,,,,,,,,,,,,,,,,,,,,,,,,,,,,,,,,,,,,,,,,,,,,,,,,,,,,,,,,,,,,,,,,,,,,,,,,,,,,,,,,,,,,,,,,,,,,,,,,,,,,,,,,,,,,,,,,,,,,,,,,,,,,,,,,,,,,,,,,,,,,,,,,,,,,,
TSLA_20220506_20220603,-90.5713580942726,889.9864301861649,808.8897018457071,-26.209027420275227,-119.32645707815006,17.204925972559167,15.576091241944667,-82.88969556377768,-236.41702178752536,-107.4117342314958,-75.20581669432701,-155.4230279540985,,,,,,,,,,,,,,,,,,,,,,,,,,,,,,,,,,,,,,,,,,,,,,,,,,,,,,,,,,,,,,,,,,,,,,,,,,,,,,,,,,,,,,,,,,,,,,,,,,,,,,,,,,,,,,,,,,,,,,,,,,,,,,,,,,,,,,,,,,,,,,,,,,,,,,,,,,,,,,,,,,,,,,,,,,,,,,,,,,,,,,,,,,,,,,,,,,,,,,,,,,,,,,,,,,,,,,,,,,,,,,,,,,,,,,,,,,
TSLA_20221104_20221202,16.99413421399375,18.44146195481988,13.695929602443885,13.753678332763354,13.95787557883956,10.428531142935181,11.45847345081224,10.56943580813024,12.476716601734829,11.841465459653591,19.94423914226286,10.361970581732209,30.321903311031257,10.658326605995821,21.654672330680008,13.514895025724158,,,,,20.9282892896569,,,,,,,,,,,,,,,,,,,,,,,,,,,,,,,,,,,,,,,,,,,,,,,,,,,,,,,,,,,,,,,,,,,,,,,,,,,,,,,,,,,,,,,,,,,,,,,,,,,,,,,,,,,,,,,,,,,,,,,,,,,,,,,,,,,,,,,,,,,,,,,,,,,,,,,,,,,,,,,,,,,,,,,,,,,,,,,,,,,,,,,,,,,,,,,,,,,,,,,,,,,,,,,,,,,,,,,,,,,,,,,,,
TSLA_20230106_20230203,0.0023441769952915136,-0.011638890766161973,,0.09564103965464964,0.02814094756007176,0.011831500573436593,0.012448812443311513,,,,,,,,,,,,,,,,,,,,,,,,,,,,,,,,,,,,,,,,,,,,,,,,,,,,,,,,,,,,,,,,,,,,,,,,,,,,,,,,,,,,,,,,,,,,,,,,,,,,,,,,,,,,,,,,,,,,,,,,,,,,,,,,,,,,,,,,,,,,,,,,,,,,,,,,,,,,,,,,,,,,,,,,,,,,,,,,,,,,,,,,,,,,,,,,,,,,,,,,,,,,,,,,,,,,,,,,,,,,,,,,,,,,,,,,,,,,,,,
TSLA_20230127_20230210,,,,,,,,,,,,,,,,,2.7002629121892054,,,,,,,,,,2.619248694161675,,,,,,,,,,,,,,,,,,,,,,,,,,,,,,,,,,,,,,,,,,,,,,,,,,,,,,,,,,,,,,,,,,,,,,,,,,,,,,,,,,,,,,,,,,,,,,,,,,,,,,,,,,,,,,,,,,,,,,,,,,,,,,,,,,,,,,,,,,,,,,,,,,,,,,,,,,,,,,,,,,,,,,,,,,,,,,,,,,,,,,,,,,,,,,,,,,,,,,,,,,,,,,,,,,,,,,,,,,,
TSLA_20230217_20230317,,,,,,,,,,,,,,,,,,,,,,,,,,,,,,,,,,,,,,,,,,,,,,,,,,,,,,,,,,,,,,,,,,,,,,,,,,,,,,,,19.829832206965882,6.521197803012548,-784.105914626097,-51.89271136731934,23.1434437274545,21.142569170921764,15.584622799915271,19.400639997248796,14.310878885640784,5.554661701779702,2.6359386600943964,18.017145928719142,6.869614460235361,10.600169570784603,12.675560165848871,11.216670744371921,-52.229639877717176,12.210302584880733,7.750207302640147,11.066780854806169,-14.471070815301847,10.217013020849205,19.76430828694361,11.517242758084555,10.509346275550472,-1.0290756720081902,7.836502467019782,20.500404608626418,7.30419508572621,4.3517625403977735,4.547081972308833,11.587418499456303,11.991650197530518,7.275150651890304,11.796700464679386,12.962573824085883,11.754209611908975,9.612379064815638,10.511374693498274,8.564760024875735,11.376424461571258,10.295158252579743,9.942142375372324,13.690771534529361,12.488349986464222,27.71160482467574,27.67421271878637,13.866476323045347,14.14483450272056,12.77800594133739,12.29261735170909,10.691656711741256,15.569132274975921,11.118830161123586,27.569984713684487,10.727453795201246,18.042707830670906,17.01481618908396,17.400934444338358,20.05739905762741,25.411019605421124,35.690775534249106,36.830173507302334,37.648397335850525,40.905252917220864,48.724478794668194,50.390121096502845,45.533146320481904,42.74119894541788,,,,,,,,,,,,,,,,,,,,,,,,,,,,,,,,,,,,,,,,,,,,,,,,,,,,,,,,,,,,,,,,,,,,,,,,,,,,,,,,,,,,,,,,,,,,,,,,,,
TSLA_20230317_20230421,,,,,,,,,,,,,,,,,,,,,,,,,,,,-1360.9871792774586,501.76321527215254,-1274941.7202744314,48.61354115298306,-166.73755018892143,743.1205575275294,1808.5161357708898,-10950.841281718782,1438.8106384336081,139.64850854174531,97.43293219106178,23.149635819368854,56.933278868296114,22.1712463380056,22.03752649180217,39.990555143465144,24.457011019812605,45.928607856931,38.85015531632376,,-125.33694227936334,28.39734380030159,55.79798485058579,20.694883725675034,57.78884229950536,29.492931955296285,28.132263199049397,-91.74703153006605,28.416059358586878,-32.09403956731143,-54.05761680514297,-31.847997434156955,28.287821587562654,7.087859907135535,13.654992857816355,22.711450791482427,-10.39995041398194,39.361203833196925,29.047864955398772,-4.701111495147087,25.870763219972517,45.42983418099578,2.429273254426688,38.91663709832811,2.28882879948646,12.68896931833234,22.705816322998736,11.864283602799341,-0.9863054887026745,-17389.275958595143,10.930485150109645,12.523458242819272,7.785489718823149,19.237723552575215,-13.408868399159314,12.50770992615907,28.689349299795303,12.378559680225354,23.67757037103503,12.270619688740272,17.34966815151902,18.634392165260728,6.026654014390215,12.53909019141297,13.957235239031505,11.959031763717407,15.176475944058621,20.07462235213511,13.038141930352124,10.927649842293778,12.830552099530333,15.500914713834604,19.30863505461161,35.88256620979983,27.688734056810848,15.799709628055824,,17.164101111605564,7.046471886647286,6.858752558080923,14.987401994308378,21.24645130740656,34.90891122885667,9.962163831936342,13.099605241233732,17.87864439442683,16.741914686360005,13.53224329192108,14.300811262639144,11.962521565501113,13.14180129186638,15.587113020352197,13.330520806399122,29.260812618088693,20.22504297397081,28.47429774250564,33.866976010276304,,44.23050891149375,42.2542995798155,36.67245272038682,30.436106661429893,,,,,,,,,,,,,,,,,,,,15.081892506641879,37.346106711835276,,,,,,,,,,,,,,,,,,,,,,,,,,,,,,,,,,,,,,,,,,,,,,,,,,,,,,,,,,,,,,,,,,,,,,,,,,,,76.9808268320219,-108.16250756895188,225.37405010107847,110.2722399409998,140.11588309945893,122.28590910585869,-2012.989145564785,-54.64986422761842,142.90339919927848,-33.058311267492826,121.61699234670186,122.1871650477139,60.63022537637638,,,,,,,,
TSLA_20230421_20230519,,,,,,,,,,,,,,,,,,,,,,,,,,,,,,,,,,,,,,,,,,,,,,,,,,,,,,,,,,,,,,,,,,,,,,,,,,,,,,,,,,,,,,,,,,,0.9925859185376502,0.8513929786996577,0.9105052657741185,0.9504941024585528,1.0214244607139338,0.9715103562238373,1.1190227046292591,1.229270738679128,2.3049125036883455,1.7954801610985018,,2.935943207368411,2.9116317965362377,2.777510158644362,2.428012048473133,,,,,,,,,,,,,,,,,,,,,,,,,,,,,,,,,,,,,,,,,,,,,,,,,,,,,,,,,,,,,,,,,,,,,,,,,,,,,,,,,,,,,,,,,,,,,,,,,,,,,,,,,,,,,,,,,,,,,,,,,,,,,,,,,,,,,,,,,,,,,
TSLA_20230519_20230616,,,,,,,,,,,,,,,,,,,,,,,,,,,,,,,,,,,,,,,,,,,,,,,,,,,,,,,,,,,,,,,,,,,,,,,0.22856304371833103,0.2828125486346812,0.09335906790793434,0.13001238533484555,0.23449008971934507,0.07738301196038659,0.10745428886883018,0.3833039290541421,0.2941650291506203,0.29844164652124255,,0.42658905528671354,0.5538658059056601,0.44456716413448233,0.3419439185685521,,,,,,,,,,,,,,,,,,,,,,,,,,,,,,,,,,,,,,,,,,,,,,,,,,,,,,,,,,,,,,,,,,,,,,,,,,,,,,,,,,,,,,,,,,,,,,,,,,,,,,,,,,,,,,,,,,,,,,,,,,,,,,,,,,,,,,,,,,,,,,,,,,,,,,,,,,,,,,,,,
TSLA_20230616_20230721,,,,,,,,,,,,,,,,,,,,,,,,,,,,,,,,,,,,,,,51.757745271052656,,46.26519202611761,100.41114256928796,56.132098982693236,100.76205035694925,39.22897246266677,46.39422887961077,53.234748922302565,66.85755595617213,51.00845763391308,71.5384255227762,42.52466001411668,69.97785713560972,74.10556197439529,64.8430015399266,74.8474529119029,81.14601704357234,90.41170985405962,90.51807327724102,82.6454112046566,101.29924890707908,91.17477057367014,,123.08813994383297,94.29433739162894,104.39551890292337,114.35914203630102,,,,,,,,,,,,,,,,,,,,,,,,,,,,,,,,,,,,,,,,,,,,,,,,,,,,,,,,,,,,,,,,,,,,,,,,,,,,,,,,,,,,,,,,,,,,,,,,,,,,,,,,,,,,,,,,,,,,,,,,,,,,,,,,,,,,,,,,,,,,,,,,,,,,,,,,,,,,,,,,,,,,,,,,,,,,,,,,,,,,
TSLA_20231215_20240119,,,,,,,,,,,,,,,,,,,,,,,,,,,,,,,,,,,,,,,,,,,,,,,,,,,,,,,,,,,,,,,,,,,,,,,,,,,,,,,,,,,,,,,,,,,,,,,,,,,,,,,,,,,,,,,,,,,,,,,,,,,,,,,,,,,,,,,,,,,,,,,,,,,,,,,,,,,,,,,,,,,,,,,,,,,,,,,,,,,,,,,,,,,,,,,,,,,,,,,,,,,,,,,,,,,,,,,,,,,,,,,,,,,,,,,,,,,,,,,,72.97390445788618,62.347675371698095,67.1407720989663,100.22823297224205,71.0488369124466,68.68998531042453,71.4594609938343
V_20180706_20180803,1.7914637620867342,1.9000643326030555,1.7190327366126321,1.523262523518524,2.0137695259325774,2.224730160738186,2.164396782378724,1.482988258075302,1.898339304209892,1.7356801940202495,1.5527206708161374,,,,,,,,,,,,,,,,,,,,,,,,,,,,,,,,,,,,,,,,,,,,,,,,,,,,,,,,,,,,,,,,,,,,,,,,,,,,,,,,,,,,,,,,,,,,,,,,,,,,,,,,,,,,,,,,,,,,,,,,,,,,,,,,,,,,,,,,,,,,,,,,,,,,,,,,,,,,,,,,,,,,,,,,,,,,,,,,,,,,,,,,,,,,,,,,,,,,,,,,,,,,,,,,,,,,,,,,,,,,,,,,,,,,,,,,,,,
V_20191206_20200103,1.93414417520221,1.6750871831310437,1.7425198078526176,1.707846994300812,1.7425198078526176,,1.8877922027396103,1.7320900885102475,1.707846994300812,1.7943658657567039,1.8194961419918882,1.713269833841989,,,,,,,,,,,,,,,,,,,,,,,,,,,,,,,,,,,,,,,,,,,,,,,,,,,,,,,,,,,,,,,,,,,,,,,,,,,,,,,,,,,,,,,,,,,,,,,,,,,,,,,,,,,,,,,,,,,,,,,,,,,,,,,,,,,,,,,,,,,,,,,,,,,,,,,,,,,,,,,,,,,,,,,,,,,,,,,,,,,,,,,,,,,,,,,,,,,,,,,,,,,,,,,,,,,,,,,,,,,,,,,,,,,,,,,,,,
V_20200306_20200403,3.0186448923285187,2.7504886341372305,5.589915438070758,7.585823460438274,2.1426264385882767,4.096902644440556,5.399598300167947,12.186738361921511,19.726565459971983,10.137169853083394,9.800640841241062,27.96356354677847,9.247541235694179,9.905164934152463,3.247286563202076,3.0588228510673368,,,,,,,,,,,,,,,,,,,,,,,,,,,,,,,,,,,,,,,,,,,,,,,,,,,,,,,,,,,,,,,,,,,,,,,,,,,,,,,,,,,,,,,,,,,,,,,,,,,,,,,,,,,,,,,,,,,,,,,,,,,,,,,,,,,,,,,,,,,,,,,,,,,,,,,,,,,,,,,,,,,,,,,,,,,,,,,,,,,,,,,,,,,,,,,,,,,,,,,,,,,,,,,,,,,,,,,,,,,,,,,,,,,,,,
V_20200409_20200501,10.54476860828433,10.201634155489735,10.121473408420938,4.689433469025086,10.530819628759469,12.952768127713087,10.304879200561663,13.665391680933187,12.420826758851135,10.898039439489327,6.421030665509587,7.257399082491529,11.003367717747246,13.136609091636744,12.392045969004764,12.279218379001378,6.144142199006124,10.890443535424808,5.250277648068414,10.858479847845388,13.637053517988923,,,,,,,,,,,,,,,,,,,,,,,,,,,,,,,,,,,,,,,,,,,,,,,,,,,,,,,,,,,,,,,,,,,,,,,,,,,,,,,,,,,,,,,,,,,,,,,,,,,,,,,,,,,,,,,,,,,,,,,,,,,,,,,,,,,,,,,,,,,,,,,,,,,,,,,,,,,,,,,,,,,,,,,,,,,,,,,,,,,,,,,,,,,,,,,,,,,,,,,,,,,,,,,,,,,,,,,,,,,,,,,,,
V_20200612_20200702,7.388896643918795,7.5580369029174435,7.3896050961011985,7.559393360108291,7.478978156002777,7.46640957066942,3.3942826301520856,4.611845431362324,3.4892819422924437,3.1121291163127793,6.7577103291600285,7.464526949709197,4.582140932850407,6.684399085959796,6.544614039690383,7.559798468080934,,,,,,,,,,,,,,,,,,,,,,,,,,,,,,,,,,,,,,,,,,,,,,,,,,,,,,,,,,,,,,,,,,,,,,,,,,,,,,,,,,,,,,,,,,,,,,,,,,,,,,,,,,,,,,,,,,,,,,,,,,,,,,,,,,,,,,,,,,,,,,,,,,,,,,,,,,,,,,,,,,,,,,,,,,,,,,,,,,,,,,,,,,,,,,,,,,,,,,,,,,,,,,,,,,,,,,,,,,,,,,,,,,,,,,
V_20200904_20201002,28.816214404388294,19.80379732220899,20.944246740537242,21.606248151180555,32.571404245077616,24.193833770452166,23.658850947079028,18.346604441554152,18.17372262270609,22.903604881516458,21.10026700597697,23.2121269429866,20.630726787664944,24.397907622911198,14.967949007169505,18.423566057971417,,,,,19.974191341664913,,,,,,,,,,,,,,,,,,,,,,,,,,,,,,,,,,,,,,,,,,,,,,,,,,,,,,,,,,,,,,,,,,,,,,,,,,,,,,,,,,,,,,,,,,,,,,,,,,,,,,,,,,,,,,,,,,,,,,,,,,,,,,,,,,,,,,,,,,,,,,,,,,,,,,,,,,,,,,,,,,,,,,,,,,,,,,,,,,,,,,,,,,,,,,,,,,,,,,,,,,,,,,,,,,,,,,,,,,,,,,,,,
V_20210604_20210702,3.6265731126143637,3.62040057676789,3.6293124609868,3.434564936519875,3.686079348274403,3.760563319991807,1.552964186595796,,3.2696365894277246,3.6136024589387277,1.5763744462842528,1.3247476892796612,1.9092394149382208,2.627108684446298,3.4167464866882833,3.703479414048756,,,,,3.2796979298030857,,,,,,,,,,,,,,,,,,,,,,,,,,,,,,,,,,,,,,,,,,,,,,,,,,,,,,,,,,,,,,,,,,,,,,,,,,,,,,,,,,,,,,,,,,,,,,,,,,,,,,,,,,,,,,,,,,,,,,,,,,,,,,,,,,,,,,,,,,,,,,,,,,,,,,,,,,,,,,,,,,,,,,,,,,,,,,,,,,,,,,,,,,,,,,,,,,,,,,,,,,,,,,,,,,,,,,,,,,,,,,,,,
V_20210806_20210903,17.291239396896014,18.158445901966388,17.323123971258912,24.49421601751878,23.745087944410063,25.017454155625625,24.867741576787495,27.994907659102378,27.185005855740908,31.50564058132497,33.61858196003417,31.183061036486695,,,,,,,,,,,,,,,,,,,,,,,,,,,,,,,,,,,,,,,,,,,,,,,,,,,,,,,,,,,,,,,,,,,,,,,,,,,,,,,,,,,,,,,,,,,,,,,,,,,,,,,,,,,,,,,,,,,,,,,,,,,,,,,,,,,,,,,,,,,,,,,,,,,,,,,,,,,,,,,,,,,,,,,,,,,,,,,,,,,,,,,,,,,,,,,,,,,,,,,,,,,,,,,,,,,,,,,,,,,,,,,,,,,,,,,,,,
V_20211126_20211203,30.428730642625656,30.81407586836816,16.35784088239952,16.756933206357264,18.432001079762124,16.94211728049585,13.806496835632245,16.54178176519499,16.404295864615296,,17.14864245566456,18.005202870435298,25.687467491201854,27.380225929060735,30.536526692889804,30.509835776697624,23.242201743838294,24.34616158075638,23.292618063825664,25.654156212961777,28.355056648729473,19.875715429759673,19.875715429759673,20.308483095200064,24.086917133128118,19.461135261987245,20.84105070456012,,,,,,,,,,,,,,,,,,,,,,,,,,,,,,,,,,,,,,,,,,,,,,,,,,,,,,,,,,,,,,,,,,,,,,,,,,,,,,,,,,,,,,,,,,,,,,,,,,,,,,,,,,,,,,,,,,,,,,,,,,,,,,,,,,,,,,,,,,,,,,,,,,,,,,,,,,,,,,,,,,,,,,,,,,,,,,,,,,,,,,,,,,,,,,,,,,,,,,,,,,,,,,,,,,,,,,,,,,,
V_20220506_20220603,1.9400631382019065,2.0402630543295346,2.4087162666326525,2.3343016239900103,1.035557472611882,2.7330929872227094,2.4413380162819482,2.4576361433793994,2.2496119047450764,2.329747398315248,2.396326696861104,2.5917462488509857,,,,,,,,,,,,,,,,,,,,,,,,,,,,,,,,,,,,,,,,,,,,,,,,,,,,,,,,,,,,,,,,,,,,,,,,,,,,,,,,,,,,,,,,,,,,,,,,,,,,,,,,,,,,,,,,,,,,,,,,,,,,,,,,,,,,,,,,,,,,,,,,,,,,,,,,,,,,,,,,,,,,,,,,,,,,,,,,,,,,,,,,,,,,,,,,,,,,,,,,,,,,,,,,,,,,,,,,,,,,,,,,,,,,,,,,,,
V_20221104_20221202,1.308049205019626,1.20335586692025,1.1471782447623764,1.131689329356149,1.0590584768450946,1.059030863510098,1.127007607040355,1.0706216864573266,1.0739155394556168,1.0252293993007238,1.1724124654605241,1.1246631854569675,1.219221925982016,1.2154028122395124,1.237822052231586,1.2964563851026778,,,,,1.207389410579616,,,,,,,,,,,,,,,,,,,,,,,,,,,,,,,,,,,,,,,,,,,,,,,,,,,,,,,,,,,,,,,,,,,,,,,,,,,,,,,,,,,,,,,,,,,,,,,,,,,,,,,,,,,,,,,,,,,,,,,,,,,,,,,,,,,,,,,,,,,,,,,,,,,,,,,,,,,,,,,,,,,,,,,,,,,,,,,,,,,,,,,,,,,,,,,,,,,,,,,,,,,,,,,,,,,,,,,,,,,,,,,,,
V_20230106_20230203,2.3057954551524404,2.8414764423962384,,2.6415404226065924,2.7416929431278247,2.5737721168447454,2.7499806856345854,,,,,,,,,,,,,,,,,,,,,,,,,,,,,,,,,,,,,,,,,,,,,,,,,,,,,,,,,,,,,,,,,,,,,,,,,,,,,,,,,,,,,,,,,,,,,,,,,,,,,,,,,,,,,,,,,,,,,,,,,,,,,,,,,,,,,,,,,,,,,,,,,,,,,,,,,,,,,,,,,,,,,,,,,,,,,,,,,,,,,,,,,,,,,,,,,,,,,,,,,,,,,,,,,,,,,,,,,,,,,,,,,,,,,,,,,,,,,,,
V_20230127_20230210,,,,,,,,,,,,,,,,,38.33601703115321,,,,,,,,,,38.33601703115321,,,,,,,,,,,,,,,,,,,,,,,,,,,,,,,,,,,,,,,,,,,,,,,,,,,,,,,,,,,,,,,,,,,,,,,,,,,,,,,,,,,,,,,,,,,,,,,,,,,,,,,,,,,,,,,,,,,,,,,,,,,,,,,,,,,,,,,,,,,,,,,,,,,,,,,,,,,,,,,,,,,,,,,,,,,,,,,,,,,,,,,,,,,,,,,,,,,,,,,,,,,,,,,,,,,,,,,,,,,
V_20230217_20230317,,,,,,,,,,,,,,,,,,,,,,,,,,,,,,,,,,,,,,,,,,,,,,,,,,,,,,,,,,,,,,,,,,,,,,,,,,,,,,,,,,,,,,,,,,,,,,,,,,,,,,,,,,,,,,,,,,,,21.005924062075987,19.66052979980442,44.36720137937982,44.55759747237761,17.068315272285748,21.173679511120596,19.666900660250782,44.3530374767791,17.070774696568638,44.32627351360849,46.13554222912821,31.66586684252135,43.76516062041928,45.495353697606404,43.256509453602874,30.638635684706543,43.85391464773932,43.256509453602874,43.256509453602874,22.315867076489134,22.619569317536662,21.01723671574999,30.76791326779066,43.15647647128006,18.825448257775644,41.51004211740069,44.55615693343365,43.34103821272852,44.556923133744995,43.41338860352831,42.955513213900296,43.41338860352831,45.33502340623016,,,,,,,,,,,,,,,,,,,,,,,,,,,,,,,,,,,,,,,,,,,,,,,,,,,,,,,,,,,,,,,,,,,,,,,,,,,,,,,,,,,,,,,,,,,,,,,,,,
V_20230317_20230421,,,,,,,,,,,,,,,,,,,,,,,,,,,,,,,,,,,,,,,,,,,,,,,,,,,,,1.893260007357823,1.9682478563805856,1.9688198857625931,2.0937147760598442,0.7999131450148173,2.1390483412036936,1.118177294310849,1.129797294908769,1.2762233427819278,1.6784542719982718,1.4494796076381045,2.027523008722754,2.180561091115118,1.455204728932253,1.3453328894600927,1.0918341093037907,2.471253254149644,2.2187981897615145,1.3166457206804598,2.4512643087119472,1.3383214741361973,1.6587469864650086,1.1651249245902735,1.202305588704072,2.4501563582362076,2.210165194466039,2.2364639706128737,2.2969777677018963,0.999820425749168,2.3545072501003053,1.2992472543873657,0.9195828633278401,1.3598880635784298,0.42800887766155754,1.4846478188382441,0.9173664324355686,1.448162645681123,1.006771792803582,0.6304567999393812,1.1627474790539771,2.273888742401713,0.7362533873666164,0.8397095496090389,2.156877168569123,0.621146623157047,0.3628897773696432,1.216095728348008,0.5448024360859074,1.0736032295233806,0.7863740219478039,2.0647645818336327,,1.960526736182978,0.5745494664803552,1.9625633133520657,0.4555871689589618,0.36198961066435975,2.0017714557150073,0.6801792844791823,0.9763587611277649,2.113915440284713,2.0195640748183643,0.6243435269826485,2.0288059336042155,2.1045254834213147,0.6264058024900874,2.130170153558103,2.0635515346761335,2.318215951349653,2.012031550989888,0.7550321556161841,2.146932453640715,,2.2207775874644535,1.4524348632682538,2.063551534676134,0.5745494664803552,,,,,,,,,,,,,,,,,,,,1.5687145296399068,0.7983779781634008,,,,,,,,,,,,,,,,,,,,,,,,,,,,,,,,,,,,,,,,,,,,,,,,,,,,,,,,,,,,,,,,,,,,,,,,,,,,,,,,,,,,,,,,,,,,,,,,
WMT_20180706_20180803,1.8646007236362139,1.8949664684233012,2.1001878665938563,1.8728470627200315,2.1117976126966322,1.9656388134784184,1.9562939306932239,1.517768365383861,1.6588184854826316,1.7005176854063933,1.5947461800864862,,,,,,,,,,,,,,,,,,,,,,,,,,,,,,,,,,,,,,,,,,,,,,,,,,,,,,,,,,,,,,,,,,,,,,,,,,,,,,,,,,,,,,,,,,,,,,,,,,,,,,,,,,,,,,,,,,,,,,,,,,,,,,,,,,,,,,,,,,,,,,,,,,,,,,,,,,,,,,,,,,,,,,,,,,,,,,,,,,,,,,,,,,,,,,,,,,,,,,,,,,,,,,,,,,,,,,,,,,,,,,,,,,,,,,,,,,,
WMT_20191206_20200103,16.23444388780077,15.287726973789256,14.865024161873457,15.881444306568621,15.96423582140525,,15.126729639963944,16.381613016669395,15.03039686746534,15.368385465012594,13.547609137126315,16.48022142889472,,,,,,,,,,,,,,,,,,,,,,,,,,,,,,,,,,,,,,,,,,,,,,,,,,,,,,,,,,,,,,,,,,,,,,,,,,,,,,,,,,,,,,,,,,,,,,,,,,,,,,,,,,,,,,,,,,,,,,,,,,,,,,,,,,,,,,,,,,,,,,,,,,,,,,,,,,,,,,,,,,,,,,,,,,,,,,,,,,,,,,,,,,,,,,,,,,,,,,,,,,,,,,,,,,,,,,,,,,,,,,,,,,,,,,,,,,
WMT_20200306_20200403,4.014436163030696,4.162800218240798,4.0346579951735935,3.9096110111080415,3.9129792647341453,3.2033732200189657,4.061882061117902,5.914830952124762,5.975629185268784,6.375888315934614,6.5267195104836855,4.424301275368319,4.055193130905328,3.8410874310824963,4.105838118895899,4.283428104927309,,,,,,,,,,,,,,,,,,,,,,,,,,,,,,,,,,,,,,,,,,,,,,,,,,,,,,,,,,,,,,,,,,,,,,,,,,,,,,,,,,,,,,,,,,,,,,,,,,,,,,,,,,,,,,,,,,,,,,,,,,,,,,,,,,,,,,,,,,,,,,,,,,,,,,,,,,,,,,,,,,,,,,,,,,,,,,,,,,,,,,,,,,,,,,,,,,,,,,,,,,,,,,,,,,,,,,,,,,,,,,,,,,,,,,
WMT_20200409_20200501,7.682505073721195,8.50140191478202,8.09903112457994,7.287016179674231,9.012422792762731,10.486320478951034,11.861764214429936,6.625568762454481,7.644746080851235,7.394636201913871,11.937361093330571,7.598320088310892,14.183286529029012,14.37830304333459,13.214594238480318,7.212167052752213,7.967971705184761,11.984273702191897,13.827259543987932,13.80249138317895,7.670311944725978,,,,,,,,,,,,,,,,,,,,,,,,,,,,,,,,,,,,,,,,,,,,,,,,,,,,,,,,,,,,,,,,,,,,,,,,,,,,,,,,,,,,,,,,,,,,,,,,,,,,,,,,,,,,,,,,,,,,,,,,,,,,,,,,,,,,,,,,,,,,,,,,,,,,,,,,,,,,,,,,,,,,,,,,,,,,,,,,,,,,,,,,,,,,,,,,,,,,,,,,,,,,,,,,,,,,,,,,,,,,,,,,,
WMT_20200612_20200702,5.706520641144137,5.467312268503053,6.564043579828602,5.737525675383581,8.85929015179671,10.01295673087757,7.946911858908785,7.335818322082983,5.5120619235273205,8.323632475168681,5.561171088547444,5.273323212451045,6.108726727657217,7.058624473940502,7.591489779247567,7.027091069165104,,,,,,,,,,,,,,,,,,,,,,,,,,,,,,,,,,,,,,,,,,,,,,,,,,,,,,,,,,,,,,,,,,,,,,,,,,,,,,,,,,,,,,,,,,,,,,,,,,,,,,,,,,,,,,,,,,,,,,,,,,,,,,,,,,,,,,,,,,,,,,,,,,,,,,,,,,,,,,,,,,,,,,,,,,,,,,,,,,,,,,,,,,,,,,,,,,,,,,,,,,,,,,,,,,,,,,,,,,,,,,,,,,,,,,
WMT_20200904_20201002,15.686428401766241,15.355257252579989,14.975594286176579,13.85491552888116,15.60195325490934,13.6851838560457,12.397706523032177,12.699477889674117,14.752949741167429,13.25799652979436,14.041644876361408,16.081243481516015,15.571799096596262,19.243584991812696,15.336029877575369,15.5557450140083,,,,,15.529194091292908,,,,,,,,,,,,,,,,,,,,,,,,,,,,,,,,,,,,,,,,,,,,,,,,,,,,,,,,,,,,,,,,,,,,,,,,,,,,,,,,,,,,,,,,,,,,,,,,,,,,,,,,,,,,,,,,,,,,,,,,,,,,,,,,,,,,,,,,,,,,,,,,,,,,,,,,,,,,,,,,,,,,,,,,,,,,,,,,,,,,,,,,,,,,,,,,,,,,,,,,,,,,,,,,,,,,,,,,,,,,,,,,,
WMT_20210604_20210702,19.86110561779904,13.60058041153033,16.674455536492587,23.136877375774603,22.351895631367967,23.859586515220848,15.46168778715308,,26.036146805052706,26.048689498178604,13.488333412262296,25.113394368645206,16.208035551329246,19.17458381037171,20.29050192372431,19.9961982099382,,,,,18.805110004408455,,,,,,,,,,,,,,,,,,,,,,,,,,,,,,,,,,,,,,,,,,,,,,,,,,,,,,,,,,,,,,,,,,,,,,,,,,,,,,,,,,,,,,,,,,,,,,,,,,,,,,,,,,,,,,,,,,,,,,,,,,,,,,,,,,,,,,,,,,,,,,,,,,,,,,,,,,,,,,,,,,,,,,,,,,,,,,,,,,,,,,,,,,,,,,,,,,,,,,,,,,,,,,,,,,,,,,,,,,,,,,,,,
WMT_20210806_20210903,2.4763172320316302,2.4110825451232083,2.251595283189815,3.171783213054728,3.0795219068619333,3.07513361935496,3.0660269939168106,3.0883677264953873,2.7261159048934727,2.779557370217188,3.112544803441522,3.173482627717785,,,,,,,,,,,,,,,,,,,,,,,,,,,,,,,,,,,,,,,,,,,,,,,,,,,,,,,,,,,,,,,,,,,,,,,,,,,,,,,,,,,,,,,,,,,,,,,,,,,,,,,,,,,,,,,,,,,,,,,,,,,,,,,,,,,,,,,,,,,,,,,,,,,,,,,,,,,,,,,,,,,,,,,,,,,,,,,,,,,,,,,,,,,,,,,,,,,,,,,,,,,,,,,,,,,,,,,,,,,,,,,,,,,,,,,,,,
WMT_20211126_20211203,22.336191261822137,13.171466184928075,13.525008317227602,18.425786978142416,18.39977467500582,18.13048732166721,10.749264325949891,18.42066190801462,14.199853917476748,,11.869814475719991,14.040307807982673,26.176775625895797,23.11413914026811,25.088461412837997,25.0836339074271,20.54049830837956,25.129972073714573,22.97012672614464,25.12997207371455,25.089676138733985,14.217897441059447,14.27836313183733,14.88839487699071,17.455432225406902,16.520852960350247,16.685334160766843,,,,,,,,,,,,,,,,,,,,,,,,,,,,,,,,,,,,,,,,,,,,,,,,,,,,,,,,,,,,,,,,,,,,,,,,,,,,,,,,,,,,,,,,,,,,,,,,,,,,,,,,,,,,,,,,,,,,,,,,,,,,,,,,,,,,,,,,,,,,,,,,,,,,,,,,,,,,,,,,,,,,,,,,,,,,,,,,,,,,,,,,,,,,,,,,,,,,,,,,,,,,,,,,,,,,,,,,,,,
WMT_20220506_20220603,17.325247991691725,21.872845411476334,21.89212235338309,21.066750080026864,21.724633063550918,21.882412544354818,20.244051899681786,20.211647210444973,22.222156232037644,22.152264381423166,21.491792759224357,21.582229697163317,,,,,,,,,,,,,,,,,,,,,,,,,,,,,,,,,,,,,,,,,,,,,,,,,,,,,,,,,,,,,,,,,,,,,,,,,,,,,,,,,,,,,,,,,,,,,,,,,,,,,,,,,,,,,,,,,,,,,,,,,,,,,,,,,,,,,,,,,,,,,,,,,,,,,,,,,,,,,,,,,,,,,,,,,,,,,,,,,,,,,,,,,,,,,,,,,,,,,,,,,,,,,,,,,,,,,,,,,,,,,,,,,,,,,,,,,,
WMT_20221104_20221202,1.352371475763881,1.371101896068529,0.9476627658813436,0.745773091210326,1.207870155708307,0.5486765728786092,1.5992737448789869,1.300568502287444,0.8616414213266799,0.806274969381283,0.7030272896202081,1.040806473321513,1.034337615960641,1.5604514650369392,1.0250146446302602,0.8531951234132905,,,,,1.45913860991927,,,,,,,,,,,,,,,,,,,,,,,,,,,,,,,,,,,,,,,,,,,,,,,,,,,,,,,,,,,,,,,,,,,,,,,,,,,,,,,,,,,,,,,,,,,,,,,,,,,,,,,,,,,,,,,,,,,,,,,,,,,,,,,,,,,,,,,,,,,,,,,,,,,,,,,,,,,,,,,,,,,,,,,,,,,,,,,,,,,,,,,,,,,,,,,,,,,,,,,,,,,,,,,,,,,,,,,,,,,,,,,,,
WMT_20230106_20230203,14.976107852533104,28.23603988252399,,11.616285454207317,12.870049335706268,22.78861386059802,12.925044838715813,,,,,,,,,,,,,,,,,,,,,,,,,,,,,,,,,,,,,,,,,,,,,,,,,,,,,,,,,,,,,,,,,,,,,,,,,,,,,,,,,,,,,,,,,,,,,,,,,,,,,,,,,,,,,,,,,,,,,,,,,,,,,,,,,,,,,,,,,,,,,,,,,,,,,,,,,,,,,,,,,,,,,,,,,,,,,,,,,,,,,,,,,,,,,,,,,,,,,,,,,,,,,,,,,,,,,,,,,,,,,,,,,,,,,,,,,,,,,,,
WMT_20230127_20230210,,,,,,,,,,,,,,,,,12.601050176321786,,,,,,,,,,11.443829640019887,,,,,,,,,,,,,,,,,,,,,,,,,,,,,,,,,,,,,,,,,,,,,,,,,,,,,,,,,,,,,,,,,,,,,,,,,,,,,,,,,,,,,,,,,,,,,,,,,,,,,,,,,,,,,,,,,,,,,,,,,,,,,,,,,,,,,,,,,,,,,,,,,,,,,,,,,,,,,,,,,,,,,,,,,,,,,,,,,,,,,,,,,,,,,,,,,,,,,,,,,,,,,,,,,,,,,,,,,,,
WMT_20230217_20230317,,,,,,,,,,,,,,,,,,,,,,,,,,,,,,,,,,,,,,,,,,,,,,,,,,,,,,,,,,,,,,,,,,,,,,,,,,,,,,,,,,,,,,,,,,,,,,,,,,,,,,,,,,,,,,,,,,,,20.683626340983537,30.714573497899945,33.810554964600875,32.313905076367085,33.972024616966934,32.26871213719108,33.97684628205448,34.43439720638086,34.40340974529356,33.81253176735389,32.578603675621785,34.43078475107225,34.69421606484724,32.6573541745549,34.43439720638086,32.6573541745549,34.03414759446514,34.43075906942137,32.6573541745549,35.44127867323486,31.23795205853956,32.709647146433,31.44638821084726,30.235416483613562,31.19437934366775,32.6573541745549,32.64532184119116,31.194379343667737,26.195616819113443,31.453883938967415,30.63551651936888,31.19437934366775,31.194379343667737,,,,,,,,,,,,,,,,,,,,,,,,,,,,,,,,,,,,,,,,,,,,,,,,,,,,,,,,,,,,,,,,,,,,,,,,,,,,,,,,,,,,,,,,,,,,,,,,,,
