,date,adjusted_price
0,2018-01-02,109.53096771240234
1,2018-01-03,110.62134552001953
2,2018-01-04,111.03265380859375
3,2018-01-05,113.69178771972656
4,2018-01-08,114.15091705322266
5,2018-01-09,113.9309310913086
6,2018-01-10,113.80657196044922
7,2018-01-11,114.62916564941406
8,2018-01-12,114.86830139160156
9,2018-01-16,115.15528106689453
10,2018-01-17,116.67613220214844
11,2018-01-18,117.75699615478516
12,2018-01-19,117.36480712890625
13,2018-01-22,118.92395782470703
14,2018-01-23,119.23002624511719
15,2018-01-24,119.1343765258789
16,2018-01-25,119.77526092529297
17,2018-01-26,120.82740783691406
18,2018-01-29,119.41175079345703
19,2018-01-30,118.17788696289062
20,2018-01-31,118.82829284667969
21,2018-02-01,120.25350189208984
22,2018-02-02,115.65266418457031
23,2018-02-05,111.21440124511719
24,2018-02-06,114.7535400390625
25,2018-02-07,114.44744873046875
26,2018-02-08,108.90918731689453
27,2018-02-09,111.26222229003906
28,2018-02-12,113.31873321533203
29,2018-02-13,113.20396423339844
30,2018-02-14,115.57611846923828
31,2018-02-15,117.16669464111328
32,2018-02-16,116.75468444824219
33,2018-02-20,116.90802001953125
34,2018-02-21,115.39405822753906
35,2018-02-22,115.3461685180664
36,2018-02-23,117.78954315185547
37,2018-02-26,119.380126953125
38,2018-02-27,118.21112823486328
39,2018-02-28,117.79912567138672
40,2018-03-01,115.36532592773438
41,2018-03-02,115.7198486328125
42,2018-03-05,116.7834243774414
43,2018-03-06,115.99771118164062
44,2018-03-07,116.75468444824219
45,2018-03-08,117.10922241210938
46,2018-03-09,119.30345153808594
47,2018-03-12,119.04476165771484
48,2018-03-13,118.0482177734375
49,2018-03-14,117.45417022705078
50,2018-03-15,118.24946594238281
51,2018-03-16,119.32262420654297
52,2018-03-19,118.05781555175781
53,2018-03-20,119.68672943115234
54,2018-03-21,118.0674057006836
55,2018-03-22,114.97245788574219
56,2018-03-23,112.10748291015625
57,2018-03-26,115.59527587890625
58,2018-03-27,112.49077606201172
59,2018-03-28,112.09790802001953
60,2018-03-29,114.61793518066406
61,2018-04-02,113.43938446044922
62,2018-04-03,114.21550750732422
63,2018-04-04,114.79998779296875
64,2018-04-05,116.12229919433594
65,2018-04-06,112.77820587158203
66,2018-04-09,113.8226547241211
67,2018-04-10,115.67195129394531
68,2018-04-11,114.77125549316406
69,2018-04-12,116.00731658935547
70,2018-04-13,115.7007064819336
71,2018-04-16,116.7834243774414
72,2018-04-17,118.6231689453125
73,2018-04-18,119.27472686767578
74,2018-04-19,118.77645874023438
75,2018-04-20,119.00643157958984
76,2018-04-23,119.25555419921875
77,2018-04-24,116.19893646240234
78,2018-04-25,116.1414566040039
79,2018-04-26,121.76600646972656
80,2018-04-27,120.74075317382812
81,2018-04-30,121.57437133789062
82,2018-05-01,122.17802429199219
83,2018-05-02,121.09525299072266
84,2018-05-03,121.8618392944336
85,2018-05-04,122.80083465576172
86,2018-05-07,123.85485076904297
87,2018-05-08,124.46809387207031
88,2018-05-09,125.3687744140625
89,2018-05-10,125.5220718383789
90,2018-05-11,126.3077621459961
91,2018-05-14,125.72327423095703
92,2018-05-15,125.6178970336914
93,2018-05-16,125.41667175292969
94,2018-05-17,124.69688415527344
95,2018-05-18,124.69688415527344
96,2018-05-21,125.39747619628906
97,2018-05-22,125.4454574584961
98,2018-05-23,126.56837463378906
99,2018-05-24,126.57792663574219
100,2018-05-25,125.9925308227539
101,2018-05-29,124.46654510498047
102,2018-05-30,125.37825775146484
103,2018-05-31,125.45506286621094
104,2018-06-01,125.57986450195312
105,2018-06-04,127.71046447753906
106,2018-06-05,128.18067932128906
107,2018-06-06,130.79115295410156
108,2018-06-07,128.4494171142578
109,2018-06-08,129.3131561279297
110,2018-06-11,128.5166015625
111,2018-06-12,129.4282989501953
112,2018-06-13,128.98683166503906
113,2018-06-14,129.5626983642578
114,2018-06-15,129.65866088867188
115,2018-06-18,130.71434020996094
116,2018-06-19,129.66822814941406
117,2018-06-20,130.0425567626953
118,2018-06-21,129.1116485595703
119,2018-06-22,129.87939453125
120,2018-06-25,125.65658569335938
121,2018-06-26,127.21134948730469
122,2018-06-27,125.74298858642578
123,2018-06-28,127.39373779296875
124,2018-06-29,127.1153793334961
125,2018-07-02,127.16339874267578
126,2018-07-03,126.15565490722656
127,2018-07-05,127.9215087890625
128,2018-07-06,128.6893768310547
129,2018-07-09,130.06173706054688
130,2018-07-10,131.1846160888672
131,2018-07-11,132.5857696533203
132,2018-07-12,134.26531982421875
133,2018-07-13,133.8046875
134,2018-07-16,132.88328552246094
135,2018-07-17,134.01580810546875
136,2018-07-18,135.22508239746094
137,2018-07-19,134.48606872558594
138,2018-07-20,135.3114013671875
139,2018-07-23,134.39007568359375
140,2018-07-24,134.39007568359375
141,2018-07-25,136.8949737548828
142,2018-07-26,136.76060485839844
143,2018-07-27,135.04270935058594
144,2018-07-30,130.98306274414062
145,2018-07-31,131.2325897216797
146,2018-08-01,132.6818084716797
147,2018-08-02,133.32476806640625
148,2018-08-03,134.1885528564453
149,2018-08-06,134.08297729492188
150,2018-08-07,134.6300048828125
151,2018-08-08,135.01394653320312
152,2018-08-09,134.370849609375
153,2018-08-10,134.10215759277344
154,2018-08-13,134.56283569335938
155,2018-08-14,135.09066772460938
156,2018-08-15,134.28453063964844
157,2018-08-16,135.18800354003906
158,2018-08-17,135.8415985107422
159,2018-08-20,135.46678161621094
160,2018-08-21,134.6016845703125
161,2018-08-22,135.65895080566406
162,2018-08-23,136.5817108154297
163,2018-08-24,138.60015869140625
164,2018-08-27,139.75355529785156
165,2018-08-28,139.56129455566406
166,2018-08-29,141.32025146484375
167,2018-08-30,141.0415496826172
168,2018-08-31,141.18565368652344
169,2018-09-04,142.0603790283203
170,2018-09-05,137.1295166015625
171,2018-09-06,138.8884735107422
172,2018-09-07,137.63897705078125
173,2018-09-10,138.48480224609375
174,2018-09-11,139.84005737304688
175,2018-09-12,140.87808227539062
176,2018-09-13,141.89691162109375
177,2018-09-14,142.0988006591797
178,2018-09-17,140.50326538085938
179,2018-09-18,141.89691162109375
180,2018-09-19,141.6951141357422
181,2018-09-20,143.4444580078125
182,2018-09-21,144.2229766845703
183,2018-09-24,143.31948852539062
184,2018-09-25,143.771240234375
185,2018-09-26,143.4732666015625
186,2018-09-27,144.1941375732422
187,2018-09-28,144.26138305664062
188,2018-10-01,144.93426513671875
189,2018-10-02,143.8577117919922
190,2018-10-03,143.5693359375
191,2018-10-04,141.06069946289062
192,2018-10-05,139.715087890625
193,2018-10-08,136.3798828125
194,2018-10-09,136.78350830078125
195,2018-10-10,130.25723266601562
196,2018-10-11,128.5367431640625
197,2018-10-12,134.6208953857422
198,2018-10-15,131.9008026123047
199,2018-10-16,136.2356719970703
200,2018-10-17,136.91812133789062
201,2018-10-18,133.88079833984375
202,2018-10-19,134.64012145996094
203,2018-10-22,135.1783905029297
204,2018-10-23,133.71742248535156
205,2018-10-24,129.0461883544922
206,2018-10-25,135.0630645751953
207,2018-10-26,132.3909912109375
208,2018-10-29,129.11343383789062
209,2018-10-30,127.60440063476562
210,2018-10-31,132.49676513671875
211,2018-11-01,135.3610382080078
212,2018-11-02,134.351806640625
213,2018-11-05,134.37103271484375
214,2018-11-06,135.3225860595703
215,2018-11-07,139.15757751464844
216,2018-11-08,139.5901336669922
217,2018-11-09,138.34068298339844
218,2018-11-12,134.29412841796875
219,2018-11-13,134.29412841796875
220,2018-11-14,134.0730438232422
221,2018-11-15,136.5765838623047
222,2018-11-16,134.97817993164062
223,2018-11-19,129.75929260253906
224,2018-11-20,128.4208526611328
225,2018-11-21,129.43191528320312
226,2018-11-23,127.93943786621094
227,2018-11-26,130.89552307128906
228,2018-11-27,130.8666229248047
229,2018-11-28,136.13365173339844
230,2018-11-29,133.93826293945312
231,2018-11-30,136.45143127441406
232,2018-12-03,139.6193084716797
233,2018-12-04,133.49533081054688
234,2018-12-06,135.81590270996094
235,2018-12-07,132.02210998535156
236,2018-12-10,132.76351928710938
237,2018-12-11,131.7332305908203
238,2018-12-12,132.68650817871094
239,2018-12-13,132.43614196777344
240,2018-12-14,130.07705688476562
241,2018-12-17,126.52396392822266
242,2018-12-18,127.73724365234375
243,2018-12-19,126.38916778564453
244,2018-12-20,123.98197174072266
245,2018-12-21,119.6489486694336
246,2018-12-24,117.21283721923828
247,2018-12-26,125.39739990234375
248,2018-12-27,127.11136627197266
249,2018-12-28,126.0810546875
250,2018-12-31,127.04399108886719
251,2019-01-02,127.98760223388672
252,2019-01-03,123.37533569335938
253,2019-01-04,128.6904754638672
254,2019-01-07,131.0110321044922
255,2019-01-08,131.72360229492188
256,2019-01-09,133.27383422851562
257,2019-01-10,133.524169921875
258,2019-01-11,132.93682861328125
259,2019-01-14,132.01248168945312
260,2019-01-15,132.24356079101562
261,2019-01-16,132.24356079101562
262,2019-01-17,132.1857452392578
263,2019-01-18,133.3605499267578
264,2019-01-22,132.92721557617188
265,2019-01-23,131.92581176757812
266,2019-01-24,132.59019470214844
267,2019-01-25,133.524169921875
268,2019-01-28,130.94363403320312
269,2019-01-29,129.99038696289062
270,2019-01-30,132.4939422607422
271,2019-01-31,130.0
272,2019-02-01,134.94931030273438
273,2019-02-04,136.2491912841797
274,2019-02-05,137.24099731445312
275,2019-02-06,136.23956298828125
276,2019-02-07,134.9685821533203
277,2019-02-08,135.1707763671875
278,2019-02-11,135.57518005371094
279,2019-02-12,136.72100830078125
280,2019-02-13,138.1654052734375
281,2019-02-14,138.08822631835938
282,2019-02-15,139.77618408203125
283,2019-02-19,139.32286071777344
284,2019-02-20,139.6025390625
285,2019-02-21,138.89845275878906
286,2019-02-22,140.7021484375
287,2019-02-25,140.88540649414062
288,2019-02-26,141.83070373535156
289,2019-02-27,142.0043182373047
290,2019-02-28,142.87246704101562
291,2019-03-01,144.17465209960938
292,2019-03-04,142.71812438964844
293,2019-03-05,142.70849609375
294,2019-03-06,142.57345581054688
295,2019-03-07,141.628173828125
296,2019-03-08,142.1297607421875
297,2019-03-11,145.33213806152344
298,2019-03-12,146.3545684814453
299,2019-03-13,147.068359375
300,2019-03-14,148.73707580566406
301,2019-03-15,149.9524688720703
302,2019-03-18,149.4701690673828
303,2019-03-19,149.1132354736328
304,2019-03-20,148.3030242919922
305,2019-03-21,150.28036499023438
306,2019-03-22,147.64710998535156
307,2019-03-25,147.60850524902344
308,2019-03-26,149.79811096191406
309,2019-03-27,148.75634765625
310,2019-03-28,149.19039916992188
311,2019-03-29,150.65660095214844
312,2019-04-01,151.6886749267578
313,2019-04-02,152.19024658203125
314,2019-04-03,152.84616088867188
315,2019-04-04,152.05517578125
316,2019-04-05,152.0648193359375
317,2019-04-08,152.1613006591797
318,2019-04-09,151.91055297851562
319,2019-04-10,152.9425811767578
320,2019-04-11,152.26742553710938
321,2019-04-12,153.9843292236328
322,2019-04-15,154.75601196289062
323,2019-04-16,154.55343627929688
324,2019-04-17,154.75601196289062
325,2019-04-18,154.48590087890625
326,2019-04-22,154.71742248535156
327,2019-04-23,155.93275451660156
328,2019-04-24,155.768798828125
329,2019-04-25,155.31546020507812
330,2019-04-26,157.15780639648438
331,2019-04-29,158.33456420898438
332,2019-04-30,158.60464477539062
333,2019-05-01,157.02273559570312
334,2019-05-02,155.4119110107422
335,2019-05-03,156.29931640625
336,2019-05-06,156.5308074951172
337,2019-05-07,154.5341339111328
338,2019-05-08,155.06466674804688
339,2019-05-09,154.1483154296875
340,2019-05-10,155.01646423339844
341,2019-05-13,151.7561798095703
342,2019-05-14,154.5341339111328
343,2019-05-15,157.02273559570312
344,2019-05-16,159.27365112304688
345,2019-05-17,158.5201416015625
346,2019-05-20,157.9211883544922
347,2019-05-21,158.29794311523438
348,2019-05-22,158.66505432128906
349,2019-05-23,156.02769470214844
350,2019-05-24,157.1193389892578
351,2019-05-28,158.1530303955078
352,2019-05-29,157.20628356933594
353,2019-05-30,157.23524475097656
354,2019-05-31,155.8538055419922
355,2019-06-03,153.2164764404297
356,2019-06-04,156.81985473632812
357,2019-06-05,159.77601623535156
358,2019-06-06,161.2540740966797
359,2019-06-07,164.27783203125
360,2019-06-10,165.0216827392578
361,2019-06-11,164.52899169921875
362,2019-06-12,165.7655792236328
363,2019-06-13,163.6015625
364,2019-06-14,163.9010467529297
365,2019-06-17,163.80441284179688
366,2019-06-18,163.53395080566406
367,2019-06-19,164.8961181640625
368,2019-06-20,167.8425750732422
369,2019-06-21,167.55276489257812
370,2019-06-24,167.94882202148438
371,2019-06-25,165.46609497070312
372,2019-06-26,165.2535400390625
373,2019-06-27,165.41773986816406
374,2019-06-28,167.6590576171875
375,2019-07-01,168.03575134277344
376,2019-07-02,169.33029174804688
377,2019-07-03,170.86631774902344
378,2019-07-05,170.66348266601562
379,2019-07-08,170.20936584472656
380,2019-07-09,171.69717407226562
381,2019-07-10,173.22348022460938
382,2019-07-11,174.60494995117188
383,2019-07-12,174.2089080810547
384,2019-07-15,174.44073486328125
385,2019-07-16,173.22348022460938
386,2019-07-17,173.0689239501953
387,2019-07-18,174.402099609375
388,2019-07-19,173.15586853027344
389,2019-07-22,174.44073486328125
390,2019-07-23,174.75953674316406
391,2019-07-24,177.10707092285156
392,2019-07-25,175.42611694335938
393,2019-07-26,177.45484924316406
394,2019-07-29,176.9911346435547
395,2019-07-30,175.36813354492188
396,2019-07-31,171.95797729492188
397,2019-08-01,173.08824157714844
398,2019-08-02,171.39767456054688
399,2019-08-05,163.1282196044922
400,2019-08-06,166.62535095214844
401,2019-08-07,169.3689422607422
402,2019-08-08,173.79347229003906
403,2019-08-09,172.97230529785156
404,2019-08-12,170.35430908203125
405,2019-08-13,172.54725646972656
406,2019-08-14,167.62034606933594
407,2019-08-15,170.53237915039062
408,2019-08-16,172.42860412597656
409,2019-08-19,173.88943481445312
410,2019-08-20,173.40570068359375
411,2019-08-21,175.05038452148438
412,2019-08-22,174.2280731201172
413,2019-08-23,169.52622985839844
414,2019-08-26,171.80946350097656
415,2019-08-27,172.57371520996094
416,2019-08-28,172.85430908203125
417,2019-08-29,175.2729034423828
418,2019-08-30,174.93431091308594
419,2019-09-03,173.36700439453125
420,2019-09-04,175.85337829589844
421,2019-09-05,178.7169952392578
422,2019-09-06,179.6941680908203
423,2019-09-09,175.6405487060547
424,2019-09-10,170.60980224609375
425,2019-09-11,169.28439331054688
426,2019-09-12,172.18670654296875
427,2019-09-13,171.4998779296875
428,2019-09-16,170.3776092529297
429,2019-09-17,170.70652770996094
430,2019-09-18,169.5843048095703
431,2019-09-19,170.23248291015625
432,2019-09-20,168.39434814453125
433,2019-09-23,169.2166748046875
434,2019-09-24,168.8006591796875
435,2019-09-25,169.5746307373047
436,2019-09-26,169.93255615234375
437,2019-09-27,168.3363037109375
438,2019-09-30,166.41104125976562
439,2019-10-01,168.61688232421875
440,2019-10-02,164.30206298828125
441,2019-10-03,167.24305725097656
442,2019-10-04,170.2518310546875
443,2019-10-07,169.20697021484375
444,2019-10-08,166.80772399902344
445,2019-10-09,169.1876220703125
446,2019-10-10,169.1876220703125
447,2019-10-11,171.29669189453125
448,2019-10-14,171.58692932128906
449,2019-10-15,172.93167114257812
450,2019-10-16,172.08030700683594
451,2019-10-17,172.14804077148438
452,2019-10-18,169.99061584472656
453,2019-10-21,170.68719482421875
454,2019-10-22,165.29847717285156
455,2019-10-23,165.7435302734375
456,2019-10-24,170.42601013183594
457,2019-10-25,172.0609588623047
458,2019-10-28,173.98617553710938
459,2019-10-29,171.84812927246094
460,2019-10-30,173.41539001464844
461,2019-10-31,173.0380859375
462,2019-11-01,175.04071044921875
463,2019-11-04,173.1251678466797
464,2019-11-05,170.62911987304688
465,2019-11-06,171.01612854003906
466,2019-11-07,172.62208557128906
467,2019-11-08,173.14454650878906
468,2019-11-11,173.6959686279297
469,2019-11-12,173.88943481445312
470,2019-11-13,173.57020568847656
471,2019-11-14,174.19041442871094
472,2019-11-15,174.20977783203125
473,2019-11-18,174.10316467285156
474,2019-11-19,177.11700439453125
475,2019-11-20,176.0413360595703
476,2019-11-21,174.3260498046875
477,2019-11-22,173.91905212402344
478,2019-11-25,175.37266540527344
479,2019-11-26,176.90380859375
480,2019-11-27,178.66749572753906
481,2019-11-29,178.8031463623047
482,2019-12-02,176.16729736328125
483,2019-12-03,176.27392578125
484,2019-12-04,175.01412963867188
485,2019-12-05,176.2642364501953
486,2019-12-06,176.53555297851562
487,2019-12-09,177.26235961914062
488,2019-12-10,176.6227569580078
489,2019-12-11,176.38052368164062
490,2019-12-12,176.99098205566406
491,2019-12-13,179.41368103027344
492,2019-12-16,180.4796905517578
493,2019-12-17,179.7819366455078
494,2019-12-18,179.18106079101562
495,2019-12-19,180.77032470703125
496,2019-12-20,182.1852569580078
497,2019-12-23,181.29367065429688
498,2019-12-24,181.7685546875
499,2019-12-26,183.309326171875
500,2019-12-27,183.5322265625
501,2019-12-30,182.02049255371094
502,2019-12-31,182.0883331298828
503,2020-01-02,185.20872497558594
504,2020-01-03,183.73573303222656
505,2020-01-06,183.33840942382812
506,2020-01-07,182.85386657714844
507,2020-01-08,185.98399353027344
508,2020-01-09,187.2728729248047
509,2020-01-10,187.77674865722656
510,2020-01-13,189.28851318359375
511,2020-01-14,189.98626708984375
512,2020-01-15,193.62025451660156
513,2020-01-16,194.7346954345703
514,2020-01-17,198.36871337890625
515,2020-01-21,200.87857055664062
516,2020-01-22,201.46971130371094
517,2020-01-23,200.13243103027344
518,2020-01-24,198.65943908691406
519,2020-01-27,195.45181274414062
520,2020-01-28,196.575927734375
521,2020-01-29,198.5237579345703
522,2020-01-30,201.77012634277344
523,2020-01-31,192.81593322753906
524,2020-02-03,194.59902954101562
525,2020-02-04,197.2639617919922
526,2020-02-05,196.53713989257812
527,2020-02-06,196.7600860595703
528,2020-02-07,196.46934509277344
529,2020-02-10,199.61878967285156
530,2020-02-11,197.63221740722656
531,2020-02-12,201.0239715576172
532,2020-02-13,201.27627563476562
533,2020-02-14,204.08094787597656
534,2020-02-18,204.9640655517578
535,2020-02-19,207.0117950439453
536,2020-02-20,205.20668029785156
537,2020-02-21,202.6446533203125
538,2020-02-24,192.92050170898438
539,2020-02-25,182.83726501464844
540,2020-02-26,181.68240356445312
541,2020-02-27,174.69503784179688
542,2020-02-28,176.39332580566406
543,2020-03-02,186.65122985839844
544,2020-03-03,180.24610900878906
545,2020-03-04,188.5533447265625
546,2020-03-05,181.43978881835938
547,2020-03-06,178.9165496826172
548,2020-03-09,166.07723999023438
549,2020-03-10,177.20851135253906
550,2020-03-11,167.8434600830078
551,2020-03-12,155.35348510742188
552,2020-03-13,170.63841247558594
553,2020-03-16,147.521728515625
554,2020-03-17,153.2281036376953
555,2020-03-18,144.09593200683594
556,2020-03-19,147.75466918945312
557,2020-03-20,142.4947052001953
558,2020-03-23,131.7321319580078
559,2020-03-24,149.96728515625
560,2020-03-25,157.00323486328125
561,2020-03-26,163.89366149902344
562,2020-03-27,156.7897491455078
563,2020-03-30,160.68136596679688
564,2020-03-31,156.3627471923828
565,2020-04-01,148.58924865722656
566,2020-04-02,152.7428741455078
567,2020-04-03,147.36647033691406
568,2020-04-06,164.43710327148438
569,2020-04-07,163.61216735839844
570,2020-04-08,169.77471923828125
571,2020-04-09,168.56158447265625
572,2020-04-13,164.00038146972656
573,2020-04-14,169.46417236328125
574,2020-04-15,161.05982971191406
575,2020-04-16,157.62432861328125
576,2020-04-17,164.5341339111328
577,2020-04-20,159.37123107910156
578,2020-04-21,155.79014587402344
579,2020-04-22,161.67124938964844
580,2020-04-23,161.46743774414062
581,2020-04-24,162.37969970703125
582,2020-04-27,166.68858337402344
583,2020-04-28,166.19363403320312
584,2020-04-29,176.4224395751953
585,2020-04-30,173.4430694580078
586,2020-05-01,170.3861083984375
587,2020-05-04,170.94898986816406
588,2020-05-05,173.17135620117188
589,2020-05-06,173.50132751464844
590,2020-05-07,177.32498168945312
591,2020-05-08,179.625
592,2020-05-11,178.14019775390625
593,2020-05-12,174.17092895507812
594,2020-05-13,172.14898681640625
595,2020-05-14,175.85267639160156
596,2020-05-15,178.37039184570312
597,2020-05-18,186.040283203125
598,2020-05-19,184.07666015625
599,2020-05-20,188.45106506347656
600,2020-05-21,185.30148315429688
601,2020-05-22,185.5347900390625
602,2020-05-26,187.82894897460938
603,2020-05-27,187.44009399414062
604,2020-05-28,188.83990478515625
605,2020-05-29,189.79257202148438
606,2020-06-01,188.92739868164062
607,2020-06-02,190.88131713867188
608,2020-06-03,191.3770751953125
609,2020-06-04,188.2372283935547
610,2020-06-05,194.04067993164062
611,2020-06-08,194.0309600830078
612,2020-06-09,193.52545166015625
613,2020-06-10,194.88636779785156
614,2020-06-11,183.6100311279297
615,2020-06-12,186.89572143554688
616,2020-06-15,186.40966796875
617,2020-06-16,187.4984588623047
618,2020-06-17,188.1594696044922
619,2020-06-18,188.49966430664062
620,2020-06-19,186.83738708496094
621,2020-06-22,189.52037048339844
622,2020-06-23,192.4464111328125
623,2020-06-24,186.06944274902344
624,2020-06-25,188.56773376464844
625,2020-06-26,183.9891815185547
626,2020-06-29,186.040283203125
627,2020-06-30,187.7803192138672
628,2020-07-01,188.373291015625
629,2020-07-02,190.2105712890625
630,2020-07-06,192.2422637939453
631,2020-07-07,188.78160095214844
632,2020-07-08,189.6273193359375
633,2020-07-09,186.8471221923828
634,2020-07-10,187.1776123046875
635,2020-07-13,183.74610900878906
636,2020-07-14,187.93588256835938
637,2020-07-15,191.0660400390625
638,2020-07-16,188.10108947753906
639,2020-07-17,189.6467742919922
640,2020-07-20,192.93246459960938
641,2020-07-21,190.9980010986328
642,2020-07-22,193.3115997314453
643,2020-07-23,191.9214630126953
644,2020-07-24,189.70506286621094
645,2020-07-27,191.41600036621094
646,2020-07-28,191.250732421875
647,2020-07-29,193.0393829345703
648,2020-07-30,188.6455078125
649,2020-07-31,185.0876007080078
650,2020-08-03,185.36952209472656
651,2020-08-04,186.92486572265625
652,2020-08-05,190.62857055664062
653,2020-08-06,193.22410583496094
654,2020-08-07,190.88131713867188
655,2020-08-10,191.29933166503906
656,2020-08-11,192.2519989013672
657,2020-08-12,193.19488525390625
658,2020-08-13,192.35765075683594
659,2020-08-14,191.4425048828125
660,2020-08-17,194.1587677001953
661,2020-08-18,193.7498321533203
662,2020-08-19,195.67750549316406
663,2020-08-20,198.75399780273438
664,2020-08-21,198.73452758789062
665,2020-08-24,200.9542694091797
666,2020-08-25,202.59959411621094
667,2020-08-26,204.7025146484375
668,2020-08-27,205.45216369628906
669,2020-08-28,210.0084686279297
670,2020-08-31,206.38674926757812
671,2020-09-01,207.7108154296875
672,2020-09-02,210.7581024169922
673,2020-09-03,203.43685913085938
674,2020-09-04,199.25051879882812
675,2020-09-08,194.8305206298828
676,2020-09-09,198.66639709472656
677,2020-09-10,196.21295166015625
678,2020-09-11,195.37571716308594
679,2020-09-14,199.5620574951172
680,2020-09-15,199.9612274169922
681,2020-09-16,199.7080841064453
682,2020-09-17,199.8444061279297
683,2020-09-18,197.2547149658203
684,2020-09-21,192.23104858398438
685,2020-09-22,195.2588653564453
686,2020-09-23,190.2060546875
687,2020-09-24,190.35208129882812
688,2020-09-25,192.03636169433594
689,2020-09-28,195.02525329589844
690,2020-09-29,194.16848754882812
691,2020-09-30,194.68446350097656
692,2020-10-01,197.9751434326172
693,2020-10-02,196.1350860595703
694,2020-10-05,198.16009521484375
695,2020-10-06,195.15179443359375
696,2020-10-07,197.118408203125
697,2020-10-08,197.61488342285156
698,2020-10-09,201.17813110351562
699,2020-10-12,200.94454956054688
700,2020-10-13,198.91949462890625
701,2020-10-14,196.8555450439453
702,2020-10-15,194.2755889892578
703,2020-10-16,194.96682739257812
704,2020-10-19,191.7637481689453
705,2020-10-20,192.47445678710938
706,2020-10-21,193.18516540527344
707,2020-10-22,192.75682067871094
708,2020-10-23,192.77627563476562
709,2020-10-26,187.9668731689453
710,2020-10-27,185.03640747070312
711,2020-10-28,176.0893096923828
712,2020-10-29,179.9835968017578
713,2020-10-30,176.90711975097656
714,2020-11-02,179.8570556640625
715,2020-11-03,183.3618621826172
716,2020-11-04,188.84304809570312
717,2020-11-05,192.41604614257812
718,2020-11-06,193.22413635253906
719,2020-11-09,207.05850219726562
720,2020-11-10,207.67185974121094
721,2020-11-11,207.0780029296875
722,2020-11-12,203.0608367919922
723,2020-11-13,205.22543334960938
724,2020-11-16,207.38999938964844
725,2020-11-17,205.44970703125
726,2020-11-18,202.6416015625
727,2020-11-19,202.38812255859375
728,2020-11-20,198.79019165039062
729,2020-11-23,202.96334838867188
730,2020-11-24,204.44537353515625
731,2020-11-25,205.6251983642578
732,2020-11-27,205.7324676513672
733,2020-11-30,205.0986785888672
734,2020-12-01,205.9274444580078
735,2020-12-02,204.9329376220703
736,2020-12-03,202.8561248779297
737,2020-12-04,207.3705291748047
738,2020-12-07,207.3412628173828
739,2020-12-08,207.458251953125
740,2020-12-09,204.34793090820312
741,2020-12-10,202.4270782470703
742,2020-12-11,201.09130859375
743,2020-12-14,202.07608032226562
744,2020-12-15,203.1583251953125
745,2020-12-16,203.07061767578125
746,2020-12-17,205.90794372558594
747,2020-12-18,206.0347137451172
748,2020-12-21,203.79214477539062
749,2020-12-22,200.70127868652344
750,2020-12-23,200.1747589111328
751,2020-12-24,203.4898681640625
752,2020-12-28,207.32174682617188
753,2020-12-29,209.01834106445312
754,2020-12-30,212.9087677001953
755,2020-12-31,213.2694854736328
756,2021-01-04,212.32366943359375
757,2021-01-05,209.15481567382812
758,2021-01-06,207.31199645996094
759,2021-01-07,208.47232055664062
760,2021-01-08,210.07138061523438
761,2021-01-11,207.57525634765625
762,2021-01-12,203.64585876464844
763,2021-01-13,204.12364196777344
764,2021-01-14,196.8206024169922
765,2021-01-15,196.55738830566406
766,2021-01-19,196.62562561035156
767,2021-01-20,200.8670196533203
768,2021-01-21,200.0187530517578
769,2021-01-22,196.97666931152344
770,2021-01-25,195.96261596679688
771,2021-01-26,196.96688842773438
772,2021-01-27,190.10264587402344
773,2021-01-28,193.2715301513672
774,2021-01-29,188.4255828857422
775,2021-02-01,193.4080047607422
776,2021-02-02,197.55191040039062
777,2021-02-03,196.33311462402344
778,2021-02-04,204.02615356445312
779,2021-02-05,203.55813598632812
780,2021-02-08,201.7250518798828
781,2021-02-09,201.3643035888672
782,2021-02-10,201.28631591796875
783,2021-02-11,205.71983337402344
784,2021-02-12,205.0362548828125
785,2021-02-16,203.02455139160156
786,2021-02-17,202.6437225341797
787,2021-02-18,204.4405517578125
788,2021-02-19,199.9288787841797
789,2021-02-22,203.43470764160156
790,2021-02-23,207.13583374023438
791,2021-02-24,214.28414916992188
792,2021-02-25,208.7373504638672
793,2021-02-26,207.4092559814453
794,2021-03-01,211.5498504638672
795,2021-03-02,210.70999145507812
796,2021-03-03,209.8115692138672
797,2021-03-04,206.54013061523438
798,2021-03-05,210.35842895507812
799,2021-03-08,215.10446166992188
800,2021-03-09,215.19236755371094
801,2021-03-10,217.93646240234375
802,2021-03-11,220.84654235839844
803,2021-03-12,219.0985565185547
804,2021-03-15,218.03411865234375
805,2021-03-16,219.4305877685547
806,2021-03-17,217.78997802734375
807,2021-03-18,215.4853057861328
808,2021-03-19,202.04798889160156
809,2021-03-22,203.12217712402344
810,2021-03-23,203.26866149902344
811,2021-03-24,203.19058227539062
812,2021-03-25,203.09291076660156
813,2021-03-26,208.5225067138672
814,2021-03-29,209.4795379638672
815,2021-03-30,206.93075561523438
816,2021-03-31,206.7647247314453
817,2021-04-01,211.77442932128906
818,2021-04-05,213.90330505371094
819,2021-04-06,213.52243041992188
820,2021-04-07,214.12794494628906
821,2021-04-08,215.52435302734375
822,2021-04-09,217.3016815185547
823,2021-04-12,216.2763214111328
824,2021-04-13,215.8368682861328
825,2021-04-14,216.77438354492188
826,2021-04-15,220.97354125976562
827,2021-04-16,221.10047912597656
828,2021-04-19,220.4949951171875
829,2021-04-20,218.04388427734375
830,2021-04-21,222.11607360839844
831,2021-04-22,222.23329162597656
832,2021-04-23,224.6062774658203
833,2021-04-26,224.93832397460938
834,2021-04-27,224.51837158203125
835,2021-04-28,227.97537231445312
836,2021-04-29,231.305419921875
837,2021-04-30,228.08282470703125
838,2021-05-03,227.1550750732422
839,2021-05-04,226.5886688232422
840,2021-05-05,223.83482360839844
841,2021-05-06,225.89535522460938
842,2021-05-07,226.6765594482422
843,2021-05-10,220.6707763671875
844,2021-05-11,220.19229125976562
845,2021-05-12,215.45603942871094
846,2021-05-13,218.8104705810547
847,2021-05-14,221.93995666503906
848,2021-05-17,221.4509735107422
849,2021-05-18,220.6001739501953
850,2021-05-19,219.64173889160156
851,2021-05-20,221.4509735107422
852,2021-05-21,221.7737274169922
853,2021-05-24,224.2675018310547
854,2021-05-25,223.97412109375
855,2021-05-26,222.06704711914062
856,2021-05-27,221.86172485351562
857,2021-05-28,222.29202270507812
858,2021-06-01,221.6367950439453
859,2021-06-02,224.6000213623047
860,2021-06-03,223.08416748046875
861,2021-06-04,225.06942749023438
862,2021-06-07,226.22348022460938
863,2021-06-08,226.93734741210938
864,2021-06-09,227.191650390625
865,2021-06-10,228.79550170898438
866,2021-06-11,229.78326416015625
867,2021-06-14,228.92262268066406
868,2021-06-15,227.84686279296875
869,2021-06-16,224.54135131835938
870,2021-06-17,227.03515625
871,2021-06-18,225.33352661132812
872,2021-06-21,229.15733337402344
873,2021-06-22,230.73187255859375
874,2021-06-23,229.50942993164062
875,2021-06-24,231.03504943847656
876,2021-06-25,232.0912628173828
877,2021-06-28,228.93243408203125
878,2021-06-29,230.75144958496094
879,2021-06-30,228.6683807373047
880,2021-07-01,229.96905517578125
881,2021-07-02,233.3723907470703
882,2021-07-06,234.32101440429688
883,2021-07-07,234.71221923828125
884,2021-07-08,231.3968963623047
885,2021-07-09,233.21591186523438
886,2021-07-12,232.62911987304688
887,2021-07-13,237.0104522705078
888,2021-07-14,240.5702362060547
889,2021-07-15,243.07382202148438
890,2021-07-16,242.65330505371094
891,2021-07-19,235.11317443847656
892,2021-07-20,237.35272216796875
893,2021-07-21,238.29159545898438
894,2021-07-22,238.76101684570312
895,2021-07-23,243.53347778320312
896,2021-07-26,244.73638916015625
897,2021-07-27,245.40139770507812
898,2021-07-28,241.49928283691406
899,2021-07-29,242.4577178955078
900,2021-07-30,240.96142578125
901,2021-08-02,234.49705505371094
902,2021-08-03,231.86631774902344
903,2021-08-04,231.45558166503906
904,2021-08-05,234.91761779785156
905,2021-08-06,236.08135986328125
906,2021-08-09,234.71221923828125
907,2021-08-10,232.82473754882812
908,2021-08-11,229.8810272216797
909,2021-08-12,226.99209594726562
910,2021-08-13,227.83433532714844
911,2021-08-16,230.48822021484375
912,2021-08-17,229.67539978027344
913,2021-08-18,226.83543395996094
914,2021-08-19,226.77667236328125
915,2021-08-20,226.57102966308594
916,2021-08-23,229.29344177246094
917,2021-08-24,229.39141845703125
918,2021-08-25,227.7755889892578
919,2021-08-26,225.74838256835938
920,2021-08-27,227.8734893798828
921,2021-08-30,226.44369506835938
922,2021-08-31,224.35780334472656
923,2021-09-01,225.356689453125
924,2021-09-02,219.53964233398438
925,2021-09-03,220.4503936767578
926,2021-09-07,221.58639526367188
927,2021-09-08,224.34800720214844
928,2021-09-09,222.78111267089844
929,2021-09-10,220.2545166015625
930,2021-09-13,219.9803466796875
931,2021-09-14,218.41342163085938
932,2021-09-15,219.17730712890625
933,2021-09-16,219.68653869628906
934,2021-09-17,217.15994262695312
935,2021-09-20,215.49513244628906
936,2021-09-21,215.61264038085938
937,2021-09-22,218.13925170898438
938,2021-09-23,223.5841522216797
939,2021-09-24,226.79623413085938
940,2021-09-27,224.84747314453125
941,2021-09-28,220.89105224609375
942,2021-09-29,221.98789978027344
943,2021-09-30,218.13925170898438
944,2021-10-01,225.6896514892578
945,2021-10-04,220.0782470703125
946,2021-10-05,219.63754272460938
947,2021-10-06,221.82138061523438
948,2021-10-07,225.77780151367188
949,2021-10-08,225.50357055664062
950,2021-10-11,220.4503936767578
951,2021-10-12,219.4123077392578
952,2021-10-13,217.855224609375
953,2021-10-14,220.5189208984375
954,2021-10-15,226.2086944580078
955,2021-10-18,225.87570190429688
956,2021-10-19,228.6863250732422
957,2021-10-20,226.62977600097656
958,2021-10-21,225.4741973876953
959,2021-10-22,226.44369506835938
960,2021-10-25,229.03884887695312
961,2021-10-26,227.02149963378906
962,2021-10-27,211.31350708007812
963,2021-10-28,205.4964599609375
964,2021-10-29,207.38653564453125
965,2021-11-01,208.06222534179688
966,2021-11-02,204.8109588623047
967,2021-11-03,203.79246520996094
968,2021-11-04,204.4583740234375
969,2021-11-05,212.18507385253906
970,2021-11-08,215.92604064941406
971,2021-11-09,208.9729766845703
972,2021-11-10,211.4696807861328
973,2021-11-11,206.42718505859375
974,2021-11-12,208.0655517578125
975,2021-11-15,208.2715606689453
976,2021-11-16,211.09689331054688
977,2021-11-17,201.16888427734375
978,2021-11-18,199.47177124023438
979,2021-11-19,197.0486297607422
980,2021-11-22,191.8688201904297
981,2021-11-23,194.72360229492188
982,2021-11-24,199.3932647705078
983,2021-11-26,193.8995361328125
984,2021-11-29,192.5653533935547
985,2021-11-30,190.09317016601562
986,2021-12-01,186.55166625976562
987,2021-12-02,194.52737426757812
988,2021-12-03,192.59475708007812
989,2021-12-06,198.83407592773438
990,2021-12-07,203.43508911132812
991,2021-12-08,205.02435302734375
992,2021-12-09,207.3788299560547
993,2021-12-10,209.3506622314453
994,2021-12-13,207.0158233642578
995,2021-12-14,205.99554443359375
996,2021-12-15,208.28135681152344
997,2021-12-16,210.30227661132812
998,2021-12-17,207.8594970703125
999,2021-12-20,204.7790985107422
1000,2021-12-21,211.29310607910156
1001,2021-12-22,213.8241424560547
1002,2021-12-23,212.50955200195312
1003,2021-12-27,213.5004119873047
1004,2021-12-28,213.9124298095703
1005,2021-12-29,214.0301513671875
1006,2021-12-30,213.73583984375
1007,2021-12-31,212.59786987304688
1008,2022-01-03,217.22828674316406
1009,2022-01-04,218.23876953125
1010,2022-01-05,215.82542419433594
1011,2022-01-06,215.58016967773438
1012,2022-01-07,212.84312438964844
1013,2022-01-10,207.94781494140625
1014,2022-01-11,210.3120574951172
1015,2022-01-12,211.61685180664062
1016,2022-01-13,210.9203338623047
1017,2022-01-14,210.5965576171875
1018,2022-01-18,211.61685180664062
1019,2022-01-19,210.60638427734375
1020,2022-01-20,210.28265380859375
1021,2022-01-21,202.0224151611328
1022,2022-01-24,198.01983642578125
1023,2022-01-25,198.1669921875
1024,2022-01-26,201.9635467529297
1025,2022-01-27,202.2382354736328
1026,2022-01-28,223.67361450195312
1027,2022-01-31,221.8783721923828
1028,2022-02-01,227.9508819580078
1029,2022-02-02,230.95285034179688
1030,2022-02-03,227.14645385742188
1031,2022-02-04,224.05621337890625
1032,2022-02-07,222.8495635986328
1033,2022-02-08,223.61477661132812
1034,2022-02-09,226.4891815185547
1035,2022-02-10,221.66940307617188
1036,2022-02-11,220.78504943847656
1037,2022-02-14,221.42376708984375
1038,2022-02-15,223.8606414794922
1039,2022-02-16,224.84329223632812
1040,2022-02-17,220.70643615722656
1041,2022-02-18,218.81982421875
1042,2022-02-22,217.47361755371094
1043,2022-02-23,212.1969451904297
1044,2022-02-24,213.5234832763672
1045,2022-02-25,215.45925903320312
1046,2022-02-28,212.364013671875
1047,2022-03-01,205.3382568359375
1048,2022-03-02,204.8567657470703
1049,2022-03-03,203.62850952148438
1050,2022-03-04,196.80909729003906
1051,2022-03-07,187.38575744628906
1052,2022-03-08,188.37823486328125
1053,2022-03-09,196.28831481933594
1054,2022-03-10,194.52943420410156
1055,2022-03-11,193.29132080078125
1056,2022-03-14,196.84840393066406
1057,2022-03-15,202.5574493408203
1058,2022-03-16,208.18785095214844
1059,2022-03-17,209.74038696289062
1060,2022-03-18,215.30201721191406
1061,2022-03-21,213.2679901123047
1062,2022-03-22,214.67315673828125
1063,2022-03-23,210.9490509033203
1064,2022-03-24,213.53334045410156
1065,2022-03-25,214.6338653564453
1066,2022-03-28,216.9331817626953
1067,2022-03-29,224.15542602539062
1068,2022-03-30,220.0579071044922
1069,2022-03-31,217.91580200195312
1070,2022-04-01,222.42604064941406
1071,2022-04-04,223.7820587158203
1072,2022-04-05,222.16070556640625
1073,2022-04-06,215.20375061035156
1074,2022-04-07,212.39344787597656
1075,2022-04-08,213.2090301513672
1076,2022-04-11,211.01779174804688
1077,2022-04-12,207.7260284423828
1078,2022-04-13,209.5635223388672
1079,2022-04-14,209.0918731689453
1080,2022-04-18,209.46527099609375
1081,2022-04-19,211.95130920410156
1082,2022-04-20,214.0049591064453
1083,2022-04-21,212.68826293945312
1084,2022-04-22,204.55218505859375
1085,2022-04-25,206.30123901367188
1086,2022-04-26,197.6050262451172
1087,2022-04-27,210.38893127441406
1088,2022-04-28,216.82508850097656
1089,2022-04-29,209.4259796142578
1090,2022-05-02,207.85377502441406
1091,2022-05-03,204.9353790283203
1092,2022-05-04,210.79180908203125
1093,2022-05-05,201.67311096191406
1094,2022-05-06,199.29515075683594
1095,2022-05-09,189.64581298828125
1096,2022-05-10,190.2157440185547
1097,2022-05-11,193.30116271972656
1098,2022-05-12,190.96298217773438
1099,2022-05-13,196.1414337158203
1100,2022-05-16,194.7434539794922
1101,2022-05-17,200.83746337890625
1102,2022-05-18,196.88966369628906
1103,2022-05-19,194.31027221679688
1104,2022-05-20,195.94451904296875
1105,2022-05-23,204.34231567382812
1106,2022-05-24,199.48875427246094
1107,2022-05-25,200.6799774169922
1108,2022-05-26,205.31692504882812
1109,2022-05-27,209.57980346679688
1110,2022-05-31,208.88082885742188
1111,2022-06-01,206.675537109375
1112,2022-06-02,211.7161865234375
1113,2022-06-03,209.35337829589844
1114,2022-06-06,209.638916015625
1115,2022-06-07,211.1747283935547
1116,2022-06-08,210.19021606445312
1117,2022-06-09,202.914794921875
1118,2022-06-10,196.41709899902344
1119,2022-06-13,189.27947998046875
1120,2022-06-14,190.51995849609375
1121,2022-06-15,193.11903381347656
1122,2022-06-16,186.11924743652344
1123,2022-06-17,187.06436157226562
1124,2022-06-21,191.37646484375
1125,2022-06-22,190.81532287597656
1126,2022-06-23,193.5915985107422
1127,2022-06-24,202.3240966796875
1128,2022-06-27,200.40431213378906
1129,2022-06-28,195.0486602783203
1130,2022-06-29,196.40724182128906
1131,2022-06-30,193.8377227783203
1132,2022-07-01,196.09219360351562
1133,2022-07-05,197.43113708496094
1134,2022-07-06,198.00210571289062
1135,2022-07-07,199.6560821533203
1136,2022-07-08,200.41416931152344
1137,2022-07-11,201.8810272216797
1138,2022-07-12,201.64479064941406
1139,2022-07-13,200.98513793945312
1140,2022-07-14,202.71788024902344
1141,2022-07-15,206.78382873535156
1142,2022-07-18,203.9977264404297
1143,2022-07-19,210.34774780273438
1144,2022-07-20,210.06222534179688
1145,2022-07-21,212.8385009765625
1146,2022-07-22,210.38710021972656
1147,2022-07-25,210.94827270507812
1148,2022-07-26,209.19589233398438
1149,2022-07-27,207.2071990966797
1150,2022-07-28,208.07354736328125
1151,2022-07-29,208.82177734375
1152,2022-08-01,208.0833740234375
1153,2022-08-02,203.0624542236328
1154,2022-08-03,205.24801635742188
1155,2022-08-04,210.1606903076172
1156,2022-08-05,212.52345275878906
1157,2022-08-08,210.0130157470703
1158,2022-08-09,207.0004425048828
1159,2022-08-10,208.81192016601562
1160,2022-08-11,208.17578125
1161,2022-08-12,208.42236328125
1162,2022-08-15,213.44232177734375
1163,2022-08-16,214.1524200439453
1164,2022-08-17,211.56846618652344
1165,2022-08-18,212.28842163085938
1166,2022-08-19,209.89186096191406
1167,2022-08-22,205.73976135253906
1168,2022-08-23,203.95468139648438
1169,2022-08-24,203.8264617919922
1170,2022-08-25,206.93313598632812
1171,2022-08-26,200.0984649658203
1172,2022-08-29,199.5461883544922
1173,2022-08-30,198.60923767089844
1174,2022-08-31,195.9759979248047
1175,2022-09-01,197.37648010253906
1176,2022-09-02,195.0390625
1177,2022-09-06,195.90695190429688
1178,2022-09-07,197.66246032714844
1179,2022-09-08,197.948486328125
1180,2022-09-09,202.37669372558594
1181,2022-09-12,203.7870330810547
1182,2022-09-13,196.9227752685547
1183,2022-09-14,196.66635131835938
1184,2022-09-15,192.6819305419922
1185,2022-09-16,190.6404266357422
1186,2022-09-19,190.4727783203125
1187,2022-09-20,189.42735290527344
1188,2022-09-21,184.44683837890625
1189,2022-09-22,183.23374938964844
1190,2022-09-23,181.42893981933594
1191,2022-09-26,178.10528564453125
1192,2022-09-27,175.42269897460938
1193,2022-09-28,176.71469116210938
1194,2022-09-29,177.5825958251953
1195,2022-09-30,175.20574951171875
1196,2022-10-03,179.15069580078125
1197,2022-10-04,183.09568786621094
1198,2022-10-05,185.087890625
1199,2022-10-06,183.03648376464844
1200,2022-10-07,181.30072021484375
1201,2022-10-10,179.6734161376953
1202,2022-10-11,176.67527770996094
1203,2022-10-12,175.78762817382812
1204,2022-10-13,182.1193084716797
1205,2022-10-14,180.10736083984375
1206,2022-10-17,182.70118713378906
1207,2022-10-18,184.5947723388672
1208,2022-10-19,183.84523010253906
1209,2022-10-20,184.64407348632812
1210,2022-10-21,187.75071716308594
1211,2022-10-24,188.08607482910156
1212,2022-10-25,191.70558166503906
1213,2022-10-26,200.53244018554688
1214,2022-10-27,201.47921752929688
1215,2022-10-28,206.459716796875
1216,2022-10-31,204.30975341796875
1217,2022-11-01,204.0828857421875
1218,2022-11-02,198.18516540527344
1219,2022-11-03,192.0704803466797
1220,2022-11-04,194.26979064941406
1221,2022-11-07,197.34686279296875
1222,2022-11-08,199.00375366210938
1223,2022-11-09,191.6892547607422
1224,2022-11-10,203.1947784423828
1225,2022-11-11,202.63136291503906
1226,2022-11-14,204.4698486328125
1227,2022-11-15,207.56370544433594
1228,2022-11-16,207.7119598388672
1229,2022-11-17,208.55213928222656
1230,2022-11-18,208.3643341064453
1231,2022-11-21,203.9361114501953
1232,2022-11-22,207.8997802734375
1233,2022-11-23,209.28358459472656
1234,2022-11-25,211.3197784423828
1235,2022-11-28,208.8190155029297
1236,2022-11-29,206.64443969726562
1237,2022-11-30,214.49269104003906
1238,2022-12-01,214.49269104003906
1239,2022-12-02,215.1450958251953
1240,2022-12-05,211.21104431152344
1241,2022-12-06,206.6642303466797
1242,2022-12-07,205.4088897705078
1243,2022-12-08,206.68397521972656
1244,2022-12-09,206.28857421875
1245,2022-12-12,212.11053466796875
1246,2022-12-13,210.5784454345703
1247,2022-12-14,210.855224609375
1248,2022-12-15,205.50775146484375
1249,2022-12-16,204.49951171875
1250,2022-12-19,202.4534454345703
1251,2022-12-20,202.98719787597656
1252,2022-12-21,204.42044067382812
1253,2022-12-22,202.69064331054688
1254,2022-12-23,203.45176696777344
1255,2022-12-27,203.90643310546875
1256,2022-12-28,202.6214599609375
1257,2022-12-29,205.656005859375
1258,2022-12-30,205.35946655273438
1259,2023-01-03,204.9937286376953
1260,2023-01-04,210.1534423828125
1261,2023-01-05,208.67076110839844
1262,2023-01-06,215.23403930664062
1263,2023-01-09,216.07421875
1264,2023-01-10,218.53543090820312
1265,2023-01-11,219.53378295898438
1266,2023-01-12,221.0362091064453
1267,2023-01-13,220.48268127441406
1268,2023-01-17,220.42337036132812
1269,2023-01-18,216.92430114746094
1270,2023-01-19,217.86329650878906
1271,2023-01-20,221.7182159423828
1272,2023-01-23,221.5897216796875
1273,2023-01-24,221.30307006835938
1274,2023-01-25,222.30140686035156
1275,2023-01-26,222.11361694335938
1276,2023-01-27,228.765869140625
1277,2023-01-30,226.452880859375
1278,2023-01-31,227.55007934570312
1279,2023-02-01,228.2321014404297
1280,2023-02-02,226.90757751464844
1281,2023-02-03,227.4710235595703
1282,2023-02-06,226.78895568847656
1283,2023-02-07,228.64723205566406
1284,2023-02-08,227.54017639160156
1285,2023-02-09,227.14404296875
1286,2023-02-10,225.01467895507812
1287,2023-02-13,226.67855834960938
1288,2023-02-14,227.1836395263672
1289,2023-02-15,226.71815490722656
1290,2023-02-16,223.65786743164062
1291,2023-02-17,221.4097137451172
1292,2023-02-21,218.49798583984375
1293,2023-02-22,217.9037628173828
1294,2023-02-23,219.00308227539062
1295,2023-02-24,217.4382781982422
1296,2023-02-27,218.23057556152344
1297,2023-02-28,217.82452392578125
1298,2023-03-01,216.2597198486328
1299,2023-03-02,216.9530029296875
1300,2023-03-03,221.61769104003906
1301,2023-03-06,224.56903076171875
1302,2023-03-07,221.0234375
1303,2023-03-08,220.05288696289062
1304,2023-03-09,217.89385986328125
1305,2023-03-10,214.06106567382812
1306,2023-03-13,212.4071502685547
1307,2023-03-14,216.55685424804688
1308,2023-03-15,214.2888641357422
1309,2023-03-16,215.35845947265625
1310,2023-03-17,215.29905700683594
1311,2023-03-20,216.05174255371094
1312,2023-03-21,219.815185546875
1313,2023-03-22,217.92355346679688
1314,2023-03-23,220.4490203857422
1315,2023-03-24,218.9139404296875
1316,2023-03-27,219.67652893066406
1317,2023-03-28,218.21078491210938
1318,2023-03-29,221.1522216796875
1319,2023-03-30,220.22125244140625
1320,2023-03-31,223.29144287109375
1321,2023-04-03,226.79737854003906
1322,2023-04-04,225.4702911376953
1323,2023-04-05,225.97537231445312
1324,2023-04-06,223.81634521484375
1325,2023-04-10,224.25209045410156
1326,2023-04-11,226.25265502929688
1327,2023-04-12,225.6188507080078
1328,2023-04-13,230.45188903808594
1329,2023-04-14,231.76910400390625
1330,2023-04-17,231.2342987060547
1331,2023-04-18,231.35313415527344
1332,2023-04-19,230.33306884765625
1333,2023-04-20,232.34353637695312
1334,2023-04-21,231.79881286621094
1335,2023-04-24,230.521240234375
1336,2023-04-25,227.38169860839844
1337,2023-04-26,225.95556640625
1338,2023-04-27,226.80728149414062
1339,2023-04-28,230.4915008544922
1340,2023-05-01,230.27362060546875
1341,2023-05-02,224.79681396484375
1342,2023-05-03,223.80642700195312
1343,2023-05-04,223.4300994873047
1344,2023-05-05,229.55064392089844
1345,2023-05-08,229.99630737304688
1346,2023-05-09,231.0164031982422
1347,2023-05-10,229.04554748535156
1348,2023-05-11,229.23406982421875
1349,2023-05-12,229.60125732421875
1350,2023-05-15,231.020263671875
1351,2023-05-16,228.6982421875
1352,2023-05-17,230.86148071289062
1353,2023-05-18,231.80418395996094
1354,2023-05-19,231.5164031982422
1355,2023-05-22,229.50201416015625
1356,2023-05-23,222.85353088378906
1357,2023-05-24,220.5414581298828
1358,2023-05-25,221.66275024414062
1359,2023-05-26,223.28021240234375
1360,2023-05-30,219.93612670898438
1361,2023-05-31,219.33082580566406
1362,2023-06-01,224.75875854492188
1363,2023-06-02,227.03115844726562
1364,2023-06-05,225.02670288085938
1365,2023-06-06,226.46554565429688
1366,2023-06-07,223.53822326660156
1367,2023-06-08,221.33529663085938
1368,2023-06-09,221.84136962890625
1369,2023-06-12,224.43130493164062
1370,2023-06-13,221.68258666992188
1371,2023-06-14,221.7222900390625
1372,2023-06-15,224.43130493164062
1373,2023-06-16,227.15023803710938
1374,2023-06-20,224.72898864746094
1375,2023-06-21,225.5030059814453
1376,2023-06-22,226.63424682617188
1377,2023-06-23,227.7853240966797
1378,2023-06-26,224.56031799316406
1379,2023-06-27,225.59231567382812
1380,2023-06-28,226.20755004882812
1381,2023-06-29,232.51864624023438
1382,2023-06-30,235.65435791015625
1383,2023-07-03,236.1405792236328
1384,2023-07-05,237.60922241210938
1385,2023-07-06,237.04359436035156
1386,2023-07-07,234.6322784423828
1387,2023-07-10,236.32913208007812
1388,2023-07-11,238.70077514648438
1389,2023-07-12,240.34800720214844
1390,2023-07-13,241.4395294189453
1391,2023-07-14,241.29067993164062
1392,2023-07-17,242.11431884765625
1393,2023-07-18,238.91908264160156
1394,2023-07-19,239.5640411376953
1395,2023-07-20,237.77789306640625
1396,2023-07-21,237.41075134277344
1397,2023-07-24,238.88929748535156
1398,2023-07-25,236.85504150390625
1399,2023-07-26,235.2772979736328
1400,2023-07-27,232.6377410888672
1401,2023-07-28,233.9376678466797
1402,2023-07-31,235.90243530273438
1403,2023-08-01,237.93667602539062
1404,2023-08-02,235.73373413085938
1405,2023-08-03,236.9245147705078
1406,2023-08-04,237.1527557373047
1407,2023-08-07,239.6533660888672
1408,2023-08-08,237.450439453125
1409,2023-08-09,237.9168243408203
1410,2023-08-10,238.7618865966797
1411,2023-08-11,238.642578125
1412,2023-08-14,241.48593139648438
1413,2023-08-15,238.43380737304688
1414,2023-08-16,237.89694213867188
1415,2023-08-17,235.9881134033203
1416,2023-08-18,236.78346252441406
1417,2023-08-21,238.06594848632812
1418,2023-08-22,239.16949462890625
1419,2023-08-23,240.88941955566406
1420,2023-08-24,238.07589721679688
1421,2023-08-25,241.15786743164062
1422,2023-08-28,242.41050720214844
1423,2023-08-29,243.91172790527344
1424,2023-08-30,244.79653930664062
1425,2023-08-31,244.249755859375
1426,2023-09-01,246.66558837890625
1427,2023-09-05,243.91172790527344
1428,2023-09-06,244.72695922851562
1429,2023-09-07,245.7012481689453
1430,2023-09-08,245.85035705566406
1431,2023-09-11,245.78079223632812
1432,2023-09-12,245.86032104492188
1433,2023-09-13,246.38723754882812
1434,2023-09-14,240.09408569335938
1435,2023-09-15,239.66659545898438
1436,2023-09-18,243.23568725585938
1437,2023-09-19,242.14208984375
1438,2023-09-20,240.4519805908203
1439,2023-09-21,235.23255920410156
1440,2023-09-22,233.7114715576172
1441,2023-09-25,232.00146484375
1442,2023-09-26,228.3130645751953
1443,2023-09-27,228.1639404296875
1444,2023-09-28,230.31137084960938
1445,2023-09-29,228.67095947265625
1446,2023-10-02,229.9236297607422
1447,2023-10-03,227.47796630859375
1448,2023-10-04,229.87393188476562
1449,2023-10-05,232.1207733154297
1450,2023-10-06,233.6716766357422
1451,2023-10-09,233.0751953125
1452,2023-10-10,235.2226104736328
1453,2023-10-11,234.30796813964844
1454,2023-10-12,235.40155029296875
1455,2023-10-13,236.28639221191406
1456,2023-10-16,238.67242431640625
1457,2023-10-17,239.7958221435547
1458,2023-10-18,236.08753967285156
1459,2023-10-19,232.4488525390625
1460,2023-10-20,232.0213623046875
1461,2023-10-23,230.18212890625
1462,2023-10-24,233.28396606445312
1463,2023-10-25,235.47116088867188
1464,2023-10-26,229.93357849121094
1465,2023-10-27,227.93528747558594
1466,2023-10-30,231.7230987548828
1467,2023-10-31,233.73133850097656
1468,2023-11-01,237.1910858154297
1469,2023-11-02,241.83389282226562
1470,2023-11-03,242.18186950683594
1471,2023-11-06,242.07249450683594
1472,2023-11-07,243.34506225585938
1473,2023-11-08,243.00631713867188
1474,2023-11-09,240.74472045898438
1475,2023-11-10,244.34133911132812
1476,2023-11-13,243.76348876953125
1477,2023-11-14,246.0250701904297
1478,2023-11-15,247.19073486328125
1479,2023-11-16,247.6490478515625
1480,2023-11-17,248.6353759765625
1481,2023-11-20,249.04385375976562
1482,2023-11-21,251.29547119140625
1483,2023-11-22,252.7799530029297
1484,2023-11-24,253.35780334472656
1485,2023-11-27,253.19839477539062
1486,2023-11-28,252.00283813476562
1487,2023-11-29,253.28807067871094
1488,2023-11-30,255.72900390625
1489,2023-12-01,255.49984741210938
1490,2023-12-04,253.49728393554688
1491,2023-12-05,253.6666717529297
1492,2023-12-06,253.34783935546875
1493,2023-12-07,254.87217712402344
1494,2023-12-08,254.79248046875
1495,2023-12-11,255.56956481933594
1496,2023-12-12,258.59832763671875
1497,2023-12-13,261.4078674316406
1498,2023-12-14,257.77142333984375
1499,2023-12-15,257.073974609375
1500,2023-12-18,257.4127197265625
1501,2023-12-19,259.0267333984375
1502,2023-12-20,256.1573791503906
1503,2023-12-21,258.5783996582031
1504,2023-12-22,257.4725036621094
1505,2023-12-26,258.1997985839844
1506,2023-12-27,257.97064208984375
1507,2023-12-28,259.4352111816406
1508,2023-12-29,259.3854064941406
1509,2024-01-02,257.9108581542969
1510,2024-01-03,257.024169921875
1511,2024-01-04,258.64813232421875
1512,2024-01-05,258.72784423828125
1513,2024-01-08,261.5672912597656
1514,2024-01-09,262.3543395996094
1515,2024-01-10,263.5798034667969
1516,2024-01-11,263.0517578125
1517,2024-01-12,263.1912536621094
1518,2024-01-16,264.25726318359375
1519,2024-01-17,265.64215087890625
1520,2024-01-18,267.14654541015625
1521,2024-01-19,269.89630126953125
1522,2024-01-22,270.1951904296875
1523,2024-01-23,270.2549743652344
1524,2024-01-24,270.6435241699219
1525,2024-01-25,271.5999450683594
1526,2024-01-26,266.947265625
1527,2024-01-29,272.6460876464844
1528,2024-01-30,276.1231384277344
1529,2024-01-31,272.24755859375
1530,2024-02-01,276.02349853515625
1531,2024-02-02,276.15301513671875
1532,2024-02-05,274.5589599609375
1533,2024-02-06,275.734619140625
1534,2024-02-07,278.3548583984375
1535,2024-02-08,275.27056884765625
1536,2024-02-09,275.9193420410156
1537,2024-02-12,274.5618896484375
1538,2024-02-13,275.3005065917969
1539,2024-02-14,277.0472717285156
1540,2024-02-15,280.4609680175781
1541,2024-02-16,278.04541015625
1542,2024-02-20,274.6417236328125
1543,2024-02-21,276.2487487792969
1544,2024-02-22,283.225830078125
1545,2024-02-23,283.07611083984375
1546,2024-02-26,283.6250915527344
1547,2024-02-27,282.64691162109375
1548,2024-02-28,285.10235595703125
1549,2024-02-29,282.1178894042969
1550,2024-03-01,282.6369323730469
1551,2024-03-04,280.01177978515625
1552,2024-03-05,278.8639221191406
1553,2024-03-06,279.9119567871094
1554,2024-03-07,277.7460021972656
1555,2024-03-08,279.522705078125
1556,2024-03-11,280.0417175292969
1557,2024-03-12,283.3955383300781
1558,2024-03-13,284.61328125
1559,2024-03-14,285.88092041015625
1560,2024-03-15,282.51715087890625
1561,2024-03-18,284.5234375
1562,2024-03-19,286.8191833496094
1563,2024-03-20,288.7456359863281
1564,2024-03-21,289.8336181640625
1565,2024-03-22,282.73675537109375
1566,2024-03-25,280.6905212402344
1567,2024-03-26,280.0816650390625
1568,2024-03-27,278.50457763671875
1569,2024-03-28,278.564453125
1570,2024-04-01,277.76593017578125
1571,2024-04-02,277.9256591796875
1572,2024-04-03,276.4483642578125
1573,2024-04-04,273.49383544921875
1574,2024-04-05,276.6280517578125
1575,2024-04-08,277.2469177246094
1576,2024-04-09,276.2088317871094
1577,2024-04-10,273.97296142578125
1578,2024-04-11,275.1707458496094
1579,2024-04-12,275.4502258300781
1580,2024-04-15,270.77886962890625
1581,2024-04-16,270.8487548828125
1582,2024-04-17,272.186279296875
1583,2024-04-18,270.86871337890625
1584,2024-04-19,269.2816467285156
1585,2024-04-22,271.8269348144531
1586,2024-04-23,273.6036376953125
1587,2024-04-24,274.511962890625
1588,2024-04-25,274.6517028808594
1589,2024-04-26,274.01287841796875
1590,2024-04-29,271.33782958984375
1591,2024-04-30,268.1138000488281
1592,2024-05-01,266.8262023925781
1593,2024-05-02,267.1156311035156
1594,2024-05-03,267.9940185546875
1595,2024-05-06,272.16632080078125
1596,2024-05-07,275.9493103027344
1597,2024-05-08,276.6779479980469
1598,2024-05-09,278.0254821777344
1599,2024-05-10,280.22137451171875
1600,2024-05-13,278.8739013671875
1601,2024-05-14,277.2269287109375
1602,2024-05-15,280.97998046875
1603,2024-05-16,279.8399963378906
1604,2024-05-17,280.1000061035156
1605,2024-05-20,278.5400085449219
1606,2024-05-21,275.95001220703125
1607,2024-05-22,275.5799865722656
1608,2024-05-23,274.2300109863281
1609,2024-05-24,274.489990234375
1610,2024-05-28,270.9800109863281
1611,2024-05-29,268.8599853515625
1612,2024-05-30,271.29998779296875
1613,2024-05-31,272.4599914550781
1614,2024-06-03,270.3800048828125
1615,2024-06-04,272.4200134277344
1616,2024-06-05,274.5
1617,2024-06-06,277.0400085449219
1618,2024-06-07,278.6700134277344
1619,2024-06-10,275.0400085449219
1620,2024-06-11,274.6700134277344
1621,2024-06-12,270.32000732421875
1622,2024-06-13,271.19000244140625
1623,2024-06-14,270.6600036621094
1624,2024-06-17,271.1700134277344
1625,2024-06-18,273.6199951171875
1626,2024-06-20,276.82000732421875
1627,2024-06-21,275.2200012207031
1628,2024-06-24,276.29998779296875
1629,2024-06-25,273.5299987792969
1630,2024-06-26,273.6000061035156
1631,2024-06-27,266.5899963378906
1632,2024-06-28,262.4700012207031
1633,2024-07-01,263.239990234375
1634,2024-07-02,268.2300109863281
1635,2024-07-03,268.989990234375
